age,job,marital,education,default,housing,loan,contact,day,month,duration,campaign,pdays,previous,poutcome,Target2,balance2,,steps 
59,admin.,married,secondary,no,yes,no,unknown,5,may,1042,1,-1,0,unknown,1,positive,,taken equal values of both variables 
56,admin.,married,secondary,no,no,no,unknown,5,may,1467,1,-1,0,unknown,1,positive,,categorised them balance as positive negative 
41,technician,married,secondary,no,yes,no,unknown,5,may,1389,1,-1,0,unknown,1,positive,,
55,services,married,secondary,no,yes,no,unknown,5,may,579,1,-1,0,unknown,1,positive,,
54,admin.,married,tertiary,no,no,no,unknown,5,may,673,2,-1,0,unknown,1,positive,,
42,management,single,tertiary,no,yes,yes,unknown,5,may,562,2,-1,0,unknown,1,negative,,
56,management,married,tertiary,no,yes,yes,unknown,6,may,1201,1,-1,0,unknown,1,positive,,
60,retired,divorced,secondary,no,yes,no,unknown,6,may,1030,1,-1,0,unknown,1,positive,,
39,technician,single,unknown,no,yes,no,unknown,6,may,1623,1,-1,0,unknown,1,positive,,
37,technician,married,secondary,no,yes,no,unknown,6,may,608,1,-1,0,unknown,1,positive,,
34,admin.,married,secondary,no,no,no,unknown,6,may,1677,1,-1,0,unknown,1,positive,,
55,unemployed,divorced,secondary,no,yes,no,unknown,6,may,918,1,-1,0,unknown,1,positive,,
28,services,single,secondary,no,yes,no,unknown,6,may,1297,3,-1,0,unknown,1,positive,,
30,technician,married,secondary,no,yes,no,unknown,6,may,703,1,-1,0,unknown,1,positive,,
36,technician,married,secondary,no,yes,yes,unknown,6,may,1597,2,-1,0,unknown,1,positive,,
37,admin.,single,secondary,no,yes,yes,unknown,7,may,732,2,-1,0,unknown,1,positive,,
45,blue-collar,married,secondary,no,yes,no,unknown,7,may,1138,1,-1,0,unknown,1,positive,,
53,services,divorced,primary,no,yes,yes,unknown,7,may,591,1,-1,0,unknown,1,negative,,
38,admin.,single,secondary,no,yes,no,unknown,7,may,786,1,-1,0,unknown,1,positive,,
30,blue-collar,married,secondary,no,yes,no,unknown,7,may,1574,2,-1,0,unknown,1,positive,,
29,management,married,tertiary,no,yes,yes,unknown,7,may,1689,4,-1,0,unknown,1,positive,,
46,blue-collar,single,tertiary,no,yes,no,unknown,7,may,1102,2,-1,0,unknown,1,positive,,
31,technician,single,tertiary,no,yes,no,unknown,8,may,943,2,-1,0,unknown,1,positive,,
39,blue-collar,married,primary,no,no,no,unknown,8,may,813,1,-1,0,unknown,1,positive,,
35,management,divorced,tertiary,no,yes,no,unknown,8,may,1084,1,-1,0,unknown,1,positive,,
32,blue-collar,single,primary,no,yes,no,unknown,8,may,541,3,-1,0,unknown,1,positive,,
49,services,married,secondary,no,yes,no,unknown,8,may,1119,1,-1,0,unknown,1,negative,,
41,admin.,married,secondary,no,yes,no,unknown,8,may,1120,2,-1,0,unknown,1,positive,,
49,admin.,divorced,secondary,no,yes,yes,unknown,8,may,513,1,-1,0,unknown,1,positive,,
28,admin.,divorced,secondary,no,yes,no,unknown,8,may,442,2,-1,0,unknown,1,positive,,
43,management,single,tertiary,no,yes,no,unknown,8,may,756,1,-1,0,unknown,1,positive,,
43,management,divorced,tertiary,no,yes,no,unknown,8,may,2087,2,-1,0,unknown,1,positive,,
43,blue-collar,married,primary,no,yes,no,unknown,8,may,1120,2,-1,0,unknown,1,negative,,
37,unemployed,single,secondary,no,yes,no,unknown,8,may,985,2,-1,0,unknown,1,positive,,
35,blue-collar,single,secondary,no,yes,no,unknown,9,may,617,4,-1,0,unknown,1,positive,,
31,technician,single,tertiary,no,yes,no,unknown,9,may,483,3,-1,0,unknown,1,positive,,
46,technician,married,secondary,no,yes,no,unknown,9,may,772,1,-1,0,unknown,1,positive,,
43,blue-collar,single,secondary,no,yes,no,unknown,9,may,929,3,-1,0,unknown,1,positive,,
31,admin.,married,secondary,no,yes,no,unknown,9,may,538,1,-1,0,unknown,1,positive,,
28,blue-collar,single,secondary,no,yes,no,unknown,9,may,710,1,-1,0,unknown,1,positive,,
32,blue-collar,married,secondary,yes,yes,no,unknown,9,may,653,1,-1,0,unknown,1,negative,,
60,technician,married,primary,no,yes,no,unknown,9,may,1028,2,-1,0,unknown,1,positive,,
26,blue-collar,single,secondary,no,yes,no,unknown,9,may,654,1,-1,0,unknown,1,positive,,
40,blue-collar,married,secondary,no,yes,no,unknown,9,may,1692,2,-1,0,unknown,1,positive,,
28,blue-collar,single,secondary,no,yes,no,unknown,9,may,2016,2,-1,0,unknown,1,negative,,
33,blue-collar,divorced,primary,no,yes,no,unknown,9,may,665,2,-1,0,unknown,1,positive,,
45,blue-collar,married,primary,no,yes,no,unknown,12,may,460,5,-1,0,unknown,1,positive,,
32,management,single,tertiary,no,no,no,unknown,12,may,757,2,-1,0,unknown,1,positive,,
35,blue-collar,married,primary,no,no,no,unknown,13,may,504,4,-1,0,unknown,1,positive,,
33,management,divorced,secondary,no,yes,no,unknown,13,may,1346,1,-1,0,unknown,1,positive,,
38,management,married,tertiary,no,yes,no,unknown,13,may,568,4,-1,0,unknown,1,positive,,
24,services,single,secondary,yes,yes,no,unknown,13,may,1000,1,-1,0,unknown,1,negative,,
54,retired,divorced,tertiary,no,no,no,unknown,13,may,618,1,-1,0,unknown,1,negative,,
34,blue-collar,divorced,secondary,no,yes,no,unknown,13,may,2231,1,-1,0,unknown,1,positive,,
23,entrepreneur,single,primary,no,yes,no,unknown,13,may,395,2,-1,0,unknown,1,positive,,
60,blue-collar,married,primary,no,yes,yes,unknown,13,may,1015,1,-1,0,unknown,1,positive,,
48,management,married,tertiary,no,yes,no,unknown,13,may,683,2,-1,0,unknown,1,positive,,
45,entrepreneur,divorced,tertiary,no,yes,no,unknown,13,may,470,1,-1,0,unknown,1,negative,,
36,blue-collar,married,secondary,no,yes,no,unknown,13,may,1001,4,-1,0,unknown,1,positive,,
52,management,married,unknown,no,yes,no,unknown,13,may,845,1,-1,0,unknown,1,positive,,
37,entrepreneur,divorced,secondary,no,yes,yes,unknown,13,may,753,6,-1,0,unknown,1,positive,,
46,blue-collar,married,primary,no,yes,no,unknown,13,may,916,2,-1,0,unknown,1,positive,,
35,blue-collar,divorced,primary,no,yes,no,unknown,13,may,945,2,-1,0,unknown,1,positive,,
43,technician,married,secondary,no,yes,no,unknown,13,may,1721,2,-1,0,unknown,1,positive,,
52,housemaid,married,secondary,no,yes,no,unknown,14,may,942,3,-1,0,unknown,1,positive,,
53,technician,divorced,primary,no,yes,no,unknown,14,may,476,1,-1,0,unknown,1,positive,,
48,blue-collar,divorced,primary,no,yes,no,unknown,14,may,832,1,-1,0,unknown,1,positive,,
41,blue-collar,single,primary,no,yes,no,unknown,14,may,1553,1,-1,0,unknown,1,positive,,
39,management,divorced,tertiary,no,yes,yes,unknown,14,may,1328,1,-1,0,unknown,1,positive,,
59,retired,married,secondary,no,yes,yes,unknown,14,may,1125,2,-1,0,unknown,1,positive,,
41,blue-collar,married,secondary,no,yes,no,unknown,14,may,858,1,-1,0,unknown,1,positive,,
48,blue-collar,married,secondary,no,yes,no,unknown,14,may,629,2,-1,0,unknown,1,positive,,
40,admin.,married,secondary,no,yes,no,unknown,14,may,704,1,-1,0,unknown,1,positive,,
48,blue-collar,married,secondary,no,yes,no,unknown,14,may,760,1,-1,0,unknown,1,positive,,
60,retired,married,primary,no,yes,no,unknown,14,may,930,1,-1,0,unknown,1,positive,,
40,technician,single,unknown,no,yes,no,unknown,14,may,1028,2,-1,0,unknown,1,positive,,
57,technician,married,tertiary,no,no,no,unknown,14,may,850,2,-1,0,unknown,1,negative,,
51,blue-collar,married,secondary,no,yes,no,unknown,14,may,927,1,-1,0,unknown,1,positive,,
41,blue-collar,divorced,secondary,no,yes,no,unknown,14,may,1423,3,-1,0,unknown,1,positive,,
41,blue-collar,married,secondary,no,yes,no,unknown,15,may,1162,4,-1,0,unknown,1,positive,,
46,admin.,married,secondary,no,yes,yes,unknown,15,may,646,3,-1,0,unknown,1,positive,,
52,blue-collar,divorced,primary,no,yes,no,unknown,15,may,755,1,-1,0,unknown,1,negative,,
43,self-employed,single,unknown,no,no,no,unknown,15,may,746,1,-1,0,unknown,1,positive,,
59,blue-collar,married,primary,no,yes,no,unknown,15,may,695,1,-1,0,unknown,1,positive,,
44,blue-collar,married,unknown,no,yes,no,unknown,15,may,483,1,-1,0,unknown,1,positive,,
49,admin.,single,secondary,no,yes,no,unknown,15,may,1257,3,-1,0,unknown,1,positive,,
49,unknown,married,primary,no,yes,yes,unknown,15,may,520,2,-1,0,unknown,1,positive,,
50,entrepreneur,married,primary,no,yes,no,unknown,15,may,651,32,-1,0,unknown,1,positive,,
40,services,married,primary,no,yes,no,unknown,15,may,920,2,-1,0,unknown,1,negative,,
41,admin.,married,primary,no,yes,no,unknown,15,may,500,1,-1,0,unknown,1,negative,,
44,technician,married,tertiary,no,yes,no,unknown,15,may,911,2,-1,0,unknown,1,positive,,
60,services,single,primary,no,yes,no,unknown,15,may,920,2,-1,0,unknown,1,positive,,
29,management,married,tertiary,no,no,no,unknown,15,may,1224,2,-1,0,unknown,1,positive,,
41,retired,divorced,primary,no,yes,no,unknown,15,may,1156,2,-1,0,unknown,1,negative,,
41,blue-collar,married,primary,no,yes,no,unknown,15,may,1052,1,-1,0,unknown,1,positive,,
42,technician,single,secondary,no,yes,no,unknown,15,may,1867,6,-1,0,unknown,1,positive,,
46,blue-collar,married,secondary,no,yes,no,unknown,15,may,1263,2,-1,0,unknown,1,positive,,
32,services,single,secondary,no,yes,no,unknown,15,may,697,3,-1,0,unknown,1,positive,,
36,services,single,unknown,no,yes,no,unknown,16,may,515,1,-1,0,unknown,1,positive,,
39,technician,married,tertiary,no,yes,yes,unknown,16,may,813,1,-1,0,unknown,1,positive,,
33,management,married,tertiary,no,yes,no,unknown,16,may,803,1,-1,0,unknown,1,positive,,
42,admin.,divorced,secondary,no,yes,no,unknown,16,may,844,1,-1,0,unknown,1,positive,,
31,self-employed,single,tertiary,no,yes,no,unknown,16,may,676,1,-1,0,unknown,1,positive,,
40,services,married,secondary,no,yes,no,unknown,16,may,1252,1,-1,0,unknown,1,positive,,
26,blue-collar,married,secondary,no,yes,no,unknown,16,may,1143,3,-1,0,unknown,1,positive,,
45,blue-collar,married,primary,no,yes,no,unknown,16,may,528,1,-1,0,unknown,1,positive,,
31,blue-collar,married,secondary,no,yes,no,unknown,16,may,688,1,-1,0,unknown,1,positive,,
29,admin.,single,secondary,no,yes,yes,unknown,16,may,803,1,-1,0,unknown,1,positive,,
27,technician,single,secondary,no,yes,no,unknown,16,may,787,1,-1,0,unknown,1,positive,,
37,services,divorced,secondary,no,yes,no,unknown,16,may,619,2,-1,0,unknown,1,positive,,
40,blue-collar,married,primary,no,yes,no,unknown,16,may,1230,3,-1,0,unknown,1,positive,,
33,blue-collar,single,secondary,no,yes,no,unknown,16,may,767,2,-1,0,unknown,1,negative,,
24,technician,single,secondary,no,yes,no,unknown,16,may,912,1,-1,0,unknown,1,positive,,
24,blue-collar,married,primary,no,yes,no,unknown,16,may,894,1,-1,0,unknown,1,positive,,
50,admin.,divorced,secondary,no,yes,no,unknown,16,may,1340,1,-1,0,unknown,1,positive,,
27,technician,single,tertiary,no,yes,no,unknown,16,may,897,1,-1,0,unknown,1,positive,,
54,management,single,tertiary,no,yes,no,unknown,16,may,1297,3,-1,0,unknown,1,positive,,
30,technician,single,secondary,no,yes,no,unknown,16,may,1193,5,-1,0,unknown,1,positive,,
34,blue-collar,married,primary,no,yes,yes,unknown,16,may,1064,4,-1,0,unknown,1,positive,,
37,management,single,secondary,no,yes,no,unknown,16,may,1187,4,-1,0,unknown,1,positive,,
41,admin.,single,secondary,no,yes,no,unknown,19,may,882,1,-1,0,unknown,1,positive,,
47,blue-collar,married,secondary,no,yes,no,unknown,19,may,943,2,-1,0,unknown,1,positive,,
31,admin.,married,secondary,no,yes,no,unknown,19,may,607,1,-1,0,unknown,1,positive,,
31,blue-collar,married,secondary,no,yes,no,unknown,19,may,1022,4,-1,0,unknown,1,positive,,
43,services,divorced,secondary,no,yes,no,unknown,19,may,552,3,-1,0,unknown,1,positive,,
37,management,divorced,tertiary,no,yes,no,unknown,19,may,1622,2,-1,0,unknown,1,positive,,
30,technician,single,tertiary,no,yes,yes,unknown,19,may,967,6,-1,0,unknown,1,positive,,
41,technician,married,secondary,no,yes,no,unknown,19,may,579,5,-1,0,unknown,1,positive,,
30,technician,single,tertiary,no,yes,no,unknown,19,may,1218,3,-1,0,unknown,1,positive,,
36,blue-collar,married,secondary,no,yes,no,unknown,20,may,446,1,-1,0,unknown,1,positive,,
35,blue-collar,divorced,secondary,no,yes,no,unknown,20,may,1205,1,-1,0,unknown,1,negative,,
29,services,single,secondary,no,yes,no,unknown,20,may,1882,2,-1,0,unknown,1,positive,,
35,blue-collar,married,primary,no,yes,no,unknown,20,may,1334,1,-1,0,unknown,1,positive,,
31,blue-collar,married,secondary,no,yes,no,unknown,20,may,182,2,-1,0,unknown,1,positive,,
35,services,married,secondary,no,yes,no,unknown,20,may,1777,1,-1,0,unknown,1,positive,,
34,technician,single,secondary,no,yes,no,unknown,20,may,1182,4,-1,0,unknown,1,positive,,
31,admin.,single,secondary,no,yes,yes,unknown,20,may,1045,1,-1,0,unknown,1,positive,,
44,technician,divorced,secondary,no,yes,no,unknown,20,may,650,3,-1,0,unknown,1,positive,,
36,blue-collar,married,primary,no,yes,yes,unknown,20,may,1063,2,-1,0,unknown,1,positive,,
39,technician,single,secondary,no,yes,no,unknown,20,may,1410,2,-1,0,unknown,1,positive,,
35,blue-collar,married,unknown,no,yes,no,unknown,20,may,843,2,-1,0,unknown,1,positive,,
41,blue-collar,married,primary,no,yes,no,unknown,20,may,1392,2,-1,0,unknown,1,positive,,
31,blue-collar,married,secondary,no,yes,no,unknown,20,may,719,1,-1,0,unknown,1,positive,,
31,blue-collar,single,primary,no,yes,no,unknown,21,may,565,1,-1,0,unknown,1,positive,,
34,blue-collar,married,secondary,no,yes,no,unknown,21,may,905,1,-1,0,unknown,1,positive,,
32,technician,married,secondary,no,yes,no,unknown,21,may,783,2,-1,0,unknown,1,positive,,
36,management,married,tertiary,no,yes,yes,unknown,21,may,958,2,-1,0,unknown,1,positive,,
30,blue-collar,single,secondary,yes,yes,no,unknown,21,may,412,1,-1,0,unknown,1,positive,,
37,technician,single,secondary,no,yes,no,unknown,21,may,795,1,-1,0,unknown,1,positive,,
54,management,divorced,tertiary,no,yes,no,unknown,21,may,828,4,-1,0,unknown,1,positive,,
36,blue-collar,married,primary,no,yes,no,unknown,21,may,649,2,-1,0,unknown,1,positive,,
31,management,single,tertiary,no,yes,no,unknown,21,may,506,2,-1,0,unknown,1,positive,,
27,technician,married,secondary,no,yes,yes,unknown,21,may,857,1,-1,0,unknown,1,positive,,
34,retired,married,primary,no,no,no,unknown,21,may,1681,1,-1,0,unknown,1,positive,,
32,services,single,secondary,no,yes,no,unknown,21,may,681,3,-1,0,unknown,1,negative,,
30,technician,single,tertiary,no,yes,no,unknown,21,may,1697,2,-1,0,unknown,1,positive,,
32,technician,single,tertiary,no,yes,no,unknown,21,may,860,2,-1,0,unknown,1,positive,,
37,technician,single,secondary,no,yes,no,unknown,21,may,799,1,-1,0,unknown,1,positive,,
38,blue-collar,married,secondary,no,yes,no,unknown,21,may,611,2,-1,0,unknown,1,positive,,
32,blue-collar,married,secondary,no,yes,no,unknown,21,may,923,3,-1,0,unknown,1,positive,,
33,blue-collar,married,secondary,no,yes,no,unknown,21,may,521,3,-1,0,unknown,1,negative,,
35,blue-collar,married,primary,no,yes,no,unknown,23,may,1349,8,-1,0,unknown,1,positive,,
35,self-employed,divorced,tertiary,no,yes,no,unknown,23,may,736,2,-1,0,unknown,1,positive,,
30,blue-collar,single,secondary,no,yes,no,unknown,23,may,785,1,-1,0,unknown,1,positive,,
30,blue-collar,married,secondary,no,yes,yes,unknown,23,may,1073,1,-1,0,unknown,1,positive,,
34,blue-collar,married,secondary,no,yes,no,unknown,23,may,924,1,-1,0,unknown,1,positive,,
45,blue-collar,divorced,primary,no,yes,no,unknown,23,may,1030,1,-1,0,unknown,1,negative,,
45,admin.,married,secondary,no,yes,no,unknown,23,may,893,3,-1,0,unknown,1,positive,,
33,blue-collar,married,secondary,no,yes,no,unknown,23,may,588,3,-1,0,unknown,1,positive,,
33,blue-collar,divorced,secondary,no,yes,no,unknown,23,may,777,2,-1,0,unknown,1,positive,,
44,management,divorced,tertiary,no,no,no,unknown,23,may,597,6,-1,0,unknown,1,positive,,
40,blue-collar,married,primary,no,yes,no,unknown,23,may,1015,3,-1,0,unknown,1,positive,,
31,blue-collar,married,secondary,no,yes,no,unknown,23,may,1392,2,-1,0,unknown,1,positive,,
30,technician,married,tertiary,no,yes,no,unknown,26,may,414,2,-1,0,unknown,1,positive,,
44,technician,divorced,secondary,no,yes,no,unknown,26,may,788,11,-1,0,unknown,1,positive,,
34,services,married,secondary,no,yes,no,unknown,26,may,682,1,-1,0,unknown,1,negative,,
31,admin.,single,secondary,no,yes,no,unknown,26,may,543,2,-1,0,unknown,1,positive,,
45,blue-collar,married,secondary,no,yes,no,unknown,26,may,745,4,-1,0,unknown,1,positive,,
37,blue-collar,married,secondary,no,no,no,unknown,26,may,679,2,-1,0,unknown,1,positive,,
28,self-employed,single,tertiary,no,yes,no,unknown,26,may,1560,2,-1,0,unknown,1,negative,,
32,admin.,single,secondary,no,yes,no,unknown,26,may,1234,3,-1,0,unknown,1,positive,,
37,blue-collar,divorced,secondary,no,yes,no,unknown,26,may,642,2,-1,0,unknown,1,positive,,
34,management,married,tertiary,no,yes,no,unknown,26,may,895,4,-1,0,unknown,1,positive,,
38,admin.,divorced,secondary,no,yes,no,unknown,26,may,431,2,-1,0,unknown,1,positive,,
28,admin.,single,secondary,no,yes,no,unknown,26,may,741,6,-1,0,unknown,1,positive,,
31,management,divorced,tertiary,no,yes,no,unknown,26,may,1272,4,-1,0,unknown,1,positive,,
30,services,married,secondary,no,yes,no,unknown,26,may,1446,7,-1,0,unknown,1,positive,,
30,admin.,married,secondary,no,yes,yes,unknown,26,may,414,2,-1,0,unknown,1,positive,,
59,services,married,secondary,no,yes,no,unknown,26,may,748,3,-1,0,unknown,1,negative,,
24,blue-collar,married,secondary,no,yes,no,unknown,26,may,896,3,-1,0,unknown,1,positive,,
26,services,single,secondary,no,yes,no,unknown,26,may,764,2,-1,0,unknown,1,positive,,
59,retired,single,secondary,no,yes,no,unknown,27,may,1063,5,-1,0,unknown,1,positive,,
53,technician,married,secondary,no,yes,no,unknown,27,may,1205,1,-1,0,unknown,1,negative,,
30,entrepreneur,single,primary,no,yes,yes,unknown,27,may,1051,1,-1,0,unknown,1,negative,,
28,management,single,tertiary,no,yes,no,unknown,27,may,740,1,-1,0,unknown,1,positive,,
37,admin.,married,secondary,no,yes,no,unknown,27,may,731,3,-1,0,unknown,1,positive,,
24,self-employed,single,tertiary,no,yes,no,unknown,27,may,935,1,-1,0,unknown,1,positive,,
30,admin.,single,secondary,no,yes,yes,unknown,27,may,751,1,-1,0,unknown,1,negative,,
25,blue-collar,married,secondary,no,yes,no,unknown,27,may,709,1,-1,0,unknown,1,positive,,
44,services,divorced,secondary,no,yes,yes,unknown,27,may,3094,2,-1,0,unknown,1,positive,,
29,management,married,tertiary,no,no,no,unknown,28,may,938,2,-1,0,unknown,1,positive,,
26,management,single,tertiary,no,yes,no,unknown,28,may,1560,2,-1,0,unknown,1,positive,,
26,technician,single,secondary,no,yes,no,unknown,28,may,576,3,-1,0,unknown,1,positive,,
27,services,single,secondary,no,yes,no,unknown,28,may,543,2,-1,0,unknown,1,positive,,
25,self-employed,single,secondary,no,yes,no,unknown,28,may,615,2,-1,0,unknown,1,positive,,
28,management,married,secondary,no,yes,no,unknown,28,may,507,1,-1,0,unknown,1,positive,,
23,services,single,secondary,no,yes,no,unknown,28,may,1183,1,-1,0,unknown,1,positive,,
27,blue-collar,single,secondary,no,yes,yes,unknown,28,may,694,2,-1,0,unknown,1,positive,,
23,technician,single,tertiary,no,yes,no,unknown,28,may,806,1,-1,0,unknown,1,positive,,
46,technician,married,secondary,no,no,no,unknown,28,may,796,1,-1,0,unknown,1,positive,,
23,student,single,unknown,no,yes,no,unknown,28,may,664,2,-1,0,unknown,1,positive,,
57,retired,married,tertiary,no,yes,yes,unknown,28,may,648,1,-1,0,unknown,1,negative,,
34,management,single,tertiary,no,yes,no,unknown,28,may,864,2,-1,0,unknown,1,positive,,
28,student,single,secondary,no,yes,no,unknown,28,may,1730,1,-1,0,unknown,1,positive,,
51,entrepreneur,married,unknown,no,yes,no,unknown,28,may,560,9,-1,0,unknown,1,positive,,
35,blue-collar,married,secondary,no,yes,yes,unknown,29,may,543,1,-1,0,unknown,1,negative,,
35,admin.,married,secondary,no,yes,no,unknown,29,may,539,1,-1,0,unknown,1,positive,,
27,blue-collar,single,secondary,no,yes,no,unknown,29,may,733,1,-1,0,unknown,1,positive,,
56,blue-collar,married,secondary,no,yes,no,unknown,29,may,791,2,-1,0,unknown,1,positive,,
45,unemployed,divorced,secondary,no,yes,no,unknown,29,may,746,1,-1,0,unknown,1,positive,,
60,blue-collar,divorced,secondary,no,yes,no,unknown,29,may,1207,1,-1,0,unknown,1,negative,,
56,technician,married,secondary,no,yes,no,unknown,29,may,535,2,-1,0,unknown,1,positive,,
33,blue-collar,single,primary,no,yes,no,unknown,29,may,1059,2,-1,0,unknown,1,positive,,
27,management,single,tertiary,no,yes,no,unknown,29,may,789,3,-1,0,unknown,1,positive,,
30,admin.,married,secondary,no,yes,no,unknown,29,may,792,3,-1,0,unknown,1,positive,,
45,blue-collar,divorced,primary,no,yes,no,unknown,29,may,833,2,-1,0,unknown,1,positive,,
29,blue-collar,single,secondary,no,yes,no,unknown,29,may,814,2,-1,0,unknown,1,negative,,
38,management,divorced,tertiary,no,yes,no,unknown,29,may,1363,2,-1,0,unknown,1,positive,,
34,blue-collar,married,primary,no,yes,no,unknown,29,may,751,3,-1,0,unknown,1,positive,,
30,blue-collar,married,secondary,no,yes,no,unknown,29,may,1109,3,-1,0,unknown,1,positive,,
44,blue-collar,single,primary,no,yes,no,unknown,29,may,828,3,-1,0,unknown,1,positive,,
36,management,single,tertiary,no,yes,no,unknown,30,may,917,1,-1,0,unknown,1,positive,,
40,technician,single,secondary,no,yes,no,unknown,30,may,553,3,-1,0,unknown,1,positive,,
38,technician,married,secondary,no,yes,no,unknown,30,may,762,3,-1,0,unknown,1,positive,,
36,blue-collar,single,secondary,no,yes,yes,unknown,30,may,1133,2,-1,0,unknown,1,positive,,
37,management,divorced,secondary,no,yes,no,unknown,30,may,638,1,-1,0,unknown,1,positive,,
35,management,single,tertiary,no,yes,no,unknown,30,may,763,1,-1,0,unknown,1,positive,,
48,technician,married,secondary,yes,no,no,unknown,30,may,682,1,-1,0,unknown,1,negative,,
38,admin.,divorced,secondary,no,yes,no,unknown,30,may,604,2,-1,0,unknown,1,positive,,
40,services,married,primary,no,yes,no,unknown,30,may,854,2,-1,0,unknown,1,positive,,
42,unemployed,divorced,secondary,no,yes,no,unknown,30,may,855,2,-1,0,unknown,1,positive,,
46,management,divorced,tertiary,no,yes,no,unknown,30,may,1269,1,-1,0,unknown,1,positive,,
35,technician,divorced,secondary,no,yes,no,unknown,30,may,691,10,-1,0,unknown,1,positive,,
34,technician,divorced,secondary,no,yes,no,unknown,30,may,1097,15,-1,0,unknown,1,positive,,
29,self-employed,single,tertiary,no,yes,no,unknown,30,may,1500,2,-1,0,unknown,1,positive,,
32,services,married,secondary,no,yes,no,unknown,30,may,1236,2,-1,0,unknown,1,negative,,
50,unemployed,married,secondary,no,yes,no,unknown,30,may,886,3,-1,0,unknown,1,positive,,
35,blue-collar,married,secondary,no,yes,yes,unknown,30,may,1343,3,-1,0,unknown,1,positive,,
36,technician,single,secondary,no,yes,no,unknown,30,may,812,3,-1,0,unknown,1,positive,,
53,blue-collar,divorced,primary,no,yes,no,unknown,30,may,1980,2,-1,0,unknown,1,positive,,
32,technician,single,secondary,no,yes,no,unknown,30,may,722,3,-1,0,unknown,1,positive,,
46,management,single,tertiary,no,yes,no,unknown,30,may,984,2,-1,0,unknown,1,positive,,
26,management,single,tertiary,no,yes,no,unknown,30,may,228,2,-1,0,unknown,1,positive,,
45,technician,single,secondary,no,yes,no,unknown,30,may,891,4,-1,0,unknown,1,positive,,
31,unemployed,divorced,primary,no,yes,no,unknown,30,may,745,12,-1,0,unknown,1,negative,,
29,management,single,tertiary,no,yes,no,unknown,30,may,539,12,-1,0,unknown,1,negative,,
53,entrepreneur,single,secondary,no,yes,no,unknown,30,may,1044,5,-1,0,unknown,1,positive,,
27,blue-collar,married,primary,no,yes,no,unknown,30,may,1193,2,-1,0,unknown,1,positive,,
39,management,married,tertiary,no,yes,no,unknown,2,jun,526,2,-1,0,unknown,1,positive,,
36,services,married,secondary,no,yes,no,unknown,2,jun,394,1,-1,0,unknown,1,positive,,
41,blue-collar,married,primary,no,yes,yes,unknown,2,jun,659,2,-1,0,unknown,1,positive,,
36,services,married,primary,no,yes,no,unknown,2,jun,1036,1,-1,0,unknown,1,negative,,
32,technician,married,secondary,no,yes,no,unknown,2,jun,815,1,-1,0,unknown,1,positive,,
35,services,married,secondary,no,yes,no,unknown,2,jun,563,1,-1,0,unknown,1,positive,,
36,management,single,tertiary,no,yes,no,unknown,2,jun,1068,1,-1,0,unknown,1,negative,,
35,management,married,tertiary,no,yes,no,unknown,2,jun,230,3,-1,0,unknown,1,positive,,
30,blue-collar,single,secondary,no,yes,no,unknown,2,jun,747,2,-1,0,unknown,1,positive,,
42,blue-collar,married,secondary,no,yes,no,unknown,2,jun,671,5,-1,0,unknown,1,positive,,
42,technician,single,secondary,yes,yes,no,unknown,2,jun,555,5,-1,0,unknown,1,negative,,
32,blue-collar,married,primary,no,yes,no,unknown,2,jun,777,4,-1,0,unknown,1,positive,,
40,unemployed,married,secondary,no,yes,no,unknown,2,jun,605,6,-1,0,unknown,1,positive,,
29,blue-collar,single,secondary,no,yes,no,unknown,2,jun,707,14,-1,0,unknown,1,positive,,
44,management,divorced,tertiary,yes,yes,no,unknown,2,jun,432,4,-1,0,unknown,1,negative,,
32,technician,single,secondary,no,yes,no,unknown,3,jun,1173,3,-1,0,unknown,1,positive,,
31,unemployed,married,secondary,no,yes,yes,unknown,3,jun,963,2,-1,0,unknown,1,positive,,
40,self-employed,married,secondary,yes,yes,yes,unknown,3,jun,941,3,-1,0,unknown,1,negative,,
43,entrepreneur,married,secondary,no,no,no,unknown,3,jun,1025,7,-1,0,unknown,1,negative,,
27,management,single,secondary,no,yes,no,unknown,3,jun,732,2,-1,0,unknown,1,positive,,
37,services,single,secondary,no,yes,no,unknown,3,jun,1045,3,-1,0,unknown,1,positive,,
23,services,single,secondary,no,yes,no,unknown,3,jun,768,1,-1,0,unknown,1,positive,,
25,management,married,primary,no,yes,no,unknown,3,jun,801,1,-1,0,unknown,1,positive,,
26,blue-collar,single,secondary,yes,yes,no,unknown,3,jun,482,2,-1,0,unknown,1,negative,,
47,blue-collar,divorced,primary,no,yes,no,unknown,3,jun,2456,2,-1,0,unknown,1,positive,,
45,services,single,primary,no,yes,no,unknown,3,jun,1259,6,-1,0,unknown,1,positive,,
35,admin.,married,secondary,no,yes,no,unknown,3,jun,1363,7,-1,0,unknown,1,negative,,
32,technician,single,tertiary,no,yes,no,unknown,3,jun,1336,4,-1,0,unknown,1,positive,,
45,management,divorced,secondary,no,yes,no,unknown,4,jun,633,1,-1,0,unknown,1,positive,,
24,blue-collar,married,secondary,no,yes,yes,unknown,4,jun,1242,1,-1,0,unknown,1,negative,,
30,admin.,divorced,secondary,no,yes,no,unknown,4,jun,524,15,-1,0,unknown,1,positive,,
33,blue-collar,single,secondary,no,yes,no,unknown,4,jun,1141,4,-1,0,unknown,1,positive,,
29,services,single,secondary,no,yes,no,unknown,4,jun,578,1,-1,0,unknown,1,negative,,
38,blue-collar,married,primary,no,yes,no,unknown,4,jun,984,2,-1,0,unknown,1,positive,,
23,blue-collar,single,secondary,no,yes,no,unknown,4,jun,638,1,-1,0,unknown,1,positive,,
27,management,single,tertiary,no,yes,no,unknown,4,jun,767,2,-1,0,unknown,1,positive,,
27,management,single,tertiary,yes,yes,no,unknown,4,jun,525,2,-1,0,unknown,1,negative,,
29,services,single,secondary,no,yes,no,unknown,4,jun,563,1,-1,0,unknown,1,positive,,
30,self-employed,married,tertiary,no,yes,yes,unknown,4,jun,1449,6,-1,0,unknown,1,positive,,
36,blue-collar,married,primary,no,yes,no,unknown,4,jun,920,1,-1,0,unknown,1,positive,,
27,blue-collar,married,secondary,no,yes,no,unknown,4,jun,1181,2,-1,0,unknown,1,positive,,
35,admin.,divorced,secondary,no,yes,no,unknown,4,jun,908,1,-1,0,unknown,1,positive,,
50,unemployed,married,primary,no,no,no,unknown,5,jun,504,1,-1,0,unknown,1,positive,,
36,blue-collar,married,secondary,no,no,no,unknown,5,jun,208,1,-1,0,unknown,1,positive,,
59,retired,married,secondary,no,no,no,unknown,5,jun,812,1,-1,0,unknown,1,negative,,
59,retired,divorced,primary,no,yes,no,unknown,5,jun,910,2,-1,0,unknown,1,negative,,
47,entrepreneur,married,secondary,no,no,no,unknown,5,jun,1446,1,-1,0,unknown,1,negative,,
58,entrepreneur,married,tertiary,no,no,no,unknown,5,jun,1149,2,-1,0,unknown,1,positive,,
37,management,single,tertiary,no,no,no,unknown,5,jun,1123,1,-1,0,unknown,1,positive,,
46,admin.,single,secondary,no,yes,no,unknown,5,jun,508,2,-1,0,unknown,1,positive,,
43,blue-collar,single,secondary,no,yes,no,unknown,5,jun,736,2,-1,0,unknown,1,positive,,
27,management,single,tertiary,no,yes,no,unknown,5,jun,590,3,-1,0,unknown,1,positive,,
38,services,divorced,secondary,no,no,no,unknown,5,jun,636,1,-1,0,unknown,1,positive,,
53,housemaid,married,primary,no,no,yes,unknown,5,jun,701,1,-1,0,unknown,1,positive,,
47,blue-collar,married,secondary,no,no,no,unknown,5,jun,761,2,-1,0,unknown,1,positive,,
56,housemaid,divorced,primary,yes,no,no,unknown,5,jun,1558,1,-1,0,unknown,1,positive,,
41,housemaid,married,secondary,no,no,no,unknown,5,jun,1053,2,-1,0,unknown,1,positive,,
29,self-employed,married,secondary,no,yes,no,unknown,5,jun,562,15,-1,0,unknown,1,positive,,
35,self-employed,married,secondary,no,yes,yes,unknown,5,jun,1865,2,-1,0,unknown,1,positive,,
38,admin.,single,secondary,no,no,no,unknown,5,jun,817,2,-1,0,unknown,1,positive,,
50,technician,married,secondary,no,yes,no,unknown,5,jun,494,5,-1,0,unknown,1,positive,,
45,blue-collar,divorced,primary,no,no,no,unknown,5,jun,1018,3,-1,0,unknown,1,positive,,
35,blue-collar,married,secondary,no,yes,no,unknown,5,jun,884,4,-1,0,unknown,1,positive,,
35,housemaid,single,secondary,no,yes,no,unknown,5,jun,406,2,-1,0,unknown,1,positive,,
39,self-employed,married,tertiary,no,no,no,unknown,6,jun,554,1,-1,0,unknown,1,positive,,
26,technician,single,secondary,no,yes,no,unknown,6,jun,709,5,-1,0,unknown,1,positive,,
26,admin.,married,secondary,no,yes,yes,unknown,6,jun,1276,2,-1,0,unknown,1,positive,,
37,blue-collar,married,unknown,no,no,yes,unknown,6,jun,381,2,-1,0,unknown,1,positive,,
30,admin.,single,secondary,no,yes,no,unknown,6,jun,862,11,-1,0,unknown,1,positive,,
38,management,single,tertiary,no,yes,no,unknown,6,jun,460,4,-1,0,unknown,1,positive,,
28,technician,single,secondary,yes,yes,no,unknown,6,jun,712,2,-1,0,unknown,1,negative,,
54,self-employed,divorced,primary,no,yes,no,unknown,6,jun,642,2,-1,0,unknown,1,positive,,
41,blue-collar,married,primary,no,yes,no,unknown,6,jun,554,2,-1,0,unknown,1,positive,,
37,services,divorced,secondary,no,yes,no,unknown,6,jun,467,3,-1,0,unknown,1,positive,,
53,technician,married,secondary,no,no,no,unknown,6,jun,648,2,-1,0,unknown,1,positive,,
29,blue-collar,single,primary,no,yes,no,unknown,6,jun,2653,3,-1,0,unknown,1,positive,,
35,management,single,tertiary,no,no,no,unknown,6,jun,1085,1,-1,0,unknown,1,positive,,
47,admin.,divorced,secondary,no,yes,no,unknown,6,jun,94,2,-1,0,unknown,1,positive,,
28,blue-collar,married,secondary,no,yes,no,unknown,6,jun,369,2,-1,0,unknown,1,positive,,
36,self-employed,married,secondary,no,yes,no,unknown,6,jun,1469,9,-1,0,unknown,1,positive,,
55,blue-collar,married,unknown,no,no,no,unknown,6,jun,685,3,-1,0,unknown,1,positive,,
49,management,divorced,secondary,no,yes,no,unknown,9,jun,1055,10,-1,0,unknown,1,negative,,
50,services,married,secondary,no,no,no,unknown,9,jun,882,1,-1,0,unknown,1,positive,,
43,management,single,tertiary,no,no,no,unknown,9,jun,901,1,-1,0,unknown,1,positive,,
58,self-employed,divorced,tertiary,no,no,no,unknown,9,jun,700,1,-1,0,unknown,1,positive,,
38,technician,married,primary,no,yes,no,unknown,9,jun,491,6,-1,0,unknown,1,positive,,
48,blue-collar,divorced,primary,no,no,no,unknown,9,jun,940,1,-1,0,unknown,1,positive,,
59,management,married,secondary,no,no,no,unknown,9,jun,3881,3,-1,0,unknown,1,positive,,
38,technician,divorced,tertiary,no,no,no,unknown,9,jun,952,2,-1,0,unknown,1,positive,,
58,blue-collar,married,secondary,no,no,no,unknown,9,jun,486,3,-1,0,unknown,1,positive,,
52,blue-collar,married,secondary,no,yes,no,unknown,9,jun,442,8,-1,0,unknown,1,negative,,
36,self-employed,single,tertiary,no,no,no,unknown,9,jun,1137,3,-1,0,unknown,1,positive,,
42,entrepreneur,married,tertiary,no,no,no,unknown,11,jun,878,3,-1,0,unknown,1,positive,,
41,admin.,single,secondary,no,no,yes,unknown,11,jun,583,4,-1,0,unknown,1,positive,,
42,admin.,married,secondary,no,no,no,unknown,11,jun,1159,4,-1,0,unknown,1,positive,,
39,management,married,tertiary,no,no,yes,unknown,11,jun,893,8,-1,0,unknown,1,negative,,
57,housemaid,married,primary,no,no,yes,unknown,11,jun,867,1,-1,0,unknown,1,positive,,
51,retired,married,secondary,no,no,no,unknown,11,jun,587,1,-1,0,unknown,1,positive,,
52,retired,married,unknown,no,no,no,unknown,11,jun,706,1,-1,0,unknown,1,positive,,
59,retired,married,unknown,no,no,no,unknown,11,jun,1199,1,-1,0,unknown,1,positive,,
56,blue-collar,married,secondary,no,no,no,unknown,11,jun,935,1,-1,0,unknown,1,positive,,
49,management,married,tertiary,no,no,no,unknown,11,jun,586,1,-1,0,unknown,1,positive,,
35,blue-collar,divorced,unknown,no,no,no,unknown,11,jun,967,2,-1,0,unknown,1,positive,,
36,unemployed,married,secondary,no,no,no,unknown,11,jun,595,2,-1,0,unknown,1,positive,,
40,admin.,single,tertiary,no,no,no,unknown,11,jun,1290,2,-1,0,unknown,1,positive,,
37,management,single,tertiary,no,no,no,unknown,12,jun,1010,3,-1,0,unknown,1,positive,,
55,blue-collar,married,secondary,no,no,no,unknown,12,jun,614,2,-1,0,unknown,1,negative,,
58,admin.,married,secondary,no,no,no,unknown,12,jun,885,1,-1,0,unknown,1,positive,,
39,self-employed,married,tertiary,no,no,no,unknown,12,jun,651,5,-1,0,unknown,1,positive,,
47,housemaid,single,tertiary,no,no,no,unknown,12,jun,993,6,-1,0,unknown,1,positive,,
40,management,married,secondary,no,yes,no,unknown,12,jun,577,2,-1,0,unknown,1,positive,,
35,blue-collar,married,tertiary,no,no,no,unknown,12,jun,1141,6,-1,0,unknown,1,positive,,
48,blue-collar,married,secondary,no,yes,no,unknown,12,jun,1268,2,-1,0,unknown,1,positive,,
27,admin.,single,secondary,no,yes,no,unknown,12,jun,541,17,-1,0,unknown,1,positive,,
48,management,divorced,tertiary,no,no,yes,unknown,12,jun,1243,7,-1,0,unknown,1,positive,,
24,blue-collar,single,secondary,yes,yes,no,unknown,12,jun,465,3,-1,0,unknown,1,negative,,
49,blue-collar,married,primary,no,yes,no,unknown,16,jun,513,2,-1,0,unknown,1,positive,,
36,blue-collar,married,secondary,no,yes,no,unknown,16,jun,686,11,-1,0,unknown,1,positive,,
52,retired,divorced,tertiary,no,yes,yes,unknown,16,jun,741,4,-1,0,unknown,1,positive,,
38,blue-collar,married,secondary,no,no,no,unknown,16,jun,1323,9,-1,0,unknown,1,positive,,
42,entrepreneur,single,unknown,no,no,no,unknown,16,jun,617,1,-1,0,unknown,1,positive,,
36,services,married,secondary,no,no,no,unknown,16,jun,1093,1,-1,0,unknown,1,positive,,
36,blue-collar,divorced,secondary,no,yes,no,unknown,16,jun,1395,2,-1,0,unknown,1,positive,,
48,unemployed,single,tertiary,no,no,no,unknown,16,jun,1089,1,-1,0,unknown,1,positive,,
51,management,single,secondary,no,yes,no,unknown,16,jun,1248,3,-1,0,unknown,1,positive,,
51,blue-collar,married,secondary,no,no,yes,unknown,16,jun,721,3,-1,0,unknown,1,positive,,
46,technician,married,secondary,no,yes,no,unknown,16,jun,750,2,-1,0,unknown,1,positive,,
37,management,married,tertiary,no,no,no,unknown,16,jun,637,6,-1,0,unknown,1,negative,,
36,entrepreneur,married,tertiary,no,no,no,unknown,16,jun,2769,4,-1,0,unknown,1,positive,,
47,management,married,secondary,no,no,no,unknown,17,jun,556,1,-1,0,unknown,1,positive,,
40,technician,divorced,tertiary,no,no,no,unknown,17,jun,522,1,-1,0,unknown,1,negative,,
56,management,divorced,tertiary,no,yes,no,unknown,17,jun,490,4,-1,0,unknown,1,positive,,
38,technician,single,tertiary,no,no,no,unknown,17,jun,1051,3,-1,0,unknown,1,positive,,
38,student,single,tertiary,no,no,no,unknown,17,jun,1345,3,-1,0,unknown,1,positive,,
40,management,married,secondary,no,no,no,unknown,17,jun,676,2,-1,0,unknown,1,positive,,
39,blue-collar,married,primary,no,yes,no,unknown,17,jun,775,3,-1,0,unknown,1,positive,,
60,management,married,tertiary,no,no,no,unknown,17,jun,2621,3,-1,0,unknown,1,positive,,
51,retired,married,primary,no,no,no,unknown,18,jun,835,1,-1,0,unknown,1,positive,,
39,self-employed,single,tertiary,no,no,no,unknown,18,jun,1029,1,-1,0,unknown,1,positive,,
51,services,divorced,secondary,no,no,no,unknown,18,jun,371,2,-1,0,unknown,1,positive,,
27,admin.,married,secondary,no,yes,no,unknown,18,jun,1528,2,-1,0,unknown,1,negative,,
41,management,single,tertiary,no,no,no,unknown,18,jun,1540,1,-1,0,unknown,1,positive,,
42,blue-collar,single,primary,no,no,no,unknown,18,jun,973,1,-1,0,unknown,1,positive,,
35,blue-collar,married,unknown,no,no,no,unknown,18,jun,537,1,-1,0,unknown,1,positive,,
41,entrepreneur,married,secondary,no,no,no,unknown,18,jun,707,1,-1,0,unknown,1,positive,,
33,technician,married,secondary,no,yes,yes,unknown,18,jun,625,2,-1,0,unknown,1,positive,,
46,admin.,married,secondary,no,no,no,unknown,18,jun,1255,1,-1,0,unknown,1,positive,,
44,housemaid,single,primary,no,no,no,unknown,18,jun,2093,1,-1,0,unknown,1,positive,,
31,blue-collar,married,secondary,no,yes,no,unknown,18,jun,704,4,-1,0,unknown,1,positive,,
51,admin.,single,secondary,no,no,no,unknown,18,jun,771,2,-1,0,unknown,1,positive,,
32,management,married,tertiary,no,yes,no,unknown,18,jun,1060,5,-1,0,unknown,1,positive,,
41,blue-collar,married,primary,no,no,yes,unknown,18,jun,1574,3,-1,0,unknown,1,positive,,
41,blue-collar,divorced,secondary,no,no,no,unknown,19,jun,1135,4,-1,0,unknown,1,positive,,
57,admin.,single,secondary,no,yes,no,unknown,19,jun,512,1,-1,0,unknown,1,positive,,
55,retired,divorced,secondary,no,no,yes,unknown,19,jun,1007,1,-1,0,unknown,1,positive,,
53,technician,married,secondary,no,no,no,unknown,19,jun,1318,3,-1,0,unknown,1,positive,,
55,housemaid,married,primary,no,no,no,unknown,19,jun,922,2,-1,0,unknown,1,positive,,
39,services,married,secondary,no,yes,no,unknown,19,jun,585,1,-1,0,unknown,1,positive,,
36,management,married,tertiary,no,no,no,unknown,19,jun,2028,1,-1,0,unknown,1,positive,,
40,entrepreneur,married,tertiary,yes,no,no,unknown,19,jun,952,4,-1,0,unknown,1,negative,,
59,retired,married,primary,no,no,no,unknown,19,jun,834,1,-1,0,unknown,1,positive,,
52,retired,divorced,tertiary,no,yes,no,unknown,19,jun,500,2,-1,0,unknown,1,negative,,
42,blue-collar,single,secondary,no,no,no,unknown,19,jun,651,3,-1,0,unknown,1,positive,,
45,technician,married,tertiary,no,yes,no,unknown,19,jun,835,3,-1,0,unknown,1,positive,,
41,blue-collar,married,primary,no,no,no,unknown,19,jun,683,3,-1,0,unknown,1,positive,,
27,blue-collar,married,secondary,no,yes,no,unknown,19,jun,1012,1,-1,0,unknown,1,positive,,
25,blue-collar,single,secondary,no,yes,no,unknown,19,jun,958,7,-1,0,unknown,1,negative,,
43,unemployed,married,primary,no,no,no,unknown,20,jun,973,2,-1,0,unknown,1,positive,,
60,retired,married,secondary,no,no,no,unknown,20,jun,1467,4,-1,0,unknown,1,positive,,
48,management,married,tertiary,no,yes,no,unknown,20,jun,792,1,-1,0,unknown,1,positive,,
44,services,married,secondary,no,no,yes,unknown,20,jun,911,1,-1,0,unknown,1,positive,,
26,blue-collar,single,secondary,no,yes,no,unknown,20,jun,382,7,-1,0,unknown,1,negative,,
52,retired,married,tertiary,no,no,no,unknown,20,jun,1210,1,-1,0,unknown,1,positive,,
50,technician,divorced,secondary,no,no,no,unknown,20,jun,716,2,-1,0,unknown,1,positive,,
54,services,married,unknown,no,no,yes,unknown,20,jun,838,1,-1,0,unknown,1,positive,,
56,management,married,tertiary,no,no,yes,unknown,20,jun,422,1,-1,0,unknown,1,negative,,
57,management,married,tertiary,no,no,yes,unknown,20,jun,1098,2,-1,0,unknown,1,positive,,
42,technician,married,tertiary,no,no,no,unknown,20,jun,1573,5,-1,0,unknown,1,negative,,
29,blue-collar,single,secondary,no,yes,no,unknown,20,jun,1663,1,-1,0,unknown,1,positive,,
47,technician,married,tertiary,no,no,yes,unknown,20,jun,560,3,-1,0,unknown,1,positive,,
57,management,married,tertiary,no,yes,yes,unknown,20,jun,1617,1,-1,0,unknown,1,negative,,
40,blue-collar,married,secondary,no,yes,yes,unknown,20,jun,570,2,-1,0,unknown,1,positive,,
38,blue-collar,single,tertiary,no,yes,no,unknown,20,jun,1422,10,-1,0,unknown,1,positive,,
46,services,divorced,secondary,no,no,no,unknown,20,jun,1023,3,-1,0,unknown,1,negative,,
49,services,divorced,secondary,no,no,no,unknown,20,jun,808,2,-1,0,unknown,1,positive,,
43,blue-collar,single,secondary,no,yes,no,unknown,20,jun,585,2,-1,0,unknown,1,positive,,
45,management,married,tertiary,no,no,no,unknown,20,jun,693,3,-1,0,unknown,1,positive,,
24,management,married,secondary,no,yes,no,unknown,20,jun,546,10,-1,0,unknown,1,positive,,
53,admin.,married,secondary,no,no,no,unknown,20,jun,1094,3,-1,0,unknown,1,positive,,
40,blue-collar,married,secondary,no,yes,yes,unknown,20,jun,1036,5,-1,0,unknown,1,positive,,
38,services,divorced,unknown,no,no,no,unknown,20,jun,1409,2,-1,0,unknown,1,positive,,
36,unemployed,married,tertiary,no,no,no,unknown,20,jun,988,4,-1,0,unknown,1,positive,,
27,blue-collar,single,secondary,yes,no,no,unknown,23,jun,498,2,-1,0,unknown,1,negative,,
26,admin.,single,primary,no,yes,no,unknown,23,jun,670,3,-1,0,unknown,1,negative,,
43,management,married,tertiary,no,yes,no,unknown,23,jun,662,2,-1,0,unknown,1,positive,,
25,blue-collar,single,primary,no,yes,no,unknown,24,jun,528,2,-1,0,unknown,1,positive,,
27,blue-collar,married,tertiary,no,yes,no,unknown,26,jun,519,3,-1,0,unknown,1,positive,,
30,technician,married,tertiary,no,yes,yes,unknown,26,jun,677,3,-1,0,unknown,1,positive,,
28,admin.,single,secondary,no,no,yes,unknown,26,jun,3183,2,-1,0,unknown,1,negative,,
27,blue-collar,married,primary,no,no,yes,unknown,27,jun,422,6,-1,0,unknown,1,negative,,
32,admin.,divorced,secondary,no,no,yes,unknown,27,jun,856,2,-1,0,unknown,1,negative,,
41,blue-collar,single,secondary,no,yes,no,unknown,1,jul,479,9,-1,0,unknown,1,positive,,
37,technician,single,tertiary,no,no,no,unknown,1,jul,1135,2,-1,0,unknown,1,negative,,
27,technician,single,secondary,no,no,no,unknown,1,jul,650,2,-1,0,unknown,1,positive,,
29,services,single,secondary,no,no,yes,unknown,3,jul,587,3,-1,0,unknown,1,positive,,
33,services,married,secondary,no,no,yes,unknown,3,jul,676,1,-1,0,unknown,1,positive,,
36,technician,married,primary,no,no,no,unknown,4,jul,584,1,-1,0,unknown,1,negative,,
29,services,single,primary,no,no,no,unknown,4,jul,1576,3,-1,0,unknown,1,positive,,
44,blue-collar,married,secondary,no,yes,no,unknown,4,jul,150,2,-1,0,unknown,1,positive,,
28,blue-collar,single,secondary,no,yes,no,cellular,4,jul,1044,3,-1,0,unknown,1,negative,,
49,blue-collar,married,primary,no,yes,no,cellular,7,jul,491,3,-1,0,unknown,1,negative,,
55,blue-collar,married,secondary,no,yes,no,cellular,7,jul,494,4,-1,0,unknown,1,positive,,
51,technician,married,secondary,no,no,no,cellular,7,jul,615,2,-1,0,unknown,1,positive,,
39,technician,single,secondary,no,yes,no,cellular,7,jul,718,2,-1,0,unknown,1,positive,,
42,blue-collar,divorced,primary,no,yes,no,cellular,7,jul,434,3,-1,0,unknown,1,positive,,
33,services,single,secondary,no,no,no,cellular,7,jul,782,1,-1,0,unknown,1,positive,,
59,management,married,tertiary,no,yes,no,cellular,7,jul,1272,3,-1,0,unknown,1,positive,,
36,entrepreneur,divorced,tertiary,no,no,yes,cellular,7,jul,722,3,-1,0,unknown,1,positive,,
45,technician,married,secondary,no,no,no,cellular,7,jul,621,2,-1,0,unknown,1,positive,,
37,self-employed,married,secondary,no,no,no,cellular,7,jul,629,2,-1,0,unknown,1,positive,,
46,unemployed,married,secondary,no,no,no,cellular,7,jul,385,5,-1,0,unknown,1,positive,,
32,self-employed,single,tertiary,no,no,no,cellular,7,jul,889,1,-1,0,unknown,1,positive,,
32,admin.,married,secondary,no,no,yes,cellular,7,jul,625,1,-1,0,unknown,1,positive,,
28,technician,single,secondary,no,no,yes,cellular,7,jul,532,1,-1,0,unknown,1,positive,,
45,admin.,divorced,secondary,no,no,yes,cellular,7,jul,574,1,-1,0,unknown,1,negative,,
41,blue-collar,single,secondary,yes,yes,yes,cellular,7,jul,599,1,-1,0,unknown,1,positive,,
59,blue-collar,divorced,primary,no,no,yes,cellular,7,jul,849,1,-1,0,unknown,1,positive,,
47,technician,single,secondary,no,yes,yes,cellular,7,jul,973,3,-1,0,unknown,1,negative,,
32,admin.,single,secondary,no,no,no,cellular,7,jul,830,5,-1,0,unknown,1,positive,,
31,blue-collar,single,secondary,no,no,no,cellular,7,jul,719,2,-1,0,unknown,1,positive,,
31,management,single,tertiary,no,no,yes,cellular,8,jul,509,4,-1,0,unknown,1,positive,,
33,entrepreneur,married,secondary,no,yes,yes,cellular,8,jul,740,1,-1,0,unknown,1,negative,,
52,entrepreneur,married,tertiary,yes,no,no,cellular,8,jul,534,1,-1,0,unknown,1,negative,,
27,technician,single,secondary,yes,no,yes,cellular,8,jul,732,1,-1,0,unknown,1,negative,,
26,self-employed,single,secondary,no,no,no,cellular,8,jul,531,1,-1,0,unknown,1,positive,,
25,technician,single,secondary,no,no,yes,cellular,8,jul,634,1,-1,0,unknown,1,negative,,
25,blue-collar,married,secondary,no,no,yes,cellular,8,jul,460,3,-1,0,unknown,1,positive,,
28,admin.,single,unknown,no,no,no,cellular,8,jul,705,1,-1,0,unknown,1,positive,,
25,technician,single,secondary,no,no,yes,cellular,8,jul,574,2,-1,0,unknown,1,positive,,
28,services,married,secondary,no,yes,yes,cellular,8,jul,1767,2,-1,0,unknown,1,positive,,
28,blue-collar,single,secondary,no,no,yes,cellular,8,jul,681,1,-1,0,unknown,1,positive,,
33,entrepreneur,divorced,tertiary,no,no,yes,cellular,8,jul,1082,1,-1,0,unknown,1,positive,,
45,management,divorced,tertiary,no,no,yes,cellular,8,jul,730,1,-1,0,unknown,1,positive,,
36,services,married,secondary,no,no,yes,cellular,8,jul,716,5,-1,0,unknown,1,positive,,
26,blue-collar,single,secondary,yes,no,yes,cellular,8,jul,803,2,-1,0,unknown,1,positive,,
31,blue-collar,married,secondary,no,yes,yes,cellular,8,jul,831,1,-1,0,unknown,1,positive,,
38,technician,married,secondary,no,no,no,cellular,8,jul,635,1,-1,0,unknown,1,negative,,
56,blue-collar,single,secondary,no,no,yes,cellular,8,jul,819,3,-1,0,unknown,1,positive,,
26,admin.,single,secondary,no,no,yes,cellular,8,jul,658,2,-1,0,unknown,1,positive,,
26,technician,married,secondary,no,no,yes,cellular,8,jul,1061,4,-1,0,unknown,1,positive,,
25,blue-collar,single,secondary,no,no,yes,cellular,8,jul,687,2,-1,0,unknown,1,positive,,
26,unemployed,single,secondary,no,no,no,cellular,9,jul,537,1,-1,0,unknown,1,positive,,
40,blue-collar,married,primary,no,yes,no,cellular,9,jul,781,1,-1,0,unknown,1,positive,,
52,blue-collar,married,unknown,no,yes,no,cellular,9,jul,1486,1,-1,0,unknown,1,negative,,
37,admin.,married,primary,no,yes,no,cellular,9,jul,645,1,-1,0,unknown,1,positive,,
43,blue-collar,single,primary,no,no,no,cellular,9,jul,1242,1,-1,0,unknown,1,negative,,
58,entrepreneur,married,tertiary,no,yes,no,telephone,9,jul,990,1,-1,0,unknown,1,positive,,
41,services,divorced,tertiary,no,yes,no,cellular,9,jul,662,1,-1,0,unknown,1,positive,,
49,blue-collar,married,secondary,no,no,yes,cellular,9,jul,625,1,-1,0,unknown,1,negative,,
43,technician,married,secondary,no,yes,yes,cellular,9,jul,727,3,-1,0,unknown,1,negative,,
29,admin.,divorced,tertiary,yes,no,yes,cellular,9,jul,426,3,-1,0,unknown,1,negative,,
35,management,divorced,tertiary,no,yes,no,cellular,9,jul,1121,1,-1,0,unknown,1,positive,,
39,services,divorced,secondary,no,yes,no,cellular,9,jul,869,1,-1,0,unknown,1,positive,,
38,management,married,tertiary,yes,yes,yes,cellular,9,jul,556,5,-1,0,unknown,1,positive,,
26,technician,married,secondary,no,no,yes,cellular,9,jul,359,5,-1,0,unknown,1,negative,,
32,management,married,tertiary,no,yes,yes,cellular,9,jul,1014,1,-1,0,unknown,1,positive,,
33,blue-collar,married,primary,no,yes,yes,cellular,9,jul,1290,4,-1,0,unknown,1,negative,,
31,management,single,tertiary,no,no,yes,cellular,9,jul,564,5,-1,0,unknown,1,positive,,
49,blue-collar,married,primary,no,no,yes,cellular,9,jul,1439,6,-1,0,unknown,1,positive,,
27,unemployed,single,primary,no,no,yes,cellular,9,jul,919,2,-1,0,unknown,1,positive,,
30,blue-collar,single,secondary,no,yes,yes,cellular,9,jul,1426,3,-1,0,unknown,1,positive,,
35,blue-collar,married,secondary,no,no,no,cellular,10,jul,901,1,-1,0,unknown,1,positive,,
26,blue-collar,single,secondary,no,yes,no,cellular,10,jul,998,4,-1,0,unknown,1,negative,,
30,blue-collar,married,secondary,no,yes,no,cellular,10,jul,255,1,-1,0,unknown,1,positive,,
45,entrepreneur,married,unknown,no,yes,yes,cellular,10,jul,804,1,-1,0,unknown,1,positive,,
34,admin.,married,secondary,no,yes,yes,cellular,10,jul,961,1,-1,0,unknown,1,negative,,
47,blue-collar,married,secondary,no,yes,no,telephone,10,jul,39,1,-1,0,unknown,1,positive,,
59,admin.,married,secondary,no,yes,no,cellular,10,jul,982,1,-1,0,unknown,1,negative,,
41,blue-collar,married,secondary,no,yes,no,cellular,10,jul,584,1,-1,0,unknown,1,positive,,
28,admin.,single,secondary,no,no,yes,cellular,10,jul,720,2,-1,0,unknown,1,negative,,
29,blue-collar,married,secondary,no,yes,yes,cellular,10,jul,627,1,-1,0,unknown,1,positive,,
25,blue-collar,single,secondary,no,no,yes,cellular,10,jul,1341,7,-1,0,unknown,1,positive,,
30,blue-collar,single,secondary,no,yes,no,cellular,10,jul,634,1,-1,0,unknown,1,positive,,
30,services,married,secondary,no,no,yes,cellular,10,jul,829,5,-1,0,unknown,1,positive,,
47,services,married,secondary,no,yes,no,cellular,10,jul,476,4,-1,0,unknown,1,positive,,
57,admin.,divorced,secondary,no,no,no,cellular,10,jul,724,1,-1,0,unknown,1,positive,,
38,management,married,tertiary,no,yes,no,cellular,10,jul,500,1,-1,0,unknown,1,positive,,
54,technician,married,secondary,no,no,yes,cellular,10,jul,2029,1,-1,0,unknown,1,negative,,
25,blue-collar,single,primary,no,no,no,cellular,10,jul,1499,3,-1,0,unknown,1,positive,,
30,blue-collar,married,secondary,no,yes,yes,cellular,10,jul,1399,1,-1,0,unknown,1,negative,,
26,management,single,tertiary,no,no,no,cellular,10,jul,1187,3,-1,0,unknown,1,positive,,
31,student,married,primary,no,yes,no,cellular,10,jul,487,1,-1,0,unknown,1,positive,,
29,blue-collar,single,secondary,no,no,yes,cellular,10,jul,1097,3,-1,0,unknown,1,positive,,
32,self-employed,married,secondary,no,yes,no,cellular,11,jul,812,1,-1,0,unknown,1,positive,,
49,blue-collar,married,secondary,no,yes,no,cellular,11,jul,1060,2,-1,0,unknown,1,positive,,
35,services,single,primary,no,no,yes,cellular,11,jul,614,2,-1,0,unknown,1,positive,,
60,retired,divorced,secondary,no,no,no,cellular,11,jul,764,2,-1,0,unknown,1,positive,,
60,management,married,tertiary,no,yes,no,cellular,11,jul,1120,2,-1,0,unknown,1,positive,,
29,management,single,tertiary,no,yes,no,cellular,11,jul,963,2,-1,0,unknown,1,positive,,
55,management,divorced,secondary,no,yes,no,cellular,11,jul,1973,2,-1,0,unknown,1,positive,,
33,management,single,unknown,no,yes,no,cellular,11,jul,1041,2,-1,0,unknown,1,positive,,
44,admin.,married,secondary,no,yes,no,cellular,11,jul,911,2,-1,0,unknown,1,positive,,
47,technician,married,secondary,no,yes,no,cellular,11,jul,853,2,-1,0,unknown,1,positive,,
35,admin.,married,secondary,no,yes,no,cellular,11,jul,1649,2,-1,0,unknown,1,negative,,
53,admin.,divorced,unknown,no,no,no,cellular,11,jul,1310,2,-1,0,unknown,1,positive,,
35,entrepreneur,married,secondary,no,no,yes,cellular,14,jul,1397,3,-1,0,unknown,1,positive,,
43,management,married,tertiary,no,no,no,cellular,14,jul,1153,3,-1,0,unknown,1,negative,,
38,technician,married,secondary,no,yes,no,cellular,14,jul,766,3,-1,0,unknown,1,positive,,
34,entrepreneur,married,tertiary,no,yes,no,cellular,14,jul,788,2,-1,0,unknown,1,positive,,
50,technician,married,secondary,no,no,yes,cellular,14,jul,1130,3,-1,0,unknown,1,positive,,
43,admin.,married,tertiary,no,yes,no,cellular,14,jul,1062,4,-1,0,unknown,1,positive,,
44,admin.,divorced,secondary,no,yes,no,cellular,14,jul,1669,2,-1,0,unknown,1,positive,,
51,services,divorced,secondary,no,no,yes,cellular,14,jul,1336,4,-1,0,unknown,1,positive,,
31,technician,married,secondary,no,yes,no,cellular,14,jul,444,3,-1,0,unknown,1,positive,,
39,technician,married,tertiary,no,yes,no,cellular,14,jul,894,7,-1,0,unknown,1,negative,,
59,management,married,tertiary,no,no,yes,cellular,15,jul,805,3,-1,0,unknown,1,positive,,
45,admin.,married,secondary,no,no,yes,telephone,15,jul,533,3,-1,0,unknown,1,negative,,
25,services,single,secondary,no,no,yes,cellular,15,jul,1056,2,-1,0,unknown,1,positive,,
58,management,married,tertiary,no,yes,no,cellular,15,jul,815,4,-1,0,unknown,1,positive,,
30,entrepreneur,married,primary,no,yes,no,cellular,15,jul,808,3,-1,0,unknown,1,positive,,
34,blue-collar,single,primary,no,yes,no,cellular,15,jul,860,4,-1,0,unknown,1,negative,,
45,blue-collar,divorced,primary,no,no,no,cellular,15,jul,878,2,-1,0,unknown,1,negative,,
51,services,divorced,secondary,no,no,yes,cellular,15,jul,881,1,-1,0,unknown,1,positive,,
60,retired,married,secondary,no,no,no,cellular,15,jul,981,1,-1,0,unknown,1,positive,,
32,management,divorced,tertiary,no,no,yes,cellular,15,jul,820,4,-1,0,unknown,1,positive,,
51,entrepreneur,married,secondary,no,no,yes,cellular,15,jul,1001,3,-1,0,unknown,1,negative,,
37,management,divorced,tertiary,no,no,no,cellular,15,jul,514,5,-1,0,unknown,1,positive,,
30,blue-collar,single,primary,no,no,no,cellular,15,jul,716,3,-1,0,unknown,1,negative,,
41,blue-collar,divorced,primary,no,no,yes,cellular,15,jul,955,5,-1,0,unknown,1,positive,,
36,services,divorced,secondary,yes,no,yes,cellular,15,jul,687,7,-1,0,unknown,1,negative,,
46,entrepreneur,divorced,secondary,no,no,yes,cellular,15,jul,769,4,-1,0,unknown,1,negative,,
29,student,single,tertiary,no,no,no,cellular,15,jul,889,5,-1,0,unknown,1,positive,,
25,blue-collar,married,secondary,no,no,yes,cellular,15,jul,1424,4,-1,0,unknown,1,negative,,
39,management,married,tertiary,no,yes,no,cellular,15,jul,838,3,-1,0,unknown,1,positive,,
27,entrepreneur,married,tertiary,no,no,no,cellular,15,jul,448,5,-1,0,unknown,1,positive,,
35,blue-collar,single,secondary,no,yes,no,cellular,15,jul,632,6,-1,0,unknown,1,positive,,
28,management,single,tertiary,no,yes,no,cellular,16,jul,767,5,-1,0,unknown,1,negative,,
34,blue-collar,single,secondary,no,yes,no,cellular,16,jul,578,1,-1,0,unknown,1,positive,,
29,blue-collar,single,unknown,no,yes,yes,cellular,16,jul,1806,4,-1,0,unknown,1,positive,,
27,management,single,tertiary,no,yes,no,cellular,16,jul,496,1,-1,0,unknown,1,positive,,
26,technician,single,secondary,no,no,no,cellular,16,jul,586,1,-1,0,unknown,1,positive,,
36,management,married,tertiary,no,yes,no,cellular,16,jul,689,1,-1,0,unknown,1,positive,,
44,blue-collar,married,primary,no,yes,no,cellular,16,jul,555,1,-1,0,unknown,1,positive,,
39,blue-collar,married,tertiary,no,no,no,cellular,16,jul,686,6,-1,0,unknown,1,positive,,
30,technician,married,secondary,no,yes,yes,cellular,16,jul,435,1,-1,0,unknown,1,negative,,
36,blue-collar,married,secondary,no,yes,yes,cellular,16,jul,830,1,-1,0,unknown,1,positive,,
31,unemployed,divorced,tertiary,no,yes,no,cellular,16,jul,873,2,-1,0,unknown,1,positive,,
56,blue-collar,married,primary,no,yes,no,cellular,16,jul,1222,1,-1,0,unknown,1,negative,,
29,blue-collar,married,secondary,no,yes,no,cellular,16,jul,988,1,-1,0,unknown,1,positive,,
27,admin.,divorced,secondary,no,yes,no,cellular,16,jul,652,1,-1,0,unknown,1,positive,,
43,blue-collar,married,secondary,no,no,yes,cellular,16,jul,1019,11,-1,0,unknown,1,positive,,
32,blue-collar,married,secondary,no,yes,no,cellular,16,jul,709,2,-1,0,unknown,1,positive,,
30,admin.,single,secondary,no,no,no,cellular,16,jul,561,9,-1,0,unknown,1,negative,,
50,management,married,secondary,no,no,no,cellular,16,jul,455,1,-1,0,unknown,1,positive,,
40,blue-collar,married,secondary,no,yes,yes,cellular,16,jul,1018,2,-1,0,unknown,1,negative,,
42,services,married,secondary,no,yes,yes,cellular,16,jul,1039,2,-1,0,unknown,1,positive,,
40,technician,married,secondary,no,yes,no,cellular,16,jul,700,4,-1,0,unknown,1,negative,,
27,student,married,secondary,no,yes,no,cellular,16,jul,781,2,-1,0,unknown,1,positive,,
35,management,married,tertiary,no,no,yes,cellular,16,jul,1656,5,-1,0,unknown,1,positive,,
26,blue-collar,married,secondary,no,yes,yes,cellular,17,jul,1150,3,-1,0,unknown,1,negative,,
35,housemaid,married,primary,no,yes,no,cellular,17,jul,923,2,-1,0,unknown,1,positive,,
52,blue-collar,married,secondary,no,no,yes,cellular,17,jul,753,2,-1,0,unknown,1,positive,,
32,blue-collar,single,secondary,no,yes,no,cellular,17,jul,1275,1,-1,0,unknown,1,positive,,
39,technician,married,secondary,no,yes,no,cellular,17,jul,342,2,-1,0,unknown,1,positive,,
31,blue-collar,divorced,secondary,no,yes,no,telephone,17,jul,1008,2,-1,0,unknown,1,negative,,
26,services,single,secondary,no,no,yes,cellular,17,jul,538,2,-1,0,unknown,1,negative,,
42,management,married,tertiary,no,yes,no,cellular,17,jul,795,1,-1,0,unknown,1,positive,,
32,technician,married,secondary,no,yes,no,cellular,17,jul,926,1,-1,0,unknown,1,positive,,
27,services,single,secondary,no,yes,no,cellular,17,jul,1027,1,-1,0,unknown,1,positive,,
33,self-employed,divorced,secondary,no,yes,no,cellular,17,jul,1584,2,-1,0,unknown,1,positive,,
51,blue-collar,married,primary,no,yes,no,cellular,17,jul,582,2,-1,0,unknown,1,positive,,
33,admin.,married,secondary,no,yes,no,telephone,17,jul,1448,7,-1,0,unknown,1,negative,,
30,technician,single,tertiary,no,no,no,cellular,17,jul,656,3,-1,0,unknown,1,positive,,
29,management,married,tertiary,no,yes,no,cellular,17,jul,1319,5,-1,0,unknown,1,positive,,
52,housemaid,married,primary,no,yes,no,cellular,17,jul,1208,1,-1,0,unknown,1,positive,,
42,blue-collar,divorced,primary,no,yes,no,cellular,17,jul,1175,2,-1,0,unknown,1,positive,,
31,management,divorced,tertiary,no,yes,no,cellular,17,jul,536,5,-1,0,unknown,1,positive,,
27,services,married,secondary,no,yes,no,cellular,17,jul,991,5,-1,0,unknown,1,negative,,
44,blue-collar,single,secondary,no,no,yes,cellular,17,jul,1153,4,-1,0,unknown,1,positive,,
55,housemaid,married,primary,no,yes,no,cellular,17,jul,1303,2,-1,0,unknown,1,negative,,
40,entrepreneur,divorced,secondary,no,yes,no,cellular,18,jul,623,3,-1,0,unknown,1,positive,,
54,technician,single,tertiary,no,yes,no,cellular,18,jul,674,3,-1,0,unknown,1,positive,,
46,housemaid,divorced,primary,no,yes,no,cellular,18,jul,1081,2,-1,0,unknown,1,positive,,
30,management,single,tertiary,no,no,yes,cellular,18,jul,572,1,-1,0,unknown,1,positive,,
30,services,divorced,primary,no,yes,no,cellular,18,jul,494,1,-1,0,unknown,1,positive,,
32,services,divorced,secondary,no,yes,no,cellular,18,jul,978,1,-1,0,unknown,1,positive,,
56,technician,divorced,secondary,no,no,no,cellular,18,jul,536,1,-1,0,unknown,1,positive,,
33,blue-collar,married,secondary,no,yes,no,cellular,18,jul,968,1,-1,0,unknown,1,positive,,
31,technician,married,secondary,yes,yes,no,cellular,18,jul,474,2,-1,0,unknown,1,negative,,
30,services,single,secondary,yes,yes,no,cellular,18,jul,516,1,-1,0,unknown,1,negative,,
33,blue-collar,married,secondary,no,yes,no,cellular,18,jul,278,2,-1,0,unknown,1,positive,,
30,blue-collar,single,secondary,no,yes,no,cellular,18,jul,610,1,-1,0,unknown,1,positive,,
32,self-employed,married,primary,no,yes,no,cellular,18,jul,560,1,-1,0,unknown,1,positive,,
41,blue-collar,divorced,primary,no,yes,no,cellular,18,jul,640,3,-1,0,unknown,1,positive,,
31,admin.,single,secondary,no,no,no,cellular,18,jul,420,1,-1,0,unknown,1,positive,,
30,admin.,divorced,secondary,no,yes,no,cellular,18,jul,658,2,-1,0,unknown,1,positive,,
51,housemaid,divorced,secondary,no,no,no,cellular,18,jul,655,4,-1,0,unknown,1,positive,,
34,admin.,divorced,secondary,no,no,no,cellular,18,jul,641,1,-1,0,unknown,1,negative,,
28,admin.,single,unknown,no,yes,no,cellular,18,jul,415,2,-1,0,unknown,1,positive,,
43,entrepreneur,married,secondary,no,yes,no,cellular,18,jul,635,3,-1,0,unknown,1,positive,,
33,technician,single,tertiary,no,yes,no,cellular,18,jul,1127,3,-1,0,unknown,1,positive,,
36,management,married,tertiary,no,yes,no,cellular,18,jul,1360,9,-1,0,unknown,1,positive,,
28,blue-collar,married,secondary,no,no,no,cellular,18,jul,588,7,-1,0,unknown,1,positive,,
32,admin.,divorced,secondary,no,no,yes,cellular,18,jul,1373,4,-1,0,unknown,1,negative,,
31,blue-collar,divorced,secondary,no,yes,yes,cellular,18,jul,913,4,-1,0,unknown,1,negative,,
35,entrepreneur,single,tertiary,no,yes,no,cellular,18,jul,799,2,-1,0,unknown,1,positive,,
31,management,married,tertiary,no,yes,no,cellular,18,jul,1139,2,-1,0,unknown,1,positive,,
32,management,single,tertiary,no,yes,no,cellular,21,jul,638,3,-1,0,unknown,1,positive,,
25,services,single,secondary,no,no,yes,cellular,21,jul,1105,2,-1,0,unknown,1,positive,,
56,retired,divorced,tertiary,no,no,yes,cellular,21,jul,854,1,-1,0,unknown,1,positive,,
31,blue-collar,married,primary,no,yes,yes,cellular,21,jul,1039,7,-1,0,unknown,1,negative,,
29,blue-collar,single,secondary,no,no,yes,cellular,21,jul,574,1,-1,0,unknown,1,negative,,
47,technician,married,secondary,no,yes,no,cellular,21,jul,919,2,-1,0,unknown,1,positive,,
32,services,married,primary,no,yes,no,cellular,21,jul,1017,6,-1,0,unknown,1,positive,,
39,management,married,tertiary,no,yes,no,telephone,21,jul,733,3,-1,0,unknown,1,positive,,
51,management,married,tertiary,no,yes,no,cellular,21,jul,553,1,-1,0,unknown,1,positive,,
40,blue-collar,married,primary,no,yes,no,cellular,21,jul,1080,4,-1,0,unknown,1,negative,,
54,technician,divorced,secondary,no,no,yes,cellular,21,jul,710,1,-1,0,unknown,1,positive,,
58,retired,married,unknown,no,no,no,cellular,21,jul,891,4,-1,0,unknown,1,positive,,
42,unemployed,married,unknown,no,yes,no,telephone,21,jul,691,10,-1,0,unknown,1,positive,,
56,services,married,primary,no,no,yes,telephone,21,jul,1877,1,-1,0,unknown,1,positive,,
25,student,married,tertiary,no,yes,no,cellular,21,jul,857,4,-1,0,unknown,1,positive,,
55,housemaid,married,secondary,no,yes,no,telephone,21,jul,1130,8,-1,0,unknown,1,positive,,
26,blue-collar,single,primary,no,yes,no,cellular,21,jul,577,2,-1,0,unknown,1,positive,,
40,admin.,single,secondary,no,no,no,cellular,21,jul,1342,2,-1,0,unknown,1,positive,,
26,technician,single,secondary,no,no,yes,cellular,21,jul,1002,3,-1,0,unknown,1,positive,,
35,management,single,tertiary,no,no,yes,cellular,21,jul,985,11,-1,0,unknown,1,negative,,
34,services,single,secondary,no,no,no,cellular,21,jul,1360,3,-1,0,unknown,1,negative,,
41,management,single,tertiary,no,no,no,cellular,21,jul,1134,5,-1,0,unknown,1,positive,,
44,management,married,primary,no,yes,no,cellular,22,jul,712,6,-1,0,unknown,1,positive,,
47,admin.,married,secondary,no,yes,no,cellular,22,jul,1352,2,-1,0,unknown,1,positive,,
33,management,single,tertiary,no,yes,no,cellular,22,jul,1077,1,-1,0,unknown,1,positive,,
36,management,divorced,tertiary,no,no,yes,cellular,22,jul,560,1,-1,0,unknown,1,positive,,
38,technician,married,secondary,no,yes,no,cellular,22,jul,1545,1,-1,0,unknown,1,negative,,
35,technician,married,tertiary,no,yes,no,cellular,22,jul,654,2,-1,0,unknown,1,positive,,
41,technician,single,tertiary,no,no,no,cellular,22,jul,1833,2,-1,0,unknown,1,positive,,
41,management,divorced,unknown,no,yes,no,cellular,22,jul,1508,1,-1,0,unknown,1,positive,,
28,blue-collar,married,secondary,no,yes,no,cellular,22,jul,598,5,-1,0,unknown,1,positive,,
35,admin.,single,secondary,no,yes,no,cellular,22,jul,560,2,-1,0,unknown,1,positive,,
26,services,married,secondary,no,yes,yes,cellular,22,jul,1237,7,-1,0,unknown,1,negative,,
39,blue-collar,single,secondary,no,no,no,cellular,22,jul,864,4,-1,0,unknown,1,negative,,
25,admin.,married,unknown,no,yes,no,cellular,22,jul,1037,8,-1,0,unknown,1,positive,,
37,admin.,married,secondary,no,yes,no,telephone,22,jul,802,11,-1,0,unknown,1,positive,,
27,services,married,secondary,no,yes,no,cellular,22,jul,1608,13,-1,0,unknown,1,negative,,
25,management,married,secondary,no,yes,no,cellular,23,jul,754,1,-1,0,unknown,1,positive,,
46,management,divorced,tertiary,no,yes,no,cellular,23,jul,870,1,-1,0,unknown,1,positive,,
42,management,divorced,secondary,no,yes,no,cellular,23,jul,761,1,-1,0,unknown,1,positive,,
25,blue-collar,single,secondary,no,yes,no,cellular,23,jul,633,1,-1,0,unknown,1,negative,,
28,technician,single,tertiary,no,no,yes,cellular,23,jul,690,1,-1,0,unknown,1,negative,,
33,services,divorced,secondary,no,no,yes,cellular,23,jul,529,1,-1,0,unknown,1,positive,,
32,management,single,secondary,no,yes,yes,cellular,23,jul,1152,2,-1,0,unknown,1,positive,,
32,blue-collar,married,secondary,no,yes,no,cellular,23,jul,956,9,-1,0,unknown,1,positive,,
47,technician,single,secondary,no,yes,no,cellular,23,jul,957,3,-1,0,unknown,1,positive,,
50,entrepreneur,married,tertiary,no,yes,no,cellular,23,jul,1327,2,-1,0,unknown,1,negative,,
32,blue-collar,single,secondary,no,no,yes,cellular,23,jul,2078,6,-1,0,unknown,1,positive,,
28,student,single,secondary,no,no,no,cellular,23,jul,1124,2,-1,0,unknown,1,positive,,
27,technician,married,secondary,no,yes,no,cellular,23,jul,228,2,-1,0,unknown,1,negative,,
45,admin.,married,secondary,no,yes,no,cellular,23,jul,808,1,-1,0,unknown,1,positive,,
51,admin.,single,secondary,no,no,no,cellular,23,jul,638,2,-1,0,unknown,1,positive,,
36,admin.,married,secondary,no,yes,yes,cellular,23,jul,1201,6,-1,0,unknown,1,positive,,
51,self-employed,married,secondary,no,yes,no,cellular,23,jul,1309,4,-1,0,unknown,1,positive,,
33,services,single,tertiary,no,yes,no,cellular,23,jul,1359,6,-1,0,unknown,1,positive,,
59,technician,married,secondary,no,yes,yes,cellular,23,jul,416,4,-1,0,unknown,1,positive,,
38,entrepreneur,married,tertiary,no,no,no,cellular,23,jul,532,2,-1,0,unknown,1,negative,,
40,services,married,secondary,no,yes,no,cellular,24,jul,430,4,-1,0,unknown,1,positive,,
51,blue-collar,married,primary,no,yes,no,cellular,24,jul,853,2,-1,0,unknown,1,positive,,
41,entrepreneur,single,secondary,no,no,no,cellular,24,jul,1204,1,-1,0,unknown,1,positive,,
55,retired,divorced,secondary,no,no,yes,cellular,24,jul,1417,1,-1,0,unknown,1,negative,,
38,entrepreneur,married,secondary,no,yes,yes,cellular,24,jul,1484,24,-1,0,unknown,1,positive,,
31,management,married,tertiary,no,yes,yes,cellular,24,jul,1441,2,-1,0,unknown,1,positive,,
28,admin.,single,secondary,no,yes,no,cellular,24,jul,454,1,-1,0,unknown,1,positive,,
41,blue-collar,married,secondary,yes,no,yes,cellular,24,jul,651,1,-1,0,unknown,1,positive,,
33,management,divorced,tertiary,no,yes,no,cellular,24,jul,1491,2,-1,0,unknown,1,positive,,
25,student,single,secondary,no,yes,no,cellular,24,jul,903,1,-1,0,unknown,1,positive,,
45,admin.,divorced,secondary,no,yes,no,cellular,24,jul,873,8,-1,0,unknown,1,positive,,
25,technician,single,secondary,no,no,no,cellular,24,jul,709,1,-1,0,unknown,1,positive,,
31,blue-collar,married,primary,no,yes,no,cellular,24,jul,901,2,-1,0,unknown,1,positive,,
28,services,single,secondary,no,yes,no,cellular,24,jul,821,2,-1,0,unknown,1,positive,,
49,technician,divorced,secondary,no,no,no,cellular,24,jul,367,2,-1,0,unknown,1,positive,,
25,services,married,secondary,no,yes,no,cellular,24,jul,458,9,-1,0,unknown,1,negative,,
28,unemployed,single,tertiary,no,yes,no,cellular,24,jul,1602,6,-1,0,unknown,1,positive,,
54,retired,married,secondary,no,no,no,telephone,25,jul,1492,2,-1,0,unknown,1,positive,,
28,technician,single,tertiary,no,yes,no,cellular,25,jul,1422,2,-1,0,unknown,1,positive,,
27,technician,single,tertiary,no,yes,yes,cellular,25,jul,728,2,-1,0,unknown,1,positive,,
49,blue-collar,single,primary,no,yes,no,cellular,25,jul,979,2,-1,0,unknown,1,positive,,
53,blue-collar,married,primary,no,yes,no,cellular,25,jul,616,5,-1,0,unknown,1,positive,,
26,technician,single,secondary,no,no,yes,cellular,25,jul,784,1,-1,0,unknown,1,positive,,
37,services,married,secondary,no,no,yes,cellular,25,jul,1000,1,-1,0,unknown,1,positive,,
34,blue-collar,single,secondary,no,no,yes,cellular,25,jul,695,1,-1,0,unknown,1,positive,,
33,admin.,married,secondary,no,yes,no,cellular,25,jul,735,1,-1,0,unknown,1,positive,,
35,management,divorced,tertiary,no,yes,no,cellular,25,jul,862,1,-1,0,unknown,1,positive,,
51,retired,married,primary,no,no,no,telephone,25,jul,1946,4,-1,0,unknown,1,positive,,
39,housemaid,married,secondary,no,no,no,telephone,25,jul,362,8,-1,0,unknown,1,positive,,
35,technician,single,tertiary,no,yes,no,cellular,25,jul,743,13,-1,0,unknown,1,positive,,
51,unemployed,married,primary,no,yes,no,cellular,25,jul,2015,1,-1,0,unknown,1,positive,,
30,management,single,tertiary,no,yes,yes,cellular,25,jul,1031,8,-1,0,unknown,1,positive,,
42,blue-collar,single,primary,no,yes,no,cellular,25,jul,590,8,-1,0,unknown,1,positive,,
54,management,married,secondary,no,yes,no,cellular,25,jul,1330,3,-1,0,unknown,1,positive,,
51,blue-collar,married,primary,no,yes,yes,cellular,25,jul,946,3,-1,0,unknown,1,negative,,
57,retired,divorced,primary,no,no,yes,cellular,25,jul,1448,17,-1,0,unknown,1,positive,,
30,management,married,tertiary,no,yes,no,telephone,25,jul,279,4,-1,0,unknown,1,positive,,
37,blue-collar,single,secondary,no,no,yes,cellular,25,jul,661,4,-1,0,unknown,1,positive,,
39,technician,married,secondary,no,yes,no,cellular,25,jul,1369,9,-1,0,unknown,1,positive,,
35,technician,married,tertiary,no,no,no,cellular,25,jul,653,4,-1,0,unknown,1,positive,,
48,management,married,secondary,no,yes,no,cellular,28,jul,458,7,-1,0,unknown,1,positive,,
45,admin.,divorced,tertiary,no,no,no,cellular,28,jul,365,4,-1,0,unknown,1,positive,,
31,management,married,tertiary,no,yes,yes,cellular,28,jul,664,8,-1,0,unknown,1,negative,,
35,self-employed,married,secondary,no,yes,no,cellular,28,jul,699,3,-1,0,unknown,1,positive,,
48,housemaid,married,secondary,no,no,yes,cellular,28,jul,939,3,-1,0,unknown,1,positive,,
43,services,married,secondary,no,yes,no,cellular,28,jul,745,7,-1,0,unknown,1,negative,,
43,blue-collar,single,primary,no,no,yes,cellular,28,jul,662,3,-1,0,unknown,1,negative,,
49,services,divorced,secondary,no,no,no,cellular,28,jul,412,2,-1,0,unknown,1,negative,,
53,housemaid,married,primary,no,no,no,cellular,28,jul,1169,2,-1,0,unknown,1,positive,,
48,entrepreneur,married,secondary,no,no,yes,cellular,28,jul,431,2,-1,0,unknown,1,negative,,
27,technician,single,secondary,no,no,no,cellular,28,jul,837,3,-1,0,unknown,1,positive,,
55,technician,married,secondary,no,yes,no,telephone,28,jul,596,4,-1,0,unknown,1,positive,,
40,services,married,secondary,no,yes,no,cellular,28,jul,383,3,-1,0,unknown,1,positive,,
40,self-employed,single,tertiary,no,no,no,telephone,28,jul,1009,7,-1,0,unknown,1,positive,,
38,blue-collar,divorced,secondary,no,yes,no,cellular,28,jul,1096,4,-1,0,unknown,1,positive,,
54,retired,single,secondary,no,no,yes,cellular,28,jul,867,2,-1,0,unknown,1,positive,,
54,technician,married,secondary,no,no,yes,cellular,28,jul,551,3,-1,0,unknown,1,positive,,
50,admin.,single,secondary,no,no,no,cellular,28,jul,890,4,-1,0,unknown,1,positive,,
27,admin.,single,secondary,no,no,no,telephone,28,jul,1076,17,-1,0,unknown,1,positive,,
48,management,divorced,tertiary,no,no,no,cellular,29,jul,874,2,-1,0,unknown,1,positive,,
41,services,married,unknown,no,no,no,cellular,29,jul,710,2,-1,0,unknown,1,positive,,
51,blue-collar,divorced,primary,no,no,no,cellular,29,jul,600,2,-1,0,unknown,1,positive,,
42,technician,single,tertiary,no,no,no,cellular,29,jul,2516,2,-1,0,unknown,1,positive,,
33,blue-collar,married,secondary,no,no,no,cellular,29,jul,454,6,-1,0,unknown,1,negative,,
58,retired,divorced,secondary,no,yes,no,cellular,29,jul,1058,2,-1,0,unknown,1,positive,,
47,unemployed,married,secondary,no,no,no,cellular,29,jul,884,1,-1,0,unknown,1,positive,,
58,admin.,married,secondary,no,yes,no,telephone,29,jul,616,13,-1,0,unknown,1,positive,,
60,self-employed,married,primary,no,no,yes,cellular,29,jul,816,6,-1,0,unknown,1,positive,,
41,blue-collar,married,secondary,no,no,yes,cellular,29,jul,808,3,-1,0,unknown,1,negative,,
46,admin.,married,secondary,no,yes,no,telephone,29,jul,1127,11,-1,0,unknown,1,positive,,
50,admin.,married,secondary,no,no,no,telephone,30,jul,1011,6,-1,0,unknown,1,positive,,
46,housemaid,married,secondary,no,yes,no,cellular,30,jul,1013,29,-1,0,unknown,1,positive,,
47,management,single,tertiary,no,no,yes,cellular,30,jul,802,4,-1,0,unknown,1,positive,,
44,blue-collar,married,secondary,no,no,no,cellular,30,jul,684,2,-1,0,unknown,1,negative,,
46,self-employed,divorced,tertiary,no,no,no,cellular,30,jul,566,2,-1,0,unknown,1,positive,,
36,services,married,secondary,no,no,no,cellular,30,jul,843,2,-1,0,unknown,1,negative,,
39,blue-collar,married,unknown,no,yes,no,cellular,30,jul,650,2,-1,0,unknown,1,positive,,
58,management,divorced,secondary,no,no,no,telephone,30,jul,542,2,-1,0,unknown,1,positive,,
44,unemployed,single,primary,yes,no,yes,cellular,30,jul,788,2,-1,0,unknown,1,negative,,
49,entrepreneur,divorced,unknown,yes,yes,no,cellular,30,jul,988,2,-1,0,unknown,1,negative,,
55,management,married,tertiary,no,no,no,cellular,30,jul,814,2,-1,0,unknown,1,negative,,
52,unemployed,married,primary,no,no,no,telephone,30,jul,694,2,-1,0,unknown,1,positive,,
37,services,married,secondary,no,yes,yes,cellular,30,jul,543,4,-1,0,unknown,1,positive,,
60,retired,divorced,secondary,no,no,no,cellular,30,jul,441,5,-1,0,unknown,1,positive,,
41,services,married,unknown,yes,no,yes,cellular,30,jul,1171,4,-1,0,unknown,1,negative,,
36,management,married,tertiary,no,no,no,cellular,30,jul,729,4,-1,0,unknown,1,positive,,
41,blue-collar,divorced,primary,no,no,no,cellular,30,jul,509,2,-1,0,unknown,1,negative,,
50,entrepreneur,married,tertiary,no,no,no,telephone,30,jul,1089,4,-1,0,unknown,1,positive,,
44,housemaid,married,primary,no,no,yes,cellular,30,jul,1211,2,-1,0,unknown,1,negative,,
54,technician,married,secondary,no,no,no,cellular,30,jul,458,3,-1,0,unknown,1,positive,,
35,management,married,tertiary,no,yes,no,cellular,30,jul,540,8,-1,0,unknown,1,negative,,
59,retired,divorced,secondary,no,no,no,cellular,30,jul,761,4,-1,0,unknown,1,positive,,
42,entrepreneur,married,unknown,no,yes,no,cellular,30,jul,695,2,-1,0,unknown,1,positive,,
27,management,single,tertiary,no,yes,no,cellular,30,jul,764,4,-1,0,unknown,1,positive,,
27,technician,single,secondary,no,yes,no,cellular,30,jul,356,4,-1,0,unknown,1,positive,,
36,housemaid,married,primary,no,yes,no,telephone,30,jul,2692,9,-1,0,unknown,1,positive,,
59,housemaid,divorced,primary,no,no,no,cellular,30,jul,675,3,-1,0,unknown,1,positive,,
43,admin.,married,secondary,no,no,no,cellular,30,jul,782,8,-1,0,unknown,1,positive,,
39,technician,single,secondary,no,no,yes,cellular,30,jul,962,4,-1,0,unknown,1,positive,,
33,unemployed,married,secondary,no,no,no,cellular,30,jul,481,3,-1,0,unknown,1,negative,,
36,self-employed,single,tertiary,no,no,no,cellular,31,jul,812,3,-1,0,unknown,1,positive,,
35,blue-collar,divorced,primary,no,yes,no,cellular,31,jul,630,6,-1,0,unknown,1,positive,,
50,blue-collar,married,unknown,no,yes,no,telephone,31,jul,1088,17,-1,0,unknown,1,positive,,
55,technician,married,secondary,no,yes,yes,cellular,31,jul,1150,5,-1,0,unknown,1,positive,,
51,unemployed,divorced,tertiary,no,no,no,cellular,31,jul,574,2,-1,0,unknown,1,negative,,
48,entrepreneur,married,tertiary,yes,no,no,cellular,31,jul,725,4,-1,0,unknown,1,negative,,
55,housemaid,divorced,primary,no,no,no,cellular,31,jul,463,6,-1,0,unknown,1,positive,,
30,services,married,secondary,no,yes,no,cellular,31,jul,662,13,-1,0,unknown,1,positive,,
53,blue-collar,married,primary,no,no,no,cellular,31,jul,727,4,-1,0,unknown,1,positive,,
40,blue-collar,married,secondary,no,no,no,cellular,31,jul,1107,2,-1,0,unknown,1,positive,,
44,technician,married,primary,no,no,yes,cellular,31,jul,829,4,-1,0,unknown,1,positive,,
51,self-employed,married,tertiary,no,yes,yes,cellular,31,jul,612,4,-1,0,unknown,1,positive,,
58,management,married,secondary,no,no,no,cellular,31,jul,644,12,-1,0,unknown,1,negative,,
40,housemaid,single,tertiary,no,no,no,cellular,31,jul,1461,6,-1,0,unknown,1,positive,,
35,management,married,tertiary,no,no,no,cellular,31,jul,361,4,-1,0,unknown,1,positive,,
49,management,divorced,tertiary,no,no,no,cellular,31,jul,1212,4,-1,0,unknown,1,positive,,
40,blue-collar,married,primary,no,yes,no,cellular,31,jul,1007,9,-1,0,unknown,1,positive,,
48,admin.,married,primary,no,yes,yes,telephone,31,jul,1039,9,-1,0,unknown,1,positive,,
40,admin.,married,secondary,no,no,no,cellular,31,jul,1142,5,-1,0,unknown,1,positive,,
58,unemployed,married,primary,no,no,no,cellular,31,jul,1721,5,-1,0,unknown,1,positive,,
49,services,married,secondary,no,no,no,telephone,31,jul,1032,4,-1,0,unknown,1,positive,,
38,technician,married,secondary,no,no,no,cellular,4,aug,846,1,-1,0,unknown,1,positive,,
51,housemaid,divorced,tertiary,no,no,no,cellular,4,aug,870,1,-1,0,unknown,1,positive,,
36,management,divorced,tertiary,no,no,no,cellular,4,aug,1165,1,-1,0,unknown,1,negative,,
55,retired,married,secondary,no,no,no,cellular,4,aug,1110,1,-1,0,unknown,1,negative,,
52,management,married,tertiary,no,no,no,cellular,4,aug,1486,1,-1,0,unknown,1,positive,,
43,technician,married,tertiary,no,no,no,cellular,4,aug,1488,2,-1,0,unknown,1,negative,,
60,management,divorced,secondary,no,no,no,cellular,5,aug,603,3,-1,0,unknown,1,negative,,
57,retired,married,secondary,no,no,no,cellular,5,aug,641,2,-1,0,unknown,1,positive,,
41,technician,married,tertiary,no,no,no,cellular,5,aug,837,2,-1,0,unknown,1,positive,,
50,technician,married,tertiary,no,no,no,cellular,5,aug,553,1,-1,0,unknown,1,positive,,
53,blue-collar,married,secondary,no,no,no,cellular,5,aug,794,1,-1,0,unknown,1,negative,,
59,retired,married,primary,no,yes,yes,cellular,5,aug,836,1,-1,0,unknown,1,positive,,
59,housemaid,married,primary,no,no,no,cellular,5,aug,1134,1,-1,0,unknown,1,positive,,
33,management,married,tertiary,no,no,no,cellular,5,aug,1109,2,-1,0,unknown,1,positive,,
52,unknown,married,unknown,no,no,no,cellular,5,aug,607,3,-1,0,unknown,1,positive,,
58,management,divorced,tertiary,no,no,no,cellular,5,aug,1536,1,-1,0,unknown,1,positive,,
58,unknown,married,unknown,no,no,no,telephone,5,aug,1186,4,-1,0,unknown,1,positive,,
59,retired,married,primary,no,yes,no,cellular,5,aug,515,3,-1,0,unknown,1,positive,,
51,admin.,married,secondary,no,no,no,cellular,5,aug,1092,1,-1,0,unknown,1,positive,,
50,admin.,married,secondary,no,no,no,cellular,5,aug,720,2,-1,0,unknown,1,positive,,
49,technician,single,secondary,no,no,no,cellular,5,aug,935,1,-1,0,unknown,1,positive,,
33,management,divorced,tertiary,no,no,no,cellular,5,aug,1051,2,-1,0,unknown,1,positive,,
55,blue-collar,married,primary,no,no,no,cellular,5,aug,1200,2,-1,0,unknown,1,positive,,
42,technician,married,tertiary,no,no,no,cellular,5,aug,531,3,-1,0,unknown,1,positive,,
52,services,married,secondary,no,no,no,cellular,5,aug,766,2,-1,0,unknown,1,positive,,
38,technician,married,tertiary,no,no,no,cellular,5,aug,1311,2,-1,0,unknown,1,positive,,
55,technician,married,tertiary,no,no,yes,cellular,5,aug,618,2,-1,0,unknown,1,positive,,
49,technician,married,tertiary,no,no,no,cellular,5,aug,875,2,-1,0,unknown,1,positive,,
56,technician,divorced,secondary,no,yes,no,cellular,5,aug,419,3,-1,0,unknown,1,positive,,
46,technician,married,secondary,no,no,no,cellular,5,aug,1227,2,-1,0,unknown,1,positive,,
57,retired,divorced,tertiary,no,no,no,cellular,6,aug,1357,4,-1,0,unknown,1,positive,,
61,retired,married,secondary,no,no,no,cellular,6,aug,455,4,-1,0,unknown,1,positive,,
45,admin.,married,secondary,no,no,no,cellular,6,aug,406,2,-1,0,unknown,1,positive,,
39,management,married,tertiary,no,no,no,cellular,6,aug,902,3,-1,0,unknown,1,positive,,
46,admin.,married,secondary,no,no,no,cellular,6,aug,740,2,-1,0,unknown,1,positive,,
34,management,single,tertiary,no,no,no,cellular,6,aug,637,2,-1,0,unknown,1,positive,,
43,management,single,tertiary,no,no,no,cellular,6,aug,501,2,-1,0,unknown,1,positive,,
34,services,married,secondary,no,no,no,cellular,6,aug,835,2,-1,0,unknown,1,positive,,
35,management,divorced,tertiary,no,no,no,cellular,6,aug,720,2,-1,0,unknown,1,positive,,
36,management,divorced,tertiary,yes,no,no,cellular,6,aug,836,4,-1,0,unknown,1,positive,,
45,management,divorced,tertiary,no,no,no,cellular,6,aug,490,2,-1,0,unknown,1,positive,,
47,technician,married,secondary,no,no,no,cellular,6,aug,763,2,-1,0,unknown,1,positive,,
42,technician,married,tertiary,no,yes,no,cellular,6,aug,649,4,-1,0,unknown,1,positive,,
34,blue-collar,married,secondary,no,no,no,cellular,6,aug,938,2,-1,0,unknown,1,positive,,
40,management,single,tertiary,no,no,no,cellular,6,aug,641,6,-1,0,unknown,1,negative,,
40,technician,divorced,secondary,no,no,no,cellular,6,aug,738,2,-1,0,unknown,1,positive,,
32,technician,married,secondary,no,no,no,cellular,6,aug,1044,4,-1,0,unknown,1,positive,,
33,technician,single,secondary,no,no,yes,cellular,6,aug,482,2,-1,0,unknown,1,positive,,
32,self-employed,married,tertiary,no,no,no,cellular,6,aug,1249,4,-1,0,unknown,1,positive,,
46,blue-collar,married,primary,no,no,no,cellular,6,aug,996,1,-1,0,unknown,1,positive,,
50,admin.,married,secondary,no,yes,no,cellular,6,aug,1250,4,-1,0,unknown,1,positive,,
51,blue-collar,married,primary,no,no,no,cellular,6,aug,1471,7,-1,0,unknown,1,positive,,
30,management,single,tertiary,no,no,no,cellular,6,aug,1456,3,-1,0,unknown,1,positive,,
34,technician,divorced,tertiary,no,yes,no,cellular,7,aug,587,2,-1,0,unknown,1,positive,,
39,technician,single,secondary,no,no,no,cellular,7,aug,395,2,-1,0,unknown,1,positive,,
47,admin.,married,secondary,no,no,no,cellular,7,aug,663,4,-1,0,unknown,1,positive,,
40,technician,divorced,secondary,no,no,no,cellular,7,aug,674,2,-1,0,unknown,1,negative,,
50,blue-collar,married,primary,no,yes,no,cellular,7,aug,526,2,-1,0,unknown,1,positive,,
60,management,married,tertiary,no,no,no,cellular,7,aug,401,3,-1,0,unknown,1,negative,,
32,management,single,tertiary,no,no,no,cellular,7,aug,1321,9,-1,0,unknown,1,positive,,
57,technician,married,tertiary,no,no,no,cellular,7,aug,797,2,-1,0,unknown,1,positive,,
41,self-employed,married,tertiary,no,no,no,cellular,7,aug,352,2,-1,0,unknown,1,positive,,
50,technician,married,secondary,no,no,no,cellular,7,aug,670,1,-1,0,unknown,1,positive,,
46,technician,divorced,secondary,no,yes,no,cellular,7,aug,429,3,-1,0,unknown,1,negative,,
31,management,married,tertiary,no,no,no,cellular,7,aug,1182,1,-1,0,unknown,1,positive,,
36,technician,single,secondary,no,no,no,cellular,7,aug,876,1,-1,0,unknown,1,positive,,
45,technician,divorced,secondary,no,no,no,cellular,7,aug,895,3,-1,0,unknown,1,positive,,
33,technician,divorced,secondary,no,no,no,cellular,7,aug,341,5,-1,0,unknown,1,positive,,
41,technician,married,tertiary,no,no,no,cellular,8,aug,193,3,-1,0,unknown,1,positive,,
37,technician,single,secondary,no,no,no,cellular,8,aug,1306,5,-1,0,unknown,1,positive,,
60,management,married,tertiary,no,no,no,telephone,8,aug,243,2,-1,0,unknown,1,positive,,
47,services,married,secondary,no,no,yes,cellular,8,aug,994,2,-1,0,unknown,1,positive,,
35,management,married,tertiary,no,no,no,cellular,8,aug,507,4,-1,0,unknown,1,positive,,
47,blue-collar,married,secondary,no,no,no,cellular,8,aug,784,2,-1,0,unknown,1,positive,,
38,management,married,tertiary,no,no,no,unknown,8,aug,317,4,-1,0,unknown,1,positive,,
33,management,married,tertiary,no,no,no,cellular,8,aug,512,4,-1,0,unknown,1,positive,,
44,technician,single,secondary,no,no,no,cellular,8,aug,809,2,-1,0,unknown,1,positive,,
31,management,single,tertiary,no,no,yes,cellular,8,aug,523,2,-1,0,unknown,1,positive,,
31,management,single,tertiary,no,no,no,cellular,8,aug,669,2,-1,0,unknown,1,positive,,
32,technician,single,secondary,no,no,no,cellular,8,aug,419,2,-1,0,unknown,1,positive,,
49,services,married,secondary,no,no,no,cellular,8,aug,780,4,-1,0,unknown,1,positive,,
52,services,married,primary,no,no,no,cellular,8,aug,459,2,-1,0,unknown,1,positive,,
31,technician,married,tertiary,no,no,no,cellular,8,aug,1000,1,-1,0,unknown,1,positive,,
35,management,married,tertiary,no,yes,yes,cellular,8,aug,733,3,-1,0,unknown,1,positive,,
32,technician,single,secondary,no,no,no,cellular,8,aug,580,3,-1,0,unknown,1,positive,,
31,management,single,tertiary,no,no,no,cellular,8,aug,848,1,-1,0,unknown,1,positive,,
36,technician,divorced,secondary,no,no,no,cellular,8,aug,1242,3,-1,0,unknown,1,positive,,
39,management,married,tertiary,no,no,no,cellular,8,aug,922,7,-1,0,unknown,1,positive,,
46,management,married,tertiary,no,no,no,cellular,8,aug,1206,4,-1,0,unknown,1,positive,,
46,management,divorced,tertiary,no,no,no,cellular,11,aug,716,3,-1,0,unknown,1,positive,,
48,blue-collar,married,primary,no,no,no,cellular,11,aug,856,3,-1,0,unknown,1,positive,,
36,management,married,tertiary,no,no,no,cellular,11,aug,386,4,-1,0,unknown,1,positive,,
30,management,married,tertiary,no,yes,no,cellular,11,aug,384,6,-1,0,unknown,1,positive,,
30,management,single,tertiary,no,no,no,cellular,11,aug,545,2,-1,0,unknown,1,positive,,
33,management,single,tertiary,no,no,no,cellular,11,aug,1070,2,-1,0,unknown,1,positive,,
57,housemaid,married,primary,no,no,no,cellular,11,aug,610,4,-1,0,unknown,1,positive,,
33,management,single,tertiary,no,no,no,cellular,11,aug,699,7,-1,0,unknown,1,negative,,
35,management,married,tertiary,no,no,no,cellular,11,aug,917,4,-1,0,unknown,1,positive,,
39,management,married,secondary,no,yes,no,cellular,11,aug,744,2,-1,0,unknown,1,positive,,
53,management,married,tertiary,no,no,no,cellular,11,aug,608,2,-1,0,unknown,1,negative,,
39,management,married,secondary,no,no,no,cellular,11,aug,1141,4,-1,0,unknown,1,positive,,
41,management,married,secondary,no,yes,no,cellular,11,aug,734,4,-1,0,unknown,1,positive,,
32,management,single,secondary,no,no,no,cellular,11,aug,1238,1,-1,0,unknown,1,positive,,
31,management,married,secondary,no,no,no,cellular,11,aug,720,1,-1,0,unknown,1,negative,,
37,technician,single,secondary,no,no,no,cellular,11,aug,933,1,-1,0,unknown,1,positive,,
51,blue-collar,married,primary,no,no,no,cellular,11,aug,663,3,-1,0,unknown,1,positive,,
41,management,married,tertiary,no,no,no,cellular,11,aug,1242,5,-1,0,unknown,1,negative,,
35,technician,single,secondary,no,no,no,cellular,11,aug,444,3,-1,0,unknown,1,positive,,
48,blue-collar,married,primary,no,no,yes,cellular,11,aug,418,5,-1,0,unknown,1,positive,,
34,management,married,tertiary,no,no,yes,cellular,11,aug,1080,3,-1,0,unknown,1,positive,,
47,blue-collar,married,secondary,no,no,no,cellular,11,aug,479,1,-1,0,unknown,1,positive,,
46,unemployed,married,secondary,no,no,no,cellular,12,aug,645,2,-1,0,unknown,1,positive,,
60,retired,married,secondary,no,no,no,cellular,12,aug,506,2,-1,0,unknown,1,positive,,
39,management,married,secondary,no,no,no,cellular,12,aug,768,2,-1,0,unknown,1,positive,,
57,blue-collar,married,primary,no,no,no,cellular,12,aug,1134,2,-1,0,unknown,1,positive,,
32,management,divorced,tertiary,no,no,no,cellular,12,aug,1282,6,-1,0,unknown,1,positive,,
32,management,single,tertiary,no,yes,no,cellular,12,aug,971,2,-1,0,unknown,1,positive,,
36,unemployed,divorced,secondary,no,no,no,cellular,12,aug,396,3,-1,0,unknown,1,positive,,
30,management,married,secondary,no,no,no,cellular,12,aug,507,2,-1,0,unknown,1,positive,,
33,technician,married,secondary,no,no,no,cellular,12,aug,439,4,-1,0,unknown,1,positive,,
57,management,divorced,tertiary,no,yes,no,cellular,12,aug,865,2,-1,0,unknown,1,positive,,
38,technician,single,tertiary,no,yes,yes,cellular,12,aug,1103,2,-1,0,unknown,1,positive,,
46,self-employed,married,secondary,no,no,no,cellular,12,aug,1181,4,-1,0,unknown,1,positive,,
30,management,married,tertiary,no,yes,no,cellular,12,aug,1133,4,-1,0,unknown,1,positive,,
49,management,married,tertiary,no,no,no,cellular,12,aug,884,4,-1,0,unknown,1,positive,,
38,technician,married,secondary,no,no,no,cellular,12,aug,926,4,-1,0,unknown,1,positive,,
36,technician,single,secondary,yes,no,no,cellular,12,aug,587,2,-1,0,unknown,1,positive,,
49,blue-collar,married,primary,no,no,no,cellular,12,aug,696,2,-1,0,unknown,1,positive,,
49,blue-collar,married,secondary,no,no,no,cellular,12,aug,645,8,-1,0,unknown,1,positive,,
40,unemployed,divorced,secondary,no,no,no,cellular,12,aug,473,6,-1,0,unknown,1,positive,,
49,blue-collar,married,primary,no,no,no,cellular,12,aug,559,4,-1,0,unknown,1,positive,,
38,management,married,tertiary,no,no,no,cellular,12,aug,1092,5,-1,0,unknown,1,positive,,
31,management,single,tertiary,no,no,no,cellular,12,aug,453,3,-1,0,unknown,1,positive,,
31,technician,single,tertiary,no,no,no,cellular,12,aug,1344,7,-1,0,unknown,1,positive,,
34,management,married,tertiary,no,yes,no,cellular,12,aug,1307,4,-1,0,unknown,1,positive,,
39,management,married,tertiary,no,yes,no,cellular,12,aug,1344,1,-1,0,unknown,1,positive,,
33,management,single,tertiary,no,no,no,cellular,12,aug,978,1,-1,0,unknown,1,positive,,
40,management,married,secondary,no,no,no,cellular,12,aug,432,3,-1,0,unknown,1,positive,,
47,technician,married,secondary,no,yes,no,cellular,12,aug,1613,1,-1,0,unknown,1,positive,,
37,technician,single,secondary,no,no,no,cellular,12,aug,664,3,-1,0,unknown,1,positive,,
44,technician,single,secondary,no,yes,no,cellular,12,aug,1735,4,-1,0,unknown,1,positive,,
55,management,married,tertiary,no,no,no,cellular,12,aug,940,10,-1,0,unknown,1,positive,,
30,management,single,tertiary,no,no,no,cellular,12,aug,796,4,-1,0,unknown,1,positive,,
40,technician,married,secondary,no,no,no,cellular,13,aug,1842,2,-1,0,unknown,1,positive,,
54,retired,married,primary,no,no,no,cellular,13,aug,969,2,-1,0,unknown,1,positive,,
35,technician,married,secondary,no,no,yes,cellular,13,aug,823,2,-1,0,unknown,1,negative,,
31,entrepreneur,single,tertiary,yes,yes,yes,cellular,13,aug,703,2,-1,0,unknown,1,negative,,
32,technician,single,tertiary,no,no,no,telephone,13,aug,618,9,-1,0,unknown,1,positive,,
36,management,divorced,tertiary,no,no,no,cellular,13,aug,526,2,-1,0,unknown,1,positive,,
58,retired,married,primary,no,no,no,cellular,13,aug,455,2,-1,0,unknown,1,positive,,
37,management,married,tertiary,no,no,no,cellular,13,aug,846,5,-1,0,unknown,1,positive,,
37,technician,single,secondary,no,yes,no,cellular,13,aug,1149,6,-1,0,unknown,1,negative,,
50,self-employed,married,secondary,no,no,no,cellular,13,aug,665,2,-1,0,unknown,1,positive,,
58,retired,married,tertiary,no,no,no,cellular,13,aug,641,4,-1,0,unknown,1,negative,,
52,technician,divorced,secondary,no,no,no,cellular,13,aug,404,6,-1,0,unknown,1,positive,,
31,management,married,tertiary,no,no,no,cellular,13,aug,657,7,-1,0,unknown,1,positive,,
40,management,married,tertiary,no,no,no,cellular,13,aug,737,4,-1,0,unknown,1,positive,,
34,management,single,tertiary,no,yes,no,cellular,13,aug,871,4,-1,0,unknown,1,positive,,
53,services,married,secondary,no,no,no,cellular,13,aug,838,4,-1,0,unknown,1,positive,,
43,management,married,tertiary,no,no,no,cellular,13,aug,379,6,-1,0,unknown,1,positive,,
30,technician,single,tertiary,no,no,no,cellular,13,aug,851,8,-1,0,unknown,1,positive,,
35,management,divorced,tertiary,no,yes,no,cellular,13,aug,1314,2,-1,0,unknown,1,positive,,
34,technician,single,secondary,no,no,no,cellular,13,aug,990,1,-1,0,unknown,1,positive,,
48,admin.,divorced,secondary,no,no,no,cellular,13,aug,529,1,-1,0,unknown,1,positive,,
33,management,married,tertiary,no,no,no,cellular,13,aug,1148,2,-1,0,unknown,1,positive,,
37,management,single,tertiary,no,yes,no,cellular,13,aug,904,6,-1,0,unknown,1,positive,,
57,technician,divorced,secondary,no,no,no,cellular,14,aug,707,2,-1,0,unknown,1,positive,,
55,retired,married,primary,no,no,no,cellular,14,aug,632,4,-1,0,unknown,1,positive,,
34,technician,married,tertiary,no,yes,no,cellular,14,aug,593,4,-1,0,unknown,1,positive,,
44,entrepreneur,married,tertiary,no,no,no,telephone,14,aug,552,2,-1,0,unknown,1,positive,,
35,management,single,tertiary,no,no,no,cellular,14,aug,857,2,-1,0,unknown,1,positive,,
34,housemaid,married,primary,no,no,no,cellular,14,aug,518,2,-1,0,unknown,1,positive,,
34,technician,single,tertiary,no,no,no,cellular,14,aug,505,2,-1,0,unknown,1,positive,,
49,services,married,secondary,no,no,no,cellular,14,aug,834,14,-1,0,unknown,1,positive,,
30,technician,married,secondary,no,yes,no,cellular,14,aug,1184,4,-1,0,unknown,1,positive,,
32,management,married,tertiary,no,no,no,telephone,14,aug,698,2,-1,0,unknown,1,positive,,
32,management,single,tertiary,no,no,no,cellular,14,aug,1151,2,-1,0,unknown,1,positive,,
56,blue-collar,married,primary,no,no,no,cellular,14,aug,1231,4,-1,0,unknown,1,positive,,
50,management,single,tertiary,no,no,no,cellular,14,aug,904,3,-1,0,unknown,1,positive,,
33,unemployed,single,tertiary,no,no,no,cellular,14,aug,1579,2,-1,0,unknown,1,positive,,
32,technician,single,secondary,no,yes,no,cellular,14,aug,1871,3,-1,0,unknown,1,positive,,
46,blue-collar,married,secondary,no,no,yes,cellular,18,aug,618,6,-1,0,unknown,1,positive,,
45,technician,single,tertiary,no,no,no,cellular,18,aug,773,4,-1,0,unknown,1,negative,,
52,management,married,tertiary,no,no,no,cellular,18,aug,762,3,-1,0,unknown,1,positive,,
60,blue-collar,married,primary,no,no,no,cellular,18,aug,671,4,-1,0,unknown,1,positive,,
47,management,married,tertiary,no,no,no,cellular,18,aug,638,6,-1,0,unknown,1,positive,,
32,technician,single,secondary,no,no,no,cellular,18,aug,594,4,-1,0,unknown,1,negative,,
55,blue-collar,married,primary,no,no,no,cellular,18,aug,625,4,-1,0,unknown,1,positive,,
36,management,single,tertiary,no,no,no,cellular,18,aug,882,8,-1,0,unknown,1,positive,,
46,technician,married,secondary,no,no,no,cellular,18,aug,528,5,-1,0,unknown,1,positive,,
55,management,divorced,tertiary,no,no,no,cellular,18,aug,309,4,-1,0,unknown,1,negative,,
47,technician,married,secondary,no,no,no,cellular,18,aug,697,4,-1,0,unknown,1,positive,,
30,management,single,tertiary,no,no,no,cellular,18,aug,471,8,-1,0,unknown,1,positive,,
54,blue-collar,married,secondary,no,no,no,cellular,18,aug,520,7,-1,0,unknown,1,positive,,
31,management,single,tertiary,no,no,no,cellular,18,aug,384,11,-1,0,unknown,1,positive,,
31,management,divorced,tertiary,no,no,no,cellular,18,aug,1576,8,-1,0,unknown,1,positive,,
46,technician,single,tertiary,no,no,no,cellular,18,aug,504,7,-1,0,unknown,1,positive,,
61,management,married,secondary,no,no,no,cellular,18,aug,998,6,-1,0,unknown,1,positive,,
58,retired,married,primary,no,no,no,cellular,18,aug,194,2,-1,0,unknown,1,positive,,
37,technician,single,secondary,no,no,no,cellular,18,aug,724,16,-1,0,unknown,1,positive,,
38,technician,single,secondary,no,no,no,cellular,19,aug,645,14,-1,0,unknown,1,positive,,
49,technician,married,secondary,no,no,no,cellular,19,aug,1293,8,-1,0,unknown,1,positive,,
43,management,single,tertiary,no,no,no,cellular,19,aug,950,6,-1,0,unknown,1,positive,,
57,admin.,married,secondary,no,no,no,cellular,19,aug,687,4,-1,0,unknown,1,positive,,
52,management,married,tertiary,no,no,no,cellular,19,aug,1032,3,-1,0,unknown,1,positive,,
47,management,married,tertiary,no,no,no,cellular,19,aug,290,15,-1,0,unknown,1,positive,,
33,self-employed,single,tertiary,no,no,no,cellular,19,aug,836,3,-1,0,unknown,1,positive,,
33,management,married,tertiary,no,yes,no,unknown,19,aug,480,1,-1,0,unknown,1,positive,,
41,management,married,tertiary,no,no,no,cellular,20,aug,649,2,-1,0,unknown,1,positive,,
53,management,married,tertiary,no,no,no,cellular,20,aug,921,2,-1,0,unknown,1,positive,,
40,admin.,single,tertiary,no,no,no,cellular,20,aug,467,2,-1,0,unknown,1,positive,,
44,self-employed,married,tertiary,no,no,no,cellular,20,aug,552,5,-1,0,unknown,1,positive,,
42,technician,divorced,secondary,no,no,no,cellular,20,aug,875,4,-1,0,unknown,1,positive,,
33,management,single,tertiary,no,no,no,telephone,20,aug,588,6,-1,0,unknown,1,positive,,
31,management,married,tertiary,no,no,no,cellular,20,aug,763,14,-1,0,unknown,1,positive,,
53,technician,married,tertiary,no,no,no,cellular,20,aug,1408,5,-1,0,unknown,1,positive,,
32,technician,single,secondary,no,yes,no,cellular,20,aug,718,2,-1,0,unknown,1,positive,,
60,admin.,married,tertiary,no,no,no,cellular,20,aug,921,6,-1,0,unknown,1,positive,,
33,technician,single,secondary,no,yes,no,cellular,20,aug,627,2,-1,0,unknown,1,positive,,
37,technician,married,tertiary,no,no,no,cellular,20,aug,625,6,-1,0,unknown,1,positive,,
45,admin.,married,secondary,no,no,no,cellular,20,aug,703,2,-1,0,unknown,1,positive,,
34,technician,single,secondary,no,no,no,cellular,21,aug,1503,2,-1,0,unknown,1,positive,,
56,technician,married,tertiary,no,no,no,cellular,21,aug,644,4,-1,0,unknown,1,positive,,
57,technician,divorced,tertiary,no,no,no,cellular,21,aug,913,4,-1,0,unknown,1,positive,,
57,blue-collar,married,secondary,no,no,no,cellular,21,aug,819,10,-1,0,unknown,1,positive,,
32,management,single,tertiary,no,no,no,cellular,21,aug,788,6,-1,0,unknown,1,positive,,
50,services,married,secondary,no,no,no,cellular,21,aug,946,4,-1,0,unknown,1,positive,,
30,services,single,tertiary,no,no,yes,cellular,21,aug,1532,2,-1,0,unknown,1,negative,,
56,admin.,married,secondary,no,no,no,cellular,21,aug,793,10,-1,0,unknown,1,positive,,
55,blue-collar,married,secondary,no,no,no,cellular,21,aug,81,1,-1,0,unknown,1,positive,,
32,management,single,tertiary,no,no,no,cellular,21,aug,686,5,-1,0,unknown,1,positive,,
34,self-employed,single,tertiary,no,no,no,cellular,21,aug,1877,3,-1,0,unknown,1,positive,,
52,management,married,tertiary,no,no,no,cellular,22,aug,1123,4,-1,0,unknown,1,positive,,
32,management,single,tertiary,no,no,no,cellular,22,aug,576,2,-1,0,unknown,1,positive,,
31,self-employed,married,tertiary,no,no,no,cellular,22,aug,579,2,-1,0,unknown,1,positive,,
41,technician,married,secondary,no,no,no,cellular,22,aug,336,10,-1,0,unknown,1,positive,,
34,technician,married,tertiary,no,no,no,cellular,22,aug,739,2,-1,0,unknown,1,positive,,
44,technician,married,secondary,no,no,no,cellular,22,aug,520,2,-1,0,unknown,1,positive,,
33,management,married,tertiary,no,no,no,cellular,22,aug,1258,2,-1,0,unknown,1,positive,,
53,blue-collar,married,secondary,no,no,no,cellular,22,aug,528,2,-1,0,unknown,1,positive,,
55,blue-collar,married,unknown,no,no,no,cellular,22,aug,1329,2,-1,0,unknown,1,positive,,
46,management,single,tertiary,no,no,no,cellular,22,aug,686,2,-1,0,unknown,1,negative,,
46,services,married,secondary,no,no,no,cellular,22,aug,565,2,-1,0,unknown,1,positive,,
46,entrepreneur,married,tertiary,no,no,no,cellular,22,aug,604,6,-1,0,unknown,1,positive,,
59,admin.,married,secondary,no,yes,no,cellular,22,aug,1241,11,-1,0,unknown,1,positive,,
51,unemployed,married,secondary,no,no,no,cellular,22,aug,735,1,-1,0,unknown,1,positive,,
32,technician,divorced,tertiary,no,no,no,cellular,22,aug,671,2,-1,0,unknown,1,positive,,
57,retired,married,primary,no,yes,no,cellular,25,aug,626,3,-1,0,unknown,1,positive,,
43,technician,married,secondary,no,no,no,cellular,25,aug,363,7,-1,0,unknown,1,positive,,
48,management,single,tertiary,no,no,no,cellular,25,aug,961,4,-1,0,unknown,1,positive,,
33,housemaid,married,primary,no,no,no,cellular,25,aug,472,6,-1,0,unknown,1,positive,,
59,blue-collar,married,primary,no,no,no,cellular,25,aug,1152,6,-1,0,unknown,1,negative,,
58,blue-collar,married,primary,no,yes,no,cellular,25,aug,606,6,-1,0,unknown,1,positive,,
50,management,married,tertiary,no,no,no,cellular,25,aug,731,6,-1,0,unknown,1,positive,,
53,technician,single,secondary,no,no,no,cellular,25,aug,930,3,-1,0,unknown,1,positive,,
32,management,single,tertiary,no,no,no,cellular,25,aug,497,5,-1,0,unknown,1,positive,,
44,management,married,tertiary,no,no,no,cellular,25,aug,630,7,-1,0,unknown,1,positive,,
47,blue-collar,married,unknown,yes,no,no,cellular,25,aug,366,3,-1,0,unknown,1,positive,,
34,technician,married,secondary,no,no,no,cellular,25,aug,1374,10,-1,0,unknown,1,positive,,
51,retired,married,tertiary,no,no,no,cellular,25,aug,372,5,-1,0,unknown,1,positive,,
32,management,single,tertiary,no,yes,no,cellular,26,aug,958,6,-1,0,unknown,1,positive,,
60,unknown,married,unknown,no,no,no,cellular,26,aug,664,11,-1,0,unknown,1,positive,,
46,admin.,married,secondary,no,no,no,cellular,26,aug,388,6,-1,0,unknown,1,positive,,
41,technician,married,tertiary,no,no,no,cellular,26,aug,428,2,-1,0,unknown,1,positive,,
52,management,single,tertiary,no,no,no,cellular,26,aug,1223,6,-1,0,unknown,1,positive,,
42,management,divorced,tertiary,no,no,no,cellular,26,aug,1000,4,-1,0,unknown,1,positive,,
36,unemployed,married,tertiary,no,no,no,cellular,26,aug,556,7,-1,0,unknown,1,positive,,
34,self-employed,single,secondary,no,no,no,cellular,27,aug,609,13,-1,0,unknown,1,positive,,
31,technician,divorced,tertiary,no,no,no,cellular,27,aug,581,6,-1,0,unknown,1,negative,,
37,management,married,tertiary,no,no,no,cellular,27,aug,1033,4,-1,0,unknown,1,positive,,
59,retired,married,secondary,no,no,no,cellular,27,aug,1040,6,-1,0,unknown,1,positive,,
55,services,married,unknown,no,no,no,cellular,27,aug,672,6,-1,0,unknown,1,positive,,
35,technician,single,secondary,no,no,no,cellular,27,aug,519,16,-1,0,unknown,1,positive,,
33,management,single,tertiary,no,no,no,cellular,27,aug,512,8,-1,0,unknown,1,positive,,
46,management,divorced,secondary,no,no,no,cellular,27,aug,763,5,-1,0,unknown,1,negative,,
30,technician,married,tertiary,no,no,no,cellular,27,aug,976,12,-1,0,unknown,1,positive,,
36,management,married,tertiary,no,no,no,telephone,27,aug,645,9,-1,0,unknown,1,negative,,
44,management,married,tertiary,no,no,no,cellular,27,aug,523,3,-1,0,unknown,1,positive,,
36,technician,divorced,secondary,no,yes,no,cellular,27,aug,1642,3,-1,0,unknown,1,positive,,
33,management,single,tertiary,no,no,no,cellular,28,aug,583,17,-1,0,unknown,1,positive,,
34,self-employed,married,tertiary,no,no,no,cellular,28,aug,730,11,-1,0,unknown,1,negative,,
36,technician,married,secondary,no,no,no,cellular,28,aug,965,4,-1,0,unknown,1,positive,,
34,technician,married,secondary,no,no,no,cellular,28,aug,535,2,-1,0,unknown,1,positive,,
53,blue-collar,married,primary,no,no,no,cellular,28,aug,2372,6,-1,0,unknown,1,positive,,
47,admin.,divorced,secondary,no,no,no,cellular,28,aug,1126,4,-1,0,unknown,1,positive,,
39,management,married,tertiary,no,yes,yes,cellular,28,aug,908,1,-1,0,unknown,1,negative,,
35,technician,single,secondary,no,yes,no,cellular,29,aug,643,2,-1,0,unknown,1,positive,,
32,management,single,tertiary,no,no,no,cellular,29,aug,695,2,-1,0,unknown,1,positive,,
46,technician,divorced,secondary,no,no,yes,telephone,17,oct,270,1,-1,0,unknown,1,negative,,
30,self-employed,married,tertiary,no,no,no,unknown,17,oct,235,1,-1,0,unknown,1,positive,,
49,management,married,tertiary,no,no,no,telephone,17,oct,223,1,-1,0,unknown,1,negative,,
36,self-employed,single,tertiary,no,yes,yes,telephone,17,oct,3253,1,-1,0,unknown,1,negative,,
47,admin.,divorced,secondary,no,yes,yes,telephone,17,oct,478,1,-1,0,unknown,1,positive,,
52,technician,married,secondary,no,yes,no,unknown,19,oct,133,1,-1,0,unknown,1,positive,,
43,management,married,tertiary,no,no,no,unknown,20,oct,312,1,-1,0,unknown,1,positive,,
44,technician,single,secondary,no,no,no,telephone,20,oct,718,1,-1,0,unknown,1,positive,,
30,blue-collar,married,secondary,no,yes,no,telephone,20,oct,2016,1,-1,0,unknown,1,positive,,
32,admin.,married,secondary,no,yes,yes,unknown,21,oct,294,1,-1,0,unknown,1,positive,,
42,admin.,single,secondary,no,yes,yes,telephone,21,oct,519,1,166,1,other,1,negative,,
33,services,married,secondary,no,yes,no,telephone,21,oct,144,1,91,4,failure,1,positive,,
45,admin.,married,secondary,no,yes,yes,unknown,21,oct,187,1,-1,0,unknown,1,positive,,
45,blue-collar,married,secondary,no,yes,no,unknown,22,oct,676,1,-1,0,unknown,1,positive,,
28,student,single,secondary,no,no,no,telephone,22,oct,157,1,-1,0,unknown,1,positive,,
32,technician,single,tertiary,no,no,no,telephone,22,oct,181,1,-1,0,unknown,1,positive,,
28,self-employed,married,secondary,no,no,yes,telephone,22,oct,313,1,-1,0,unknown,1,positive,,
40,management,married,tertiary,no,yes,no,telephone,23,oct,138,1,-1,0,unknown,1,positive,,
36,management,married,tertiary,no,yes,no,telephone,23,oct,140,1,143,3,failure,1,negative,,
44,admin.,divorced,primary,no,yes,no,telephone,23,oct,80,1,-1,0,unknown,1,positive,,
51,entrepreneur,married,tertiary,no,yes,no,unknown,23,oct,134,1,-1,0,unknown,1,positive,,
56,technician,married,secondary,no,yes,no,unknown,23,oct,518,1,147,2,success,1,positive,,
57,unknown,married,unknown,no,no,no,unknown,23,oct,301,1,-1,0,unknown,1,positive,,
26,services,single,secondary,no,no,no,telephone,23,oct,171,1,-1,0,unknown,1,positive,,
40,technician,divorced,tertiary,no,yes,no,unknown,24,oct,112,1,-1,0,unknown,1,positive,,
49,admin.,married,secondary,no,yes,no,telephone,24,oct,97,1,-1,0,unknown,1,positive,,
50,management,single,tertiary,no,no,no,unknown,24,oct,305,1,-1,0,unknown,1,positive,,
58,admin.,divorced,secondary,no,no,no,telephone,26,oct,228,1,-1,0,unknown,1,positive,,
37,admin.,married,secondary,no,no,no,telephone,27,oct,376,1,-1,0,unknown,1,positive,,
36,technician,single,secondary,no,yes,no,unknown,27,oct,207,1,-1,0,unknown,1,positive,,
39,entrepreneur,married,primary,no,yes,no,unknown,27,oct,150,1,-1,0,unknown,1,positive,,
27,entrepreneur,married,secondary,no,no,no,telephone,27,oct,131,1,-1,0,unknown,1,positive,,
47,management,divorced,tertiary,no,yes,no,telephone,27,oct,251,1,-1,0,unknown,1,positive,,
39,admin.,married,secondary,no,no,no,telephone,28,oct,125,1,-1,0,unknown,1,positive,,
57,technician,married,secondary,no,no,no,telephone,28,oct,141,1,-1,0,unknown,1,positive,,
38,management,married,tertiary,no,yes,no,telephone,28,oct,154,1,-1,0,unknown,1,positive,,
43,management,married,secondary,no,yes,yes,telephone,28,oct,135,1,-1,0,unknown,1,positive,,
34,technician,married,secondary,no,yes,yes,telephone,28,oct,540,1,-1,0,unknown,1,positive,,
35,management,divorced,tertiary,no,yes,no,telephone,29,oct,171,1,-1,0,unknown,1,negative,,
58,management,divorced,tertiary,no,no,yes,unknown,29,oct,11,1,-1,0,unknown,1,positive,,
59,management,divorced,tertiary,no,yes,no,telephone,29,oct,266,1,-1,0,unknown,1,positive,,
35,management,single,tertiary,no,yes,no,unknown,30,oct,248,1,-1,0,unknown,1,positive,,
42,technician,divorced,secondary,no,yes,no,unknown,30,oct,234,1,-1,0,unknown,1,positive,,
43,retired,married,secondary,no,no,no,telephone,30,oct,132,1,-1,0,unknown,1,positive,,
34,housemaid,married,secondary,no,yes,no,unknown,30,oct,154,1,-1,0,unknown,1,negative,,
35,blue-collar,single,secondary,no,no,no,telephone,30,oct,160,1,-1,0,unknown,1,positive,,
38,admin.,single,secondary,no,no,no,telephone,31,oct,227,1,-1,0,unknown,1,positive,,
39,blue-collar,married,secondary,no,yes,no,telephone,31,oct,158,1,-1,0,unknown,1,positive,,
58,retired,divorced,tertiary,no,no,no,telephone,31,oct,615,1,-1,0,unknown,1,positive,,
60,management,married,tertiary,no,no,no,telephone,4,nov,399,1,-1,0,unknown,1,positive,,
56,technician,married,secondary,no,yes,no,telephone,4,nov,465,1,-1,0,unknown,1,positive,,
50,admin.,divorced,secondary,no,no,yes,telephone,5,nov,169,1,-1,0,unknown,1,positive,,
31,management,married,tertiary,no,no,no,unknown,5,nov,268,1,-1,0,unknown,1,positive,,
37,services,married,secondary,no,yes,no,telephone,5,nov,253,1,-1,0,unknown,1,positive,,
44,self-employed,married,secondary,no,no,no,unknown,5,nov,204,1,-1,0,unknown,1,positive,,
59,retired,divorced,secondary,no,no,no,unknown,5,nov,669,1,-1,0,unknown,1,positive,,
49,management,married,secondary,no,no,no,telephone,6,nov,234,1,-1,0,unknown,1,positive,,
30,management,single,tertiary,no,yes,no,cellular,6,nov,150,1,-1,0,unknown,1,positive,,
31,technician,single,tertiary,no,no,no,unknown,8,nov,154,1,-1,0,unknown,1,positive,,
29,management,single,tertiary,no,yes,no,telephone,8,nov,319,1,-1,0,unknown,1,positive,,
40,blue-collar,married,secondary,no,no,no,unknown,9,nov,299,1,-1,0,unknown,1,positive,,
43,admin.,married,secondary,no,no,no,telephone,10,nov,524,1,-1,0,unknown,1,positive,,
48,management,married,tertiary,no,no,no,telephone,10,nov,248,1,-1,0,unknown,1,positive,,
34,management,married,tertiary,no,no,no,telephone,11,nov,486,1,-1,0,unknown,1,positive,,
28,self-employed,single,tertiary,no,no,no,unknown,11,nov,158,1,-1,0,unknown,1,positive,,
34,admin.,married,tertiary,no,yes,no,unknown,12,nov,114,1,170,3,failure,1,positive,,
47,blue-collar,married,secondary,no,yes,no,telephone,12,nov,378,1,-1,0,unknown,1,positive,,
59,housemaid,married,tertiary,no,no,no,telephone,13,nov,494,1,-1,0,unknown,1,negative,,
32,blue-collar,single,tertiary,no,no,no,unknown,13,nov,90,1,-1,0,unknown,1,positive,,
31,entrepreneur,single,secondary,no,no,no,telephone,13,nov,160,1,-1,0,unknown,1,negative,,
49,admin.,married,secondary,no,yes,no,unknown,13,nov,231,1,-1,0,unknown,1,positive,,
27,student,single,secondary,no,no,no,telephone,14,nov,239,1,-1,0,unknown,1,positive,,
35,unemployed,single,secondary,no,yes,no,telephone,14,nov,162,1,-1,0,unknown,1,positive,,
32,blue-collar,married,secondary,no,yes,no,cellular,14,nov,132,1,-1,0,unknown,1,positive,,
57,blue-collar,married,unknown,no,no,no,telephone,14,nov,172,1,-1,0,unknown,1,positive,,
58,management,married,tertiary,no,yes,no,telephone,14,nov,160,1,-1,0,unknown,1,positive,,
30,technician,single,secondary,no,yes,no,unknown,14,nov,179,1,-1,0,unknown,1,positive,,
37,management,married,secondary,no,yes,yes,cellular,17,nov,1789,1,-1,0,unknown,1,positive,,
44,technician,divorced,secondary,no,no,no,cellular,17,nov,1077,1,-1,0,unknown,1,positive,,
57,blue-collar,married,secondary,no,yes,no,cellular,17,nov,564,1,-1,0,unknown,1,positive,,
34,blue-collar,married,secondary,no,yes,yes,cellular,17,nov,1303,1,-1,0,unknown,1,positive,,
47,management,married,tertiary,no,no,no,cellular,17,nov,434,2,-1,0,unknown,1,positive,,
53,technician,divorced,tertiary,no,no,no,cellular,17,nov,890,1,-1,0,unknown,1,positive,,
49,services,married,secondary,no,yes,no,cellular,17,nov,651,2,104,1,failure,1,positive,,
54,unemployed,single,secondary,no,no,no,cellular,17,nov,696,2,-1,0,unknown,1,positive,,
41,management,married,primary,no,yes,no,cellular,17,nov,984,1,-1,0,unknown,1,positive,,
55,retired,married,secondary,no,yes,yes,cellular,17,nov,761,1,-1,0,unknown,1,positive,,
59,management,married,tertiary,no,no,yes,cellular,17,nov,540,2,-1,0,unknown,1,positive,,
41,self-employed,married,secondary,yes,yes,no,cellular,17,nov,789,1,-1,0,unknown,1,negative,,
53,retired,married,tertiary,no,no,no,cellular,17,nov,1091,2,150,1,success,1,positive,,
32,services,single,unknown,no,no,no,cellular,17,nov,1132,2,-1,0,unknown,1,positive,,
37,technician,married,secondary,no,yes,no,cellular,17,nov,1210,2,171,4,failure,1,positive,,
45,entrepreneur,married,secondary,no,no,yes,cellular,17,nov,652,2,126,2,failure,1,positive,,
49,technician,single,secondary,no,yes,yes,cellular,17,nov,454,1,-1,0,unknown,1,negative,,
31,blue-collar,single,tertiary,no,no,no,telephone,18,nov,514,2,-1,0,unknown,1,positive,,
31,admin.,single,secondary,no,yes,no,cellular,18,nov,1978,1,-1,0,unknown,1,positive,,
35,technician,married,secondary,no,yes,no,cellular,18,nov,854,1,-1,0,unknown,1,positive,,
37,entrepreneur,divorced,tertiary,no,no,no,cellular,18,nov,1164,2,-1,0,unknown,1,positive,,
48,management,married,tertiary,no,no,no,cellular,18,nov,676,1,-1,0,unknown,1,positive,,
39,technician,single,secondary,no,yes,no,cellular,18,nov,486,1,-1,0,unknown,1,positive,,
34,technician,single,secondary,no,yes,no,cellular,18,nov,835,1,-1,0,unknown,1,positive,,
41,entrepreneur,married,secondary,no,yes,no,cellular,18,nov,929,1,-1,0,unknown,1,positive,,
34,management,single,tertiary,no,yes,no,cellular,18,nov,596,1,182,1,other,1,positive,,
49,management,married,tertiary,no,yes,no,cellular,18,nov,924,1,-1,0,unknown,1,positive,,
49,entrepreneur,married,primary,no,no,no,cellular,18,nov,453,1,-1,0,unknown,1,positive,,
31,technician,married,tertiary,no,no,yes,cellular,18,nov,419,1,127,6,other,1,positive,,
41,management,married,tertiary,no,yes,no,cellular,18,nov,897,3,-1,0,unknown,1,negative,,
46,management,married,secondary,no,no,no,cellular,18,nov,1855,1,-1,0,unknown,1,negative,,
54,management,divorced,tertiary,no,yes,yes,telephone,18,nov,1034,1,-1,0,unknown,1,positive,,
38,technician,married,tertiary,no,no,no,cellular,18,nov,578,2,-1,0,unknown,1,positive,,
39,entrepreneur,married,secondary,no,no,no,cellular,18,nov,1181,2,-1,0,unknown,1,positive,,
46,management,married,tertiary,no,no,no,cellular,18,nov,716,2,110,3,other,1,negative,,
58,management,divorced,tertiary,no,yes,no,cellular,18,nov,1437,2,-1,0,unknown,1,positive,,
35,blue-collar,married,secondary,no,no,no,unknown,18,nov,150,2,-1,0,unknown,1,positive,,
32,self-employed,single,tertiary,no,yes,no,cellular,18,nov,482,1,-1,0,unknown,1,positive,,
30,admin.,married,secondary,no,yes,no,cellular,18,nov,898,1,-1,0,unknown,1,positive,,
51,entrepreneur,married,primary,no,no,no,cellular,18,nov,1122,4,-1,0,unknown,1,positive,,
56,management,married,tertiary,no,yes,no,cellular,18,nov,543,1,-1,0,unknown,1,positive,,
37,management,married,tertiary,no,no,no,cellular,19,nov,366,3,-1,0,unknown,1,positive,,
46,technician,single,secondary,no,no,no,cellular,19,nov,819,3,-1,0,unknown,1,positive,,
30,management,single,tertiary,no,yes,no,cellular,19,nov,511,1,-1,0,unknown,1,positive,,
45,management,divorced,secondary,no,yes,no,cellular,19,nov,418,1,168,1,success,1,positive,,
35,management,divorced,tertiary,no,yes,yes,cellular,19,nov,1554,1,-1,0,unknown,1,positive,,
32,blue-collar,married,primary,no,yes,no,cellular,19,nov,820,1,-1,0,unknown,1,positive,,
30,services,single,primary,no,yes,yes,cellular,19,nov,686,1,-1,0,unknown,1,negative,,
30,self-employed,single,secondary,no,no,yes,cellular,19,nov,925,1,-1,0,unknown,1,negative,,
41,technician,married,tertiary,no,yes,no,cellular,19,nov,814,1,-1,0,unknown,1,positive,,
49,management,married,secondary,no,yes,no,cellular,19,nov,1081,2,-1,0,unknown,1,positive,,
46,self-employed,married,tertiary,no,no,no,cellular,19,nov,1084,1,100,4,failure,1,positive,,
43,management,married,tertiary,no,yes,no,cellular,19,nov,1015,1,198,2,other,1,positive,,
47,management,married,unknown,no,yes,no,cellular,19,nov,489,3,-1,0,unknown,1,positive,,
51,retired,married,tertiary,no,no,no,cellular,19,nov,694,2,-1,0,unknown,1,positive,,
32,services,single,secondary,no,no,no,cellular,19,nov,853,1,-1,0,unknown,1,positive,,
53,unemployed,divorced,secondary,no,no,no,cellular,19,nov,561,1,-1,0,unknown,1,positive,,
33,technician,single,tertiary,no,yes,no,cellular,19,nov,424,2,182,1,other,1,positive,,
40,blue-collar,single,secondary,no,no,no,cellular,19,nov,998,1,-1,0,unknown,1,positive,,
42,blue-collar,married,primary,no,yes,no,cellular,19,nov,1057,1,-1,0,unknown,1,positive,,
46,unemployed,divorced,secondary,no,yes,no,cellular,19,nov,522,1,174,1,success,1,positive,,
32,services,married,secondary,no,yes,yes,cellular,19,nov,1502,1,-1,0,unknown,1,positive,,
32,self-employed,single,tertiary,no,yes,no,cellular,19,nov,472,1,-1,0,unknown,1,positive,,
38,blue-collar,married,primary,no,yes,no,telephone,19,nov,623,1,175,1,other,1,positive,,
32,technician,single,tertiary,no,no,no,cellular,19,nov,337,1,-1,0,unknown,1,positive,,
52,management,married,tertiary,no,no,no,cellular,19,nov,1265,3,-1,0,unknown,1,positive,,
33,admin.,married,unknown,no,no,no,cellular,19,nov,485,1,-1,0,unknown,1,positive,,
30,entrepreneur,married,secondary,no,no,yes,cellular,19,nov,589,2,-1,0,unknown,1,positive,,
35,technician,married,secondary,no,yes,no,cellular,19,nov,644,4,-1,0,unknown,1,negative,,
36,admin.,married,secondary,no,yes,no,cellular,19,nov,1792,2,-1,0,unknown,1,positive,,
34,management,married,tertiary,no,yes,no,cellular,19,nov,783,3,195,2,other,1,positive,,
58,retired,divorced,primary,no,yes,no,cellular,19,nov,680,2,111,6,failure,1,positive,,
43,self-employed,divorced,secondary,no,no,no,cellular,19,nov,1468,3,-1,0,unknown,1,positive,,
42,management,married,tertiary,no,no,no,cellular,19,nov,709,2,-1,0,unknown,1,positive,,
43,admin.,single,secondary,no,yes,no,cellular,19,nov,1102,3,-1,0,unknown,1,positive,,
40,management,married,tertiary,no,yes,no,cellular,19,nov,639,2,27,1,success,1,positive,,
32,blue-collar,married,secondary,no,yes,no,cellular,19,nov,1720,3,-1,0,unknown,1,positive,,
32,technician,married,tertiary,no,yes,yes,cellular,20,nov,276,1,128,2,failure,1,positive,,
41,blue-collar,single,secondary,yes,no,yes,cellular,20,nov,477,1,-1,0,unknown,1,negative,,
34,blue-collar,single,secondary,no,yes,yes,cellular,20,nov,670,1,-1,0,unknown,1,positive,,
40,services,single,secondary,no,yes,no,cellular,20,nov,405,1,-1,0,unknown,1,positive,,
32,services,single,tertiary,no,no,no,cellular,20,nov,531,1,-1,0,unknown,1,positive,,
32,technician,single,secondary,no,yes,no,cellular,20,nov,628,1,-1,0,unknown,1,positive,,
36,self-employed,single,secondary,no,no,no,cellular,20,nov,1192,1,-1,0,unknown,1,positive,,
45,technician,married,secondary,no,yes,no,cellular,20,nov,283,1,-1,0,unknown,1,positive,,
47,self-employed,married,secondary,no,yes,yes,cellular,20,nov,454,1,-1,0,unknown,1,positive,,
35,management,divorced,tertiary,no,no,yes,cellular,20,nov,728,1,-1,0,unknown,1,positive,,
36,services,married,secondary,no,yes,no,cellular,20,nov,993,1,-1,0,unknown,1,positive,,
30,services,divorced,secondary,no,yes,no,cellular,20,nov,478,1,-1,0,unknown,1,positive,,
33,technician,married,tertiary,no,no,no,cellular,20,nov,755,1,100,10,other,1,positive,,
30,blue-collar,married,secondary,no,yes,yes,cellular,20,nov,994,1,177,1,failure,1,positive,,
32,services,single,secondary,no,yes,no,cellular,20,nov,1503,2,-1,0,unknown,1,positive,,
45,entrepreneur,married,tertiary,no,yes,no,cellular,20,nov,871,5,-1,0,unknown,1,positive,,
47,services,married,secondary,no,no,no,cellular,20,nov,329,4,-1,0,unknown,1,positive,,
46,technician,married,tertiary,no,no,no,cellular,20,nov,531,1,167,1,failure,1,negative,,
39,blue-collar,divorced,primary,no,yes,no,cellular,20,nov,543,1,170,4,other,1,positive,,
56,technician,married,secondary,no,no,no,cellular,20,nov,857,3,-1,0,unknown,1,positive,,
39,unemployed,single,tertiary,no,yes,no,cellular,20,nov,931,4,-1,0,unknown,1,positive,,
30,services,married,secondary,no,yes,no,cellular,20,nov,593,1,-1,0,unknown,1,positive,,
45,self-employed,married,secondary,no,no,no,cellular,20,nov,691,1,-1,0,unknown,1,positive,,
43,blue-collar,married,secondary,no,yes,yes,cellular,20,nov,1258,2,122,2,other,1,positive,,
53,blue-collar,married,primary,no,yes,no,cellular,20,nov,677,1,-1,0,unknown,1,positive,,
43,technician,married,tertiary,no,yes,no,cellular,20,nov,1490,3,-1,0,unknown,1,positive,,
54,management,divorced,secondary,no,yes,no,cellular,20,nov,562,2,-1,0,unknown,1,positive,,
43,blue-collar,divorced,primary,no,no,no,cellular,20,nov,1154,1,-1,0,unknown,1,positive,,
30,blue-collar,single,secondary,no,yes,no,cellular,20,nov,705,1,-1,0,unknown,1,positive,,
30,admin.,married,secondary,no,no,no,cellular,20,nov,1035,1,-1,0,unknown,1,positive,,
36,management,single,tertiary,no,no,yes,cellular,20,nov,736,1,-1,0,unknown,1,positive,,
33,management,married,tertiary,no,no,no,cellular,20,nov,253,1,-1,0,unknown,1,positive,,
38,entrepreneur,married,tertiary,no,yes,no,cellular,20,nov,888,2,183,2,failure,1,positive,,
37,technician,divorced,secondary,no,yes,yes,cellular,20,nov,370,2,195,1,other,1,positive,,
32,services,married,secondary,no,yes,no,cellular,20,nov,500,2,133,1,failure,1,positive,,
59,technician,divorced,secondary,no,no,no,cellular,20,nov,488,1,-1,0,unknown,1,positive,,
59,retired,married,secondary,no,no,no,telephone,20,nov,1025,2,-1,0,unknown,1,positive,,
46,admin.,divorced,secondary,no,no,no,cellular,20,nov,768,3,-1,0,unknown,1,positive,,
32,blue-collar,single,primary,no,yes,no,cellular,20,nov,758,1,-1,0,unknown,1,positive,,
52,entrepreneur,single,tertiary,no,yes,no,cellular,20,nov,653,1,-1,0,unknown,1,positive,,
45,blue-collar,married,primary,no,yes,no,cellular,20,nov,841,2,-1,0,unknown,1,positive,,
52,blue-collar,married,secondary,no,no,yes,telephone,20,nov,871,3,-1,0,unknown,1,positive,,
31,technician,single,tertiary,no,yes,no,cellular,20,nov,1532,3,-1,0,unknown,1,positive,,
31,blue-collar,married,tertiary,no,no,no,cellular,20,nov,952,2,-1,0,unknown,1,negative,,
31,unemployed,married,secondary,no,yes,no,cellular,20,nov,1341,3,178,7,failure,1,positive,,
41,technician,single,secondary,no,yes,no,cellular,20,nov,2420,3,-1,0,unknown,1,positive,,
39,technician,single,secondary,no,no,no,cellular,20,nov,1598,4,-1,0,unknown,1,positive,,
53,management,divorced,tertiary,no,no,no,cellular,20,nov,295,3,-1,0,unknown,1,positive,,
35,blue-collar,married,secondary,no,yes,no,cellular,20,nov,945,2,-1,0,unknown,1,positive,,
33,services,married,secondary,no,no,yes,cellular,20,nov,1059,2,-1,0,unknown,1,positive,,
43,blue-collar,married,primary,no,yes,no,cellular,20,nov,2453,2,-1,0,unknown,1,positive,,
50,blue-collar,married,primary,no,yes,no,cellular,21,nov,615,3,34,1,failure,1,positive,,
36,management,married,tertiary,no,no,no,cellular,21,nov,517,1,-1,0,unknown,1,positive,,
34,admin.,single,tertiary,no,yes,no,cellular,21,nov,714,1,-1,0,unknown,1,positive,,
46,blue-collar,divorced,primary,no,yes,no,cellular,21,nov,729,1,-1,0,unknown,1,positive,,
47,technician,married,secondary,no,no,no,cellular,21,nov,591,1,10,1,failure,1,negative,,
39,admin.,single,secondary,no,yes,yes,telephone,21,nov,1158,9,-1,0,unknown,1,positive,,
31,self-employed,single,tertiary,no,no,no,cellular,21,nov,614,1,-1,0,unknown,1,positive,,
41,management,single,tertiary,no,no,no,cellular,21,nov,558,1,-1,0,unknown,1,positive,,
43,self-employed,married,secondary,no,yes,no,cellular,21,nov,504,1,-1,0,unknown,1,positive,,
30,management,single,secondary,no,yes,no,cellular,21,nov,528,1,-1,0,unknown,1,positive,,
59,management,married,tertiary,no,no,no,cellular,21,nov,530,1,163,2,failure,1,positive,,
39,management,divorced,tertiary,no,no,no,cellular,21,nov,648,1,-1,0,unknown,1,positive,,
48,housemaid,married,primary,no,no,no,cellular,21,nov,609,2,-1,0,unknown,1,positive,,
30,management,single,tertiary,no,yes,no,cellular,21,nov,710,1,-1,0,unknown,1,positive,,
50,admin.,married,secondary,no,no,no,cellular,21,nov,530,1,-1,0,unknown,1,positive,,
31,admin.,single,secondary,no,yes,no,cellular,21,nov,529,1,-1,0,unknown,1,positive,,
31,self-employed,married,tertiary,no,yes,yes,cellular,21,nov,635,1,135,2,failure,1,positive,,
30,services,single,secondary,no,yes,no,cellular,21,nov,641,1,-1,0,unknown,1,positive,,
30,management,married,tertiary,no,yes,yes,cellular,21,nov,436,2,178,3,other,1,positive,,
47,unemployed,married,primary,no,no,no,cellular,21,nov,462,2,-1,0,unknown,1,positive,,
42,management,single,tertiary,yes,yes,no,cellular,21,nov,824,1,-1,0,unknown,1,negative,,
31,management,married,secondary,no,yes,no,cellular,21,nov,957,1,184,2,failure,1,positive,,
30,technician,married,secondary,no,yes,no,cellular,21,nov,758,1,-1,0,unknown,1,positive,,
34,blue-collar,single,secondary,no,yes,no,cellular,21,nov,963,1,-1,0,unknown,1,positive,,
53,blue-collar,married,secondary,no,yes,no,cellular,21,nov,796,5,154,1,failure,1,positive,,
34,blue-collar,married,primary,no,yes,no,cellular,21,nov,1022,1,-1,0,unknown,1,positive,,
57,management,married,tertiary,no,no,no,cellular,21,nov,553,3,-1,0,unknown,1,positive,,
41,services,single,secondary,no,no,no,cellular,21,nov,372,1,-1,0,unknown,1,positive,,
40,admin.,married,primary,no,yes,yes,cellular,21,nov,849,1,-1,0,unknown,1,positive,,
46,services,married,secondary,no,no,no,cellular,21,nov,893,1,-1,0,unknown,1,positive,,
37,admin.,divorced,secondary,no,yes,no,cellular,21,nov,555,4,-1,0,unknown,1,positive,,
31,management,married,tertiary,no,yes,no,cellular,21,nov,316,3,99,9,other,1,positive,,
58,management,married,tertiary,no,no,no,cellular,21,nov,850,1,-1,0,unknown,1,positive,,
39,unemployed,married,secondary,no,no,no,cellular,21,nov,749,2,-1,0,unknown,1,positive,,
47,technician,married,secondary,no,no,yes,cellular,21,nov,902,1,133,2,other,1,positive,,
44,management,married,tertiary,no,yes,yes,telephone,21,nov,1074,1,-1,0,unknown,1,positive,,
45,technician,married,tertiary,no,no,yes,cellular,21,nov,980,2,-1,0,unknown,1,negative,,
35,technician,single,tertiary,no,no,no,cellular,21,nov,937,2,-1,0,unknown,1,positive,,
41,entrepreneur,married,primary,no,yes,no,cellular,21,nov,549,2,-1,0,unknown,1,positive,,
33,technician,single,tertiary,no,yes,no,cellular,21,nov,654,1,-1,0,unknown,1,negative,,
30,student,single,tertiary,no,no,no,cellular,21,nov,834,1,-1,0,unknown,1,positive,,
30,student,single,tertiary,no,no,no,cellular,21,nov,1571,1,-1,0,unknown,1,positive,,
31,management,single,tertiary,no,yes,no,cellular,21,nov,536,1,-1,0,unknown,1,positive,,
30,admin.,married,secondary,no,yes,no,cellular,21,nov,566,4,-1,0,unknown,1,positive,,
42,management,married,tertiary,no,no,no,cellular,21,nov,664,3,-1,0,unknown,1,positive,,
49,management,married,tertiary,no,no,no,cellular,21,nov,579,9,-1,0,unknown,1,positive,,
35,unemployed,married,primary,no,no,no,cellular,21,nov,1555,2,-1,0,unknown,1,positive,,
59,unemployed,single,primary,no,no,no,cellular,21,nov,373,3,-1,0,unknown,1,positive,,
31,unknown,married,secondary,no,no,no,cellular,21,nov,504,2,93,2,failure,1,positive,,
43,management,married,tertiary,no,no,no,cellular,21,nov,314,4,-1,0,unknown,1,positive,,
30,technician,single,secondary,no,no,no,cellular,21,nov,459,3,-1,0,unknown,1,positive,,
46,technician,married,secondary,no,yes,no,cellular,21,nov,1540,2,-1,0,unknown,1,positive,,
38,management,married,tertiary,no,no,no,cellular,21,nov,663,4,-1,0,unknown,1,positive,,
30,services,married,secondary,no,yes,no,cellular,21,nov,681,4,-1,0,unknown,1,negative,,
35,admin.,divorced,secondary,no,no,yes,cellular,21,nov,808,2,-1,0,unknown,1,positive,,
43,technician,married,secondary,no,yes,no,cellular,21,nov,775,3,-1,0,unknown,1,positive,,
34,management,single,tertiary,no,yes,no,cellular,21,nov,705,6,-1,0,unknown,1,positive,,
52,blue-collar,married,secondary,no,no,no,cellular,21,nov,965,2,-1,0,unknown,1,positive,,
46,management,married,secondary,no,no,no,cellular,21,nov,1222,2,-1,0,unknown,1,positive,,
46,services,divorced,secondary,no,no,no,cellular,21,nov,534,2,-1,0,unknown,1,positive,,
37,management,single,tertiary,no,no,yes,cellular,21,nov,331,2,-1,0,unknown,1,positive,,
37,admin.,single,secondary,no,yes,no,cellular,21,nov,1555,2,-1,0,unknown,1,positive,,
42,management,married,tertiary,no,yes,yes,cellular,21,nov,925,5,-1,0,unknown,1,positive,,
23,unemployed,single,primary,no,no,no,telephone,27,nov,8,1,-1,0,unknown,1,positive,,
53,management,divorced,secondary,no,no,yes,telephone,22,dec,119,1,-1,0,unknown,1,positive,,
59,services,divorced,secondary,no,yes,no,cellular,28,jan,602,1,253,5,other,1,positive,,
42,services,married,secondary,no,no,no,cellular,28,jan,997,1,-1,0,unknown,1,positive,,
55,technician,divorced,secondary,yes,no,no,cellular,28,jan,1048,1,-1,0,unknown,1,positive,,
26,unemployed,single,tertiary,no,no,no,cellular,28,jan,1387,1,-1,0,unknown,1,positive,,
49,technician,married,secondary,no,yes,no,cellular,28,jan,1232,1,-1,0,unknown,1,positive,,
30,admin.,single,secondary,no,no,no,cellular,28,jan,622,1,-1,0,unknown,1,positive,,
34,unknown,single,secondary,no,no,no,cellular,28,jan,829,1,-1,0,unknown,1,positive,,
31,self-employed,single,tertiary,no,yes,yes,cellular,28,jan,872,1,-1,0,unknown,1,positive,,
28,unknown,single,secondary,no,no,no,cellular,28,jan,769,1,-1,0,unknown,1,positive,,
46,technician,divorced,tertiary,no,no,no,cellular,28,jan,1199,2,-1,0,unknown,1,negative,,
26,unemployed,single,secondary,no,no,no,cellular,28,jan,1451,2,-1,0,unknown,1,positive,,
31,services,single,secondary,no,no,yes,telephone,28,jan,944,3,-1,0,unknown,1,positive,,
51,admin.,single,tertiary,no,no,no,telephone,28,jan,968,2,-1,0,unknown,1,positive,,
32,services,single,secondary,no,no,no,cellular,29,jan,1181,1,-1,0,unknown,1,positive,,
47,blue-collar,married,secondary,no,yes,no,cellular,29,jan,1101,1,-1,0,unknown,1,positive,,
53,blue-collar,married,primary,yes,no,no,cellular,29,jan,470,1,-1,0,unknown,1,negative,,
29,unemployed,single,primary,no,no,no,cellular,29,jan,801,1,-1,0,unknown,1,positive,,
32,technician,single,secondary,no,no,yes,cellular,29,jan,750,1,-1,0,unknown,1,positive,,
26,blue-collar,single,primary,no,no,no,cellular,29,jan,1165,1,-1,0,unknown,1,positive,,
37,unemployed,single,secondary,no,no,no,cellular,29,jan,1600,1,-1,0,unknown,1,positive,,
40,management,single,tertiary,no,no,no,cellular,29,jan,1473,1,-1,0,unknown,1,positive,,
32,blue-collar,married,primary,no,no,no,cellular,29,jan,696,1,-1,0,unknown,1,positive,,
48,self-employed,married,tertiary,no,no,no,cellular,29,jan,1249,3,-1,0,unknown,1,negative,,
27,technician,single,tertiary,no,no,no,cellular,29,jan,866,2,-1,0,unknown,1,positive,,
33,services,single,tertiary,no,no,no,cellular,29,jan,692,2,-1,0,unknown,1,negative,,
49,unemployed,married,primary,no,no,no,cellular,29,jan,1917,2,-1,0,unknown,1,positive,,
27,management,single,primary,yes,no,no,cellular,30,jan,475,3,-1,0,unknown,1,positive,,
60,technician,married,tertiary,no,yes,yes,cellular,30,jan,1451,1,-1,0,unknown,1,negative,,
41,management,single,secondary,no,yes,no,cellular,30,jan,2770,1,-1,0,unknown,1,positive,,
36,technician,single,secondary,no,no,no,cellular,30,jan,771,1,-1,0,unknown,1,positive,,
28,student,single,secondary,no,no,no,cellular,30,jan,532,2,-1,0,unknown,1,positive,,
29,services,single,unknown,no,no,no,cellular,30,jan,726,2,-1,0,unknown,1,positive,,
42,admin.,divorced,secondary,no,no,no,cellular,30,jan,931,1,-1,0,unknown,1,positive,,
33,entrepreneur,single,tertiary,no,yes,yes,cellular,30,jan,922,5,-1,0,unknown,1,positive,,
31,admin.,divorced,secondary,no,yes,no,cellular,30,jan,1776,2,-1,0,unknown,1,positive,,
30,blue-collar,single,secondary,no,no,no,cellular,30,jan,808,2,-1,0,unknown,1,positive,,
31,unemployed,single,primary,no,no,no,cellular,30,jan,707,2,2,1,other,1,positive,,
26,services,single,secondary,no,no,no,cellular,30,jan,1136,2,-1,0,unknown,1,positive,,
62,technician,married,secondary,no,no,no,cellular,2,feb,326,1,-1,0,unknown,1,positive,,
40,technician,single,tertiary,no,yes,no,cellular,2,feb,215,1,242,2,failure,1,positive,,
45,unemployed,married,secondary,no,no,no,telephone,2,feb,803,1,-1,0,unknown,1,positive,,
55,technician,married,secondary,yes,no,no,cellular,2,feb,781,1,-1,0,unknown,1,negative,,
62,retired,married,secondary,no,no,no,cellular,2,feb,265,1,-1,0,unknown,1,positive,,
29,technician,single,tertiary,no,no,no,cellular,2,feb,125,1,-1,0,unknown,1,positive,,
47,management,single,tertiary,no,no,no,cellular,2,feb,1086,1,-1,0,unknown,1,positive,,
50,unemployed,divorced,unknown,no,no,no,cellular,2,feb,749,1,-1,0,unknown,1,positive,,
44,unemployed,married,secondary,no,yes,no,cellular,2,feb,699,1,272,1,failure,1,negative,,
56,unemployed,married,secondary,no,no,no,telephone,2,feb,492,1,-1,0,unknown,1,negative,,
39,student,single,tertiary,no,no,no,cellular,2,feb,588,1,-1,0,unknown,1,positive,,
59,retired,single,secondary,no,no,no,telephone,2,feb,935,1,-1,0,unknown,1,positive,,
43,management,divorced,secondary,no,no,no,cellular,2,feb,430,1,-1,0,unknown,1,positive,,
36,admin.,married,secondary,no,no,no,cellular,2,feb,302,1,-1,0,unknown,1,positive,,
31,unemployed,single,secondary,no,yes,no,cellular,2,feb,855,1,-1,0,unknown,1,positive,,
29,admin.,single,secondary,no,yes,no,cellular,2,feb,177,1,-1,0,unknown,1,positive,,
40,services,divorced,secondary,no,yes,no,cellular,2,feb,531,1,208,1,success,1,positive,,
60,retired,married,tertiary,no,yes,no,cellular,2,feb,415,1,-1,0,unknown,1,positive,,
38,management,married,tertiary,no,yes,no,cellular,2,feb,626,1,-1,0,unknown,1,positive,,
41,services,divorced,secondary,no,yes,no,cellular,2,feb,938,1,-1,0,unknown,1,positive,,
58,management,divorced,tertiary,no,no,no,cellular,2,feb,521,1,-1,0,unknown,1,positive,,
61,management,married,tertiary,no,no,no,cellular,2,feb,670,3,-1,0,unknown,1,positive,,
48,blue-collar,single,primary,no,no,no,telephone,2,feb,1790,2,-1,0,unknown,1,positive,,
36,management,married,tertiary,no,no,no,cellular,2,feb,285,1,-1,0,unknown,1,positive,,
31,management,single,tertiary,no,no,no,cellular,2,feb,258,1,73,1,failure,1,positive,,
30,self-employed,single,tertiary,no,yes,no,cellular,2,feb,402,1,-1,0,unknown,1,positive,,
26,technician,single,tertiary,no,no,no,cellular,2,feb,280,1,-1,0,unknown,1,positive,,
43,admin.,single,secondary,no,yes,yes,cellular,2,feb,751,2,76,4,failure,1,negative,,
39,services,married,secondary,no,no,no,telephone,2,feb,1420,3,-1,0,unknown,1,positive,,
48,blue-collar,single,primary,no,yes,no,cellular,2,feb,1425,2,-1,0,unknown,1,positive,,
46,blue-collar,married,primary,no,no,yes,telephone,2,feb,436,3,-1,0,unknown,1,positive,,
26,student,single,secondary,no,no,no,cellular,2,feb,1223,2,-1,0,unknown,1,negative,,
51,technician,married,secondary,no,no,no,cellular,2,feb,467,2,-1,0,unknown,1,positive,,
28,unemployed,married,primary,no,yes,no,cellular,2,feb,981,5,269,2,failure,1,positive,,
37,management,married,tertiary,no,yes,no,cellular,2,feb,289,2,174,4,other,1,positive,,
53,blue-collar,married,secondary,no,no,no,cellular,3,feb,211,1,-1,0,unknown,1,positive,,
29,technician,single,tertiary,no,no,no,cellular,3,feb,297,1,-1,0,unknown,1,positive,,
57,admin.,married,secondary,no,no,no,cellular,3,feb,369,1,-1,0,unknown,1,positive,,
25,admin.,single,secondary,no,no,yes,cellular,3,feb,189,1,-1,0,unknown,1,positive,,
68,retired,divorced,primary,no,no,no,cellular,3,feb,360,1,-1,0,unknown,1,positive,,
36,unemployed,single,tertiary,no,no,no,cellular,3,feb,298,1,-1,0,unknown,1,positive,,
34,management,married,tertiary,no,yes,no,cellular,3,feb,251,1,-1,0,unknown,1,negative,,
56,management,married,primary,no,no,no,cellular,3,feb,996,1,-1,0,unknown,1,negative,,
38,technician,divorced,secondary,no,yes,no,cellular,3,feb,650,1,-1,0,unknown,1,positive,,
39,blue-collar,married,primary,no,no,no,cellular,3,feb,906,1,-1,0,unknown,1,positive,,
54,technician,divorced,secondary,no,yes,no,cellular,3,feb,261,1,195,4,failure,1,positive,,
32,management,single,tertiary,no,no,no,cellular,3,feb,152,2,160,5,other,1,positive,,
41,blue-collar,married,primary,no,yes,no,cellular,3,feb,157,1,-1,0,unknown,1,positive,,
48,technician,single,secondary,no,yes,no,cellular,3,feb,1393,1,-1,0,unknown,1,negative,,
59,retired,divorced,secondary,no,no,no,cellular,3,feb,261,1,-1,0,unknown,1,positive,,
54,management,married,tertiary,no,no,no,cellular,3,feb,1635,1,-1,0,unknown,1,positive,,
53,blue-collar,married,primary,no,yes,no,cellular,3,feb,1528,2,-1,0,unknown,1,positive,,
36,management,married,tertiary,no,no,no,cellular,3,feb,303,2,-1,0,unknown,1,positive,,
39,unemployed,single,secondary,no,yes,no,cellular,3,feb,372,1,-1,0,unknown,1,negative,,
31,management,married,tertiary,no,no,no,cellular,3,feb,182,2,90,1,success,1,positive,,
38,management,married,tertiary,no,no,no,cellular,3,feb,239,1,-1,0,unknown,1,positive,,
32,management,single,tertiary,no,no,no,cellular,3,feb,443,2,-1,0,unknown,1,positive,,
30,entrepreneur,single,secondary,no,no,no,cellular,3,feb,1404,4,-1,0,unknown,1,positive,,
40,management,married,tertiary,no,no,no,telephone,3,feb,1776,2,-1,0,unknown,1,positive,,
30,management,single,tertiary,no,no,no,cellular,4,feb,1294,2,-1,0,unknown,1,positive,,
28,self-employed,married,tertiary,no,yes,no,cellular,4,feb,546,3,196,4,failure,1,negative,,
52,management,married,tertiary,no,yes,no,cellular,4,feb,489,1,-1,0,unknown,1,negative,,
30,admin.,single,tertiary,no,no,no,cellular,4,feb,227,2,-1,0,unknown,1,positive,,
32,technician,single,tertiary,no,yes,no,cellular,4,feb,192,2,-1,0,unknown,1,positive,,
34,management,married,tertiary,no,no,no,cellular,4,feb,426,2,-1,0,unknown,1,positive,,
31,unemployed,single,primary,no,no,no,cellular,4,feb,736,1,-1,0,unknown,1,positive,,
57,admin.,married,secondary,no,no,no,telephone,4,feb,1416,1,-1,0,unknown,1,positive,,
31,self-employed,married,tertiary,no,no,no,cellular,4,feb,193,2,-1,0,unknown,1,positive,,
40,blue-collar,married,unknown,no,yes,no,cellular,4,feb,718,2,189,2,success,1,positive,,
29,management,married,tertiary,no,yes,no,cellular,4,feb,80,2,-1,0,unknown,1,positive,,
75,retired,divorced,primary,no,yes,no,cellular,4,feb,136,3,-1,0,unknown,1,positive,,
27,technician,single,tertiary,no,yes,no,cellular,4,feb,1078,1,-1,0,unknown,1,positive,,
32,admin.,single,secondary,no,yes,no,cellular,4,feb,1579,1,246,4,failure,1,positive,,
31,management,married,tertiary,no,yes,no,cellular,4,feb,572,2,238,7,other,1,positive,,
41,self-employed,single,tertiary,no,yes,no,cellular,4,feb,1164,1,203,1,failure,1,negative,,
22,admin.,single,tertiary,no,yes,no,cellular,4,feb,133,4,-1,0,unknown,1,positive,,
31,unemployed,single,secondary,no,no,no,cellular,4,feb,974,1,-1,0,unknown,1,positive,,
69,retired,married,primary,no,no,no,cellular,4,feb,136,4,-1,0,unknown,1,positive,,
30,self-employed,married,tertiary,no,no,no,cellular,4,feb,467,1,-1,0,unknown,1,positive,,
49,blue-collar,divorced,secondary,no,no,yes,cellular,4,feb,1226,1,-1,0,unknown,1,positive,,
29,management,single,tertiary,no,no,no,cellular,4,feb,206,1,-1,0,unknown,1,positive,,
45,blue-collar,married,secondary,no,yes,no,cellular,4,feb,872,1,-1,0,unknown,1,positive,,
43,blue-collar,married,secondary,no,yes,no,cellular,4,feb,765,2,-1,0,unknown,1,positive,,
30,admin.,single,tertiary,no,yes,no,cellular,4,feb,730,2,-1,0,unknown,1,negative,,
33,unknown,married,secondary,no,no,no,cellular,4,feb,891,2,177,7,failure,1,positive,,
28,services,single,primary,no,no,no,cellular,4,feb,976,2,-1,0,unknown,1,positive,,
56,unemployed,single,primary,no,no,no,cellular,4,feb,945,2,-1,0,unknown,1,positive,,
39,admin.,married,secondary,no,yes,yes,cellular,4,feb,1290,2,-1,0,unknown,1,positive,,
33,blue-collar,married,secondary,no,no,no,cellular,4,feb,146,3,-1,0,unknown,1,positive,,
38,technician,married,tertiary,no,no,no,cellular,4,feb,1381,4,-1,0,unknown,1,positive,,
30,admin.,single,secondary,no,yes,no,cellular,4,feb,1121,2,-1,0,unknown,1,positive,,
29,technician,married,secondary,no,no,no,cellular,4,feb,2775,2,-1,0,unknown,1,positive,,
69,management,married,tertiary,no,no,no,telephone,5,feb,128,3,-1,0,unknown,1,positive,,
44,management,married,tertiary,no,yes,no,cellular,5,feb,676,1,-1,0,unknown,1,positive,,
37,management,married,tertiary,no,no,no,cellular,5,feb,345,1,-1,0,unknown,1,positive,,
35,management,single,tertiary,no,no,no,cellular,5,feb,699,1,-1,0,unknown,1,positive,,
31,technician,single,tertiary,no,no,no,cellular,5,feb,642,1,167,2,failure,1,positive,,
27,management,single,tertiary,no,no,no,cellular,5,feb,917,1,-1,0,unknown,1,positive,,
26,entrepreneur,single,secondary,no,yes,no,cellular,5,feb,810,1,268,1,failure,1,positive,,
26,entrepreneur,single,tertiary,no,no,no,cellular,5,feb,1916,2,189,29,other,1,positive,,
34,unemployed,married,primary,no,no,no,cellular,5,feb,578,1,-1,0,unknown,1,positive,,
34,admin.,married,secondary,no,no,no,cellular,5,feb,696,2,-1,0,unknown,1,positive,,
37,housemaid,married,secondary,no,no,yes,cellular,5,feb,630,3,-1,0,unknown,1,positive,,
42,technician,single,secondary,no,yes,no,cellular,5,feb,656,1,-1,0,unknown,1,positive,,
54,services,married,unknown,no,yes,no,cellular,5,feb,686,2,267,1,other,1,negative,,
53,management,married,tertiary,no,no,no,cellular,5,feb,158,3,-1,0,unknown,1,positive,,
54,technician,married,secondary,no,no,no,telephone,5,feb,744,3,-1,0,unknown,1,negative,,
34,technician,single,tertiary,no,yes,no,cellular,5,feb,71,2,-1,0,unknown,1,positive,,
48,entrepreneur,single,tertiary,no,yes,no,cellular,5,feb,1017,4,-1,0,unknown,1,positive,,
40,unemployed,married,primary,no,yes,no,cellular,5,feb,1661,2,-1,0,unknown,1,positive,,
57,unemployed,married,secondary,no,no,no,cellular,5,feb,1063,2,-1,0,unknown,1,positive,,
60,management,married,tertiary,no,no,no,cellular,5,feb,230,2,-1,0,unknown,1,positive,,
25,student,single,secondary,no,no,no,cellular,5,feb,226,7,-1,0,unknown,1,positive,,
28,technician,single,tertiary,no,no,no,cellular,5,feb,1138,2,-1,0,unknown,1,positive,,
34,entrepreneur,married,tertiary,no,yes,no,cellular,5,feb,136,10,-1,0,unknown,1,positive,,
34,management,single,tertiary,no,no,no,cellular,5,feb,263,8,-1,0,unknown,1,positive,,
58,management,married,tertiary,no,no,no,cellular,5,feb,344,5,-1,0,unknown,1,positive,,
44,unemployed,divorced,tertiary,no,no,no,cellular,5,feb,1960,3,-1,0,unknown,1,negative,,
32,management,single,tertiary,no,no,no,cellular,5,feb,550,4,-1,0,unknown,1,negative,,
38,admin.,divorced,secondary,no,yes,no,cellular,5,feb,1130,3,251,2,success,1,positive,,
64,retired,married,primary,no,no,no,cellular,6,feb,495,1,-1,0,unknown,1,positive,,
31,services,single,secondary,no,no,yes,cellular,6,feb,1019,2,-1,0,unknown,1,positive,,
31,management,single,tertiary,no,yes,no,cellular,6,feb,158,1,92,1,success,1,positive,,
66,technician,married,secondary,no,no,no,cellular,6,feb,751,1,-1,0,unknown,1,negative,,
37,technician,single,tertiary,no,no,no,cellular,6,feb,141,1,-1,0,unknown,1,positive,,
33,management,married,tertiary,no,no,no,cellular,6,feb,192,2,-1,0,unknown,1,positive,,
50,management,married,tertiary,no,no,no,cellular,6,feb,178,1,-1,0,unknown,1,positive,,
60,admin.,divorced,secondary,no,yes,yes,cellular,6,feb,1658,1,262,1,failure,1,negative,,
33,blue-collar,single,secondary,no,no,no,cellular,6,feb,860,2,-1,0,unknown,1,positive,,
56,management,married,tertiary,no,no,no,cellular,6,feb,156,1,-1,0,unknown,1,positive,,
26,services,single,tertiary,no,yes,no,cellular,6,feb,984,2,-1,0,unknown,1,positive,,
53,admin.,married,secondary,no,yes,no,cellular,6,feb,3102,3,-1,0,unknown,1,positive,,
59,retired,divorced,tertiary,no,no,no,cellular,6,feb,241,2,-1,0,unknown,1,positive,,
32,blue-collar,married,secondary,no,no,no,cellular,6,feb,591,8,-1,0,unknown,1,positive,,
22,student,single,secondary,no,no,no,cellular,6,feb,229,6,-1,0,unknown,1,negative,,
34,management,married,tertiary,no,no,no,cellular,6,feb,787,3,9,1,other,1,negative,,
28,self-employed,single,secondary,no,yes,no,cellular,9,feb,701,4,-1,0,unknown,1,positive,,
39,services,married,tertiary,no,no,no,cellular,9,feb,912,3,-1,0,unknown,1,positive,,
28,technician,single,secondary,no,no,no,cellular,9,feb,1183,2,-1,0,unknown,1,positive,,
31,self-employed,single,tertiary,no,no,no,telephone,9,feb,1541,1,-1,0,unknown,1,positive,,
33,blue-collar,single,tertiary,no,no,no,cellular,9,feb,126,1,88,1,success,1,positive,,
66,retired,married,primary,no,no,no,cellular,9,feb,479,1,-1,0,unknown,1,positive,,
26,admin.,single,secondary,no,no,no,cellular,9,feb,190,1,-1,0,unknown,1,positive,,
30,admin.,single,secondary,no,no,no,cellular,9,feb,123,1,-1,0,unknown,1,positive,,
28,technician,single,tertiary,no,no,no,cellular,9,feb,253,21,-1,0,unknown,1,positive,,
29,technician,single,tertiary,no,yes,no,cellular,9,feb,835,3,-1,0,unknown,1,positive,,
49,services,married,secondary,no,no,no,telephone,9,feb,1971,4,-1,0,unknown,1,positive,,
34,admin.,married,secondary,no,yes,no,cellular,10,feb,97,1,85,1,failure,1,negative,,
47,blue-collar,married,secondary,no,no,no,cellular,10,feb,277,1,-1,0,unknown,1,positive,,
42,technician,married,tertiary,no,no,no,cellular,10,feb,154,1,-1,0,unknown,1,positive,,
51,technician,married,tertiary,no,yes,yes,cellular,10,feb,160,1,243,1,failure,1,positive,,
43,management,married,tertiary,no,no,no,cellular,10,feb,147,1,-1,0,unknown,1,positive,,
61,retired,married,tertiary,no,no,no,cellular,10,feb,503,1,-1,0,unknown,1,positive,,
35,technician,single,secondary,no,yes,no,cellular,10,feb,515,1,-1,0,unknown,1,positive,,
40,blue-collar,married,secondary,no,no,no,cellular,10,feb,154,2,93,1,success,1,positive,,
27,admin.,married,tertiary,no,no,no,cellular,10,feb,159,1,-1,0,unknown,1,positive,,
31,management,divorced,tertiary,no,no,no,cellular,10,feb,132,6,-1,0,unknown,1,positive,,
32,student,single,tertiary,no,no,no,telephone,10,feb,402,3,-1,0,unknown,1,positive,,
30,unemployed,single,tertiary,no,no,no,cellular,11,feb,528,3,-1,0,unknown,1,positive,,
31,management,married,tertiary,no,yes,yes,cellular,11,feb,331,1,-1,0,unknown,1,positive,,
33,management,married,secondary,no,no,no,cellular,11,feb,446,1,-1,0,unknown,1,positive,,
69,retired,married,primary,no,no,no,cellular,11,feb,354,2,-1,0,unknown,1,positive,,
40,technician,divorced,tertiary,no,yes,no,cellular,11,feb,285,2,-1,0,unknown,1,positive,,
30,services,single,secondary,no,no,no,cellular,11,feb,152,2,-1,0,unknown,1,positive,,
41,technician,married,secondary,no,no,no,cellular,11,feb,109,3,-1,0,unknown,1,positive,,
31,management,married,tertiary,no,yes,no,cellular,11,feb,280,4,-1,0,unknown,1,positive,,
22,student,single,secondary,no,no,no,cellular,12,feb,227,1,-1,0,unknown,1,positive,,
22,admin.,single,secondary,no,no,no,cellular,12,feb,369,1,-1,0,unknown,1,positive,,
37,admin.,married,secondary,no,yes,no,cellular,12,feb,118,4,210,3,failure,1,positive,,
33,management,married,tertiary,no,no,no,cellular,12,feb,388,1,-1,0,unknown,1,positive,,
48,management,single,tertiary,no,no,no,cellular,12,feb,262,1,-1,0,unknown,1,positive,,
85,retired,married,primary,no,no,no,telephone,12,feb,165,2,-1,0,unknown,1,positive,,
72,retired,married,tertiary,no,no,no,cellular,13,feb,99,1,-1,0,unknown,1,negative,,
46,admin.,divorced,secondary,no,no,no,cellular,13,feb,121,1,-1,0,unknown,1,positive,,
26,technician,single,tertiary,no,no,no,cellular,13,feb,119,1,-1,0,unknown,1,positive,,
37,technician,married,tertiary,no,yes,no,cellular,13,feb,71,1,-1,0,unknown,1,positive,,
53,management,divorced,tertiary,no,no,no,cellular,13,feb,75,3,-1,0,unknown,1,positive,,
33,management,single,tertiary,no,no,no,cellular,13,feb,158,2,85,3,failure,1,positive,,
90,retired,divorced,secondary,no,no,no,cellular,13,feb,152,3,-1,0,unknown,1,positive,,
54,admin.,divorced,secondary,no,no,no,cellular,13,feb,439,5,-1,0,unknown,1,positive,,
67,retired,married,tertiary,no,no,no,cellular,13,feb,706,1,-1,0,unknown,1,positive,,
27,student,single,tertiary,no,yes,no,telephone,13,feb,299,6,-1,0,unknown,1,positive,,
42,management,divorced,unknown,no,no,no,cellular,16,feb,138,2,-1,0,unknown,1,positive,,
71,retired,married,primary,no,no,no,cellular,16,feb,93,5,-1,0,unknown,1,positive,,
35,student,single,secondary,no,yes,no,cellular,16,feb,75,3,200,5,failure,1,positive,,
44,admin.,divorced,secondary,no,yes,yes,cellular,16,feb,127,1,257,1,other,1,positive,,
47,entrepreneur,married,tertiary,no,no,no,cellular,16,feb,261,2,-1,0,unknown,1,negative,,
44,admin.,married,tertiary,no,yes,yes,cellular,16,feb,170,2,-1,0,unknown,1,positive,,
37,technician,single,secondary,no,no,no,cellular,16,feb,91,3,-1,0,unknown,1,positive,,
37,services,married,secondary,no,yes,no,cellular,16,feb,138,2,-1,0,unknown,1,positive,,
28,self-employed,single,tertiary,no,no,no,cellular,16,feb,331,1,-1,0,unknown,1,positive,,
21,blue-collar,single,secondary,no,no,no,cellular,17,feb,92,2,-1,0,unknown,1,positive,,
25,management,single,tertiary,no,no,no,cellular,17,feb,485,1,-1,0,unknown,1,positive,,
63,retired,married,secondary,no,no,no,telephone,17,feb,233,2,-1,0,unknown,1,positive,,
32,management,single,tertiary,no,no,no,cellular,17,feb,232,2,-1,0,unknown,1,positive,,
51,technician,married,secondary,no,yes,yes,cellular,17,feb,88,1,-1,0,unknown,1,positive,,
73,retired,married,tertiary,no,no,no,cellular,17,feb,281,1,-1,0,unknown,1,positive,,
26,student,single,secondary,no,no,no,cellular,17,feb,104,1,-1,0,unknown,1,positive,,
74,retired,married,secondary,no,no,no,telephone,17,feb,127,1,-1,0,unknown,1,positive,,
62,management,divorced,tertiary,no,no,no,telephone,17,feb,196,4,-1,0,unknown,1,positive,,
65,retired,married,tertiary,no,no,no,cellular,17,feb,221,2,-1,0,unknown,1,positive,,
47,technician,married,secondary,no,no,no,cellular,17,feb,226,1,-1,0,unknown,1,positive,,
62,retired,married,unknown,no,no,no,cellular,17,feb,737,1,-1,0,unknown,1,positive,,
38,admin.,married,secondary,no,yes,no,cellular,17,feb,120,1,-1,0,unknown,1,positive,,
71,retired,married,secondary,no,no,no,cellular,17,feb,185,1,-1,0,unknown,1,positive,,
29,services,married,secondary,no,yes,no,cellular,17,feb,323,1,-1,0,unknown,1,positive,,
61,retired,married,primary,no,no,no,cellular,17,feb,113,1,-1,0,unknown,1,positive,,
64,retired,divorced,primary,no,no,no,cellular,17,feb,154,1,-1,0,unknown,1,positive,,
57,retired,divorced,primary,no,no,no,telephone,17,feb,202,4,-1,0,unknown,1,positive,,
75,retired,married,primary,no,no,no,cellular,17,feb,364,11,-1,0,unknown,1,positive,,
37,management,married,tertiary,no,no,no,telephone,17,feb,466,4,-1,0,unknown,1,positive,,
68,retired,married,secondary,no,no,no,cellular,18,feb,475,1,-1,0,unknown,1,positive,,
29,management,single,tertiary,no,no,no,cellular,18,feb,147,1,-1,0,unknown,1,positive,,
51,entrepreneur,married,primary,no,no,no,cellular,18,feb,172,10,-1,0,unknown,1,positive,,
41,technician,divorced,secondary,no,yes,no,cellular,18,feb,343,1,-1,0,unknown,1,positive,,
24,student,single,secondary,no,no,no,cellular,18,feb,185,1,-1,0,unknown,1,positive,,
24,blue-collar,single,secondary,no,no,yes,cellular,18,feb,134,2,-1,0,unknown,1,positive,,
39,management,single,tertiary,no,yes,no,cellular,18,feb,224,3,-1,0,unknown,1,negative,,
59,unemployed,married,secondary,no,no,no,cellular,18,feb,83,3,-1,0,unknown,1,positive,,
85,retired,divorced,primary,no,no,no,cellular,18,feb,355,3,-1,0,unknown,1,positive,,
31,management,married,tertiary,no,no,no,cellular,18,feb,332,2,-1,0,unknown,1,positive,,
32,technician,single,tertiary,no,no,no,cellular,18,feb,89,2,-1,0,unknown,1,positive,,
29,management,single,tertiary,no,no,no,cellular,18,feb,264,7,-1,0,unknown,1,positive,,
51,technician,married,secondary,no,no,no,cellular,18,feb,442,2,-1,0,unknown,1,positive,,
39,technician,married,secondary,no,no,no,cellular,18,feb,208,4,-1,0,unknown,1,positive,,
28,student,single,secondary,no,no,no,cellular,18,feb,209,20,-1,0,unknown,1,negative,,
39,technician,married,secondary,no,yes,no,cellular,18,feb,146,2,264,1,other,1,positive,,
44,management,married,primary,no,no,no,cellular,19,feb,268,5,-1,0,unknown,1,positive,,
26,admin.,single,secondary,no,no,no,cellular,19,feb,654,3,-1,0,unknown,1,positive,,
28,management,single,tertiary,no,yes,no,cellular,26,feb,65,1,-1,0,unknown,1,positive,,
48,management,married,tertiary,no,yes,no,cellular,26,feb,245,1,-1,0,unknown,1,positive,,
37,technician,single,secondary,no,no,no,cellular,26,feb,152,1,-1,0,unknown,1,positive,,
71,retired,married,tertiary,no,no,no,telephone,26,feb,367,1,-1,0,unknown,1,positive,,
62,housemaid,married,unknown,no,no,no,telephone,26,feb,361,1,-1,0,unknown,1,positive,,
28,management,single,tertiary,no,no,no,cellular,26,feb,141,2,-1,0,unknown,1,positive,,
26,admin.,single,tertiary,no,no,yes,cellular,26,feb,210,2,-1,0,unknown,1,positive,,
43,unemployed,single,tertiary,no,yes,no,cellular,26,feb,97,1,-1,0,unknown,1,positive,,
27,unknown,single,secondary,no,no,no,telephone,26,feb,232,1,101,1,failure,1,positive,,
30,management,single,tertiary,no,yes,no,cellular,27,feb,195,1,100,1,success,1,positive,,
50,management,married,unknown,no,no,no,cellular,27,feb,194,1,261,1,failure,1,positive,,
25,technician,single,secondary,no,yes,no,cellular,27,feb,412,5,-1,0,unknown,1,positive,,
25,admin.,single,tertiary,no,yes,no,cellular,27,feb,353,1,-1,0,unknown,1,positive,,
30,management,single,tertiary,no,no,no,cellular,27,feb,192,2,-1,0,unknown,1,positive,,
73,retired,married,tertiary,no,yes,no,cellular,27,feb,49,2,-1,0,unknown,1,positive,,
31,management,single,tertiary,no,no,no,cellular,27,feb,172,1,-1,0,unknown,1,positive,,
28,technician,single,tertiary,no,yes,no,telephone,27,feb,342,2,-1,0,unknown,1,positive,,
66,retired,married,secondary,no,no,no,cellular,27,feb,131,2,-1,0,unknown,1,positive,,
41,management,married,secondary,no,yes,no,cellular,27,feb,87,2,-1,0,unknown,1,positive,,
46,technician,married,secondary,no,no,yes,cellular,27,feb,115,1,-1,0,unknown,1,positive,,
42,unemployed,married,tertiary,no,no,no,cellular,27,feb,156,1,-1,0,unknown,1,positive,,
28,technician,single,secondary,no,no,no,cellular,27,feb,79,1,-1,0,unknown,1,positive,,
33,technician,single,tertiary,no,yes,no,cellular,27,feb,165,1,-1,0,unknown,1,positive,,
38,technician,married,secondary,no,yes,no,cellular,27,feb,99,1,102,6,success,1,positive,,
39,blue-collar,single,primary,no,yes,no,cellular,27,feb,233,1,270,1,other,1,positive,,
33,admin.,single,secondary,no,no,no,cellular,27,feb,110,2,-1,0,unknown,1,positive,,
42,services,married,secondary,no,yes,no,cellular,2,mar,712,4,-1,0,unknown,1,positive,,
35,services,married,secondary,no,yes,no,cellular,2,mar,378,4,-1,0,unknown,1,positive,,
55,technician,married,secondary,no,yes,yes,cellular,2,mar,116,1,-1,0,unknown,1,negative,,
43,blue-collar,married,primary,no,no,no,cellular,2,mar,154,1,-1,0,unknown,1,positive,,
37,technician,married,tertiary,no,no,no,cellular,2,mar,239,1,-1,0,unknown,1,positive,,
29,management,single,tertiary,no,no,no,cellular,2,mar,175,5,-1,0,unknown,1,positive,,
49,management,married,tertiary,no,no,no,cellular,2,mar,120,3,-1,0,unknown,1,positive,,
61,retired,married,tertiary,no,no,no,cellular,2,mar,1447,2,-1,0,unknown,1,positive,,
44,technician,single,secondary,no,no,no,telephone,2,mar,382,2,-1,0,unknown,1,positive,,
54,admin.,married,secondary,no,no,no,cellular,3,mar,143,2,-1,0,unknown,1,positive,,
28,management,single,tertiary,no,yes,no,cellular,3,mar,631,1,-1,0,unknown,1,positive,,
30,admin.,single,secondary,no,no,yes,cellular,3,mar,83,1,-1,0,unknown,1,positive,,
47,technician,married,secondary,no,no,no,cellular,3,mar,499,1,-1,0,unknown,1,positive,,
34,blue-collar,single,secondary,no,no,no,cellular,3,mar,350,3,-1,0,unknown,1,positive,,
37,unknown,single,tertiary,no,no,no,cellular,3,mar,426,1,-1,0,unknown,1,negative,,
25,self-employed,single,tertiary,no,yes,no,cellular,3,mar,320,1,-1,0,unknown,1,positive,,
29,technician,single,secondary,no,yes,no,cellular,3,mar,156,1,-1,0,unknown,1,positive,,
62,management,married,secondary,no,yes,no,cellular,3,mar,168,1,-1,0,unknown,1,positive,,
58,management,divorced,secondary,no,no,no,cellular,3,mar,180,2,-1,0,unknown,1,positive,,
46,management,married,tertiary,no,no,no,cellular,3,mar,305,13,-1,0,unknown,1,negative,,
56,retired,married,tertiary,no,no,no,cellular,3,mar,96,2,-1,0,unknown,1,positive,,
49,technician,married,tertiary,no,yes,no,cellular,3,mar,152,2,-1,0,unknown,1,positive,,
33,management,married,tertiary,no,no,no,cellular,4,mar,377,6,-1,0,unknown,1,positive,,
24,management,single,tertiary,no,no,no,cellular,4,mar,396,2,-1,0,unknown,1,positive,,
27,student,single,tertiary,no,no,no,cellular,5,mar,82,3,-1,0,unknown,1,negative,,
60,retired,married,secondary,no,no,no,cellular,5,mar,308,2,196,2,failure,1,positive,,
32,management,single,tertiary,no,no,no,cellular,5,mar,63,2,-1,0,unknown,1,positive,,
83,retired,divorced,primary,no,no,no,telephone,5,mar,181,1,-1,0,unknown,1,positive,,
53,management,married,secondary,no,no,no,cellular,5,mar,90,1,104,1,failure,1,positive,,
45,admin.,divorced,secondary,no,yes,no,cellular,5,mar,182,1,107,2,other,1,positive,,
35,self-employed,married,tertiary,no,yes,no,cellular,5,mar,106,1,-1,0,unknown,1,positive,,
28,technician,single,secondary,no,no,yes,cellular,5,mar,196,2,-1,0,unknown,1,positive,,
31,management,divorced,tertiary,no,yes,no,cellular,5,mar,112,2,106,1,failure,1,positive,,
30,student,single,tertiary,no,no,no,telephone,5,mar,199,5,-1,0,unknown,1,positive,,
29,technician,married,secondary,no,no,no,cellular,6,mar,195,1,-1,0,unknown,1,positive,,
36,management,single,tertiary,no,no,no,cellular,6,mar,229,1,-1,0,unknown,1,positive,,
57,management,married,tertiary,no,no,no,cellular,6,mar,227,1,-1,0,unknown,1,positive,,
21,blue-collar,single,secondary,no,no,no,cellular,6,mar,266,1,-1,0,unknown,1,positive,,
44,management,single,tertiary,no,no,no,cellular,6,mar,207,2,199,6,success,1,positive,,
23,management,single,tertiary,no,no,no,cellular,9,mar,131,4,-1,0,unknown,1,positive,,
34,management,single,tertiary,no,no,no,cellular,9,mar,116,1,-1,0,unknown,1,positive,,
79,retired,married,secondary,no,no,no,telephone,9,mar,303,9,-1,0,unknown,1,positive,,
32,self-employed,married,secondary,no,no,no,cellular,9,mar,217,2,-1,0,unknown,1,positive,,
37,unemployed,single,tertiary,no,yes,no,cellular,10,mar,350,2,112,3,failure,1,positive,,
35,management,single,tertiary,no,yes,no,cellular,10,mar,112,1,-1,0,unknown,1,positive,,
47,management,married,tertiary,no,no,no,cellular,10,mar,80,1,-1,0,unknown,1,positive,,
61,management,married,tertiary,no,no,no,cellular,10,mar,106,1,-1,0,unknown,1,positive,,
30,management,single,tertiary,no,no,no,cellular,10,mar,272,1,-1,0,unknown,1,positive,,
70,retired,married,secondary,no,no,no,cellular,10,mar,122,1,-1,0,unknown,1,positive,,
28,technician,single,tertiary,no,no,no,cellular,10,mar,261,1,-1,0,unknown,1,positive,,
52,management,married,tertiary,no,no,no,cellular,10,mar,135,1,-1,0,unknown,1,positive,,
28,management,single,secondary,no,no,no,cellular,10,mar,93,1,-1,0,unknown,1,positive,,
43,technician,married,secondary,no,no,no,cellular,10,mar,159,3,-1,0,unknown,1,positive,,
57,management,married,tertiary,no,no,no,cellular,11,mar,266,2,-1,0,unknown,1,positive,,
24,admin.,single,tertiary,no,no,no,cellular,11,mar,95,4,-1,0,unknown,1,negative,,
25,management,married,tertiary,no,no,no,cellular,11,mar,796,5,-1,0,unknown,1,positive,,
32,management,married,tertiary,no,no,no,cellular,11,mar,126,1,-1,0,unknown,1,positive,,
65,housemaid,married,primary,no,no,no,cellular,11,mar,323,1,-1,0,unknown,1,positive,,
34,admin.,divorced,secondary,no,no,no,cellular,11,mar,101,7,-1,0,unknown,1,positive,,
44,management,married,tertiary,no,no,no,cellular,11,mar,188,3,-1,0,unknown,1,positive,,
50,housemaid,married,secondary,no,no,no,cellular,11,mar,203,2,-1,0,unknown,1,positive,,
32,entrepreneur,single,tertiary,no,yes,no,cellular,11,mar,101,1,-1,0,unknown,1,negative,,
44,management,married,tertiary,no,no,no,cellular,12,mar,2330,5,-1,0,unknown,1,positive,,
33,technician,single,tertiary,no,no,no,cellular,12,mar,80,4,-1,0,unknown,1,positive,,
49,technician,divorced,tertiary,no,yes,no,cellular,12,mar,229,1,-1,0,unknown,1,positive,,
53,services,divorced,secondary,no,no,no,cellular,12,mar,80,2,-1,0,unknown,1,negative,,
31,management,divorced,tertiary,no,no,no,cellular,12,mar,119,1,-1,0,unknown,1,positive,,
61,admin.,married,tertiary,no,no,no,cellular,12,mar,156,1,-1,0,unknown,1,positive,,
37,management,single,tertiary,no,yes,no,cellular,12,mar,186,1,-1,0,unknown,1,positive,,
58,self-employed,married,tertiary,no,no,no,cellular,12,mar,139,1,-1,0,unknown,1,positive,,
30,management,single,tertiary,no,no,no,cellular,12,mar,1209,2,-1,0,unknown,1,positive,,
47,blue-collar,married,secondary,no,yes,yes,cellular,13,mar,3076,1,-1,0,unknown,1,positive,,
60,technician,married,secondary,no,no,no,cellular,13,mar,296,2,-1,0,unknown,1,positive,,
36,entrepreneur,divorced,tertiary,no,no,no,cellular,16,mar,392,4,-1,0,unknown,1,positive,,
37,services,single,secondary,no,no,no,cellular,17,mar,406,2,41,1,failure,1,positive,,
43,admin.,married,secondary,no,no,no,cellular,17,mar,220,1,-1,0,unknown,1,positive,,
46,admin.,married,secondary,no,no,no,cellular,17,mar,178,1,-1,0,unknown,1,positive,,
37,admin.,single,tertiary,no,yes,no,cellular,17,mar,195,1,-1,0,unknown,1,positive,,
31,management,single,tertiary,no,no,no,cellular,17,mar,187,1,-1,0,unknown,1,positive,,
31,technician,married,secondary,no,no,no,cellular,17,mar,299,2,-1,0,unknown,1,positive,,
30,management,single,tertiary,no,yes,no,cellular,17,mar,325,2,-1,0,unknown,1,positive,,
30,management,married,tertiary,no,yes,no,cellular,18,mar,232,2,294,2,failure,1,positive,,
32,admin.,single,tertiary,no,no,no,cellular,18,mar,278,2,-1,0,unknown,1,positive,,
35,admin.,married,secondary,no,yes,no,cellular,18,mar,194,1,-1,0,unknown,1,positive,,
59,technician,married,secondary,no,no,no,cellular,18,mar,224,1,-1,0,unknown,1,positive,,
33,housemaid,single,tertiary,no,yes,no,cellular,18,mar,201,1,-1,0,unknown,1,positive,,
41,services,single,secondary,no,yes,yes,cellular,18,mar,147,4,-1,0,unknown,1,negative,,
59,admin.,married,secondary,no,no,no,cellular,18,mar,203,4,121,2,failure,1,positive,,
37,management,single,tertiary,no,no,no,cellular,19,mar,167,1,-1,0,unknown,1,positive,,
31,services,married,secondary,no,no,no,cellular,19,mar,220,3,-1,0,unknown,1,positive,,
32,management,married,tertiary,no,yes,no,cellular,23,mar,248,4,-1,0,unknown,1,positive,,
26,management,single,tertiary,no,no,no,cellular,23,mar,415,1,-1,0,unknown,1,positive,,
53,technician,married,secondary,no,no,no,cellular,23,mar,115,1,-1,0,unknown,1,positive,,
73,retired,married,tertiary,no,no,no,cellular,24,mar,136,1,-1,0,unknown,1,positive,,
34,unemployed,married,secondary,no,no,no,cellular,24,mar,132,1,-1,0,unknown,1,positive,,
46,management,divorced,tertiary,no,yes,no,cellular,24,mar,144,2,-1,0,unknown,1,negative,,
76,retired,divorced,primary,no,no,no,cellular,24,mar,170,3,-1,0,unknown,1,positive,,
46,management,married,tertiary,no,no,no,cellular,24,mar,269,3,-1,0,unknown,1,positive,,
83,retired,divorced,primary,no,no,no,cellular,25,mar,115,1,-1,0,unknown,1,positive,,
40,management,married,tertiary,no,yes,no,cellular,25,mar,506,2,-1,0,unknown,1,negative,,
23,student,single,secondary,no,no,no,cellular,25,mar,96,2,-1,0,unknown,1,positive,,
34,management,single,tertiary,no,no,no,cellular,25,mar,278,8,-1,0,unknown,1,positive,,
24,student,single,secondary,no,no,no,cellular,25,mar,411,2,-1,0,unknown,1,positive,,
41,management,divorced,tertiary,no,yes,yes,cellular,26,mar,117,2,-1,0,unknown,1,positive,,
39,management,married,secondary,no,no,no,cellular,26,mar,200,1,-1,0,unknown,1,positive,,
28,admin.,single,secondary,no,no,no,cellular,26,mar,475,1,-1,0,unknown,1,positive,,
34,technician,married,secondary,no,yes,no,cellular,27,mar,95,2,231,2,failure,1,positive,,
77,retired,married,secondary,no,no,no,telephone,27,mar,515,1,-1,0,unknown,1,positive,,
36,management,married,secondary,no,no,no,cellular,27,mar,300,1,-1,0,unknown,1,positive,,
58,management,married,tertiary,no,yes,no,cellular,27,mar,342,1,-1,0,unknown,1,positive,,
32,self-employed,single,tertiary,no,yes,no,cellular,27,mar,283,1,-1,0,unknown,1,positive,,
38,admin.,married,tertiary,no,no,no,cellular,27,mar,164,2,130,2,failure,1,positive,,
46,admin.,married,secondary,no,yes,no,cellular,27,mar,229,2,-1,0,unknown,1,positive,,
27,student,single,secondary,no,no,no,cellular,27,mar,378,1,-1,0,unknown,1,positive,,
46,admin.,married,secondary,no,yes,no,cellular,27,mar,243,3,239,13,other,1,negative,,
59,retired,married,tertiary,no,no,no,telephone,27,mar,234,2,-1,0,unknown,1,positive,,
19,student,single,primary,no,no,no,cellular,27,mar,271,2,-1,0,unknown,1,positive,,
25,management,single,tertiary,no,no,no,cellular,27,mar,347,2,-1,0,unknown,1,positive,,
23,management,single,tertiary,no,no,no,cellular,30,mar,180,2,-1,0,unknown,1,positive,,
47,management,married,tertiary,no,no,no,cellular,30,mar,364,3,-1,0,unknown,1,positive,,
22,admin.,single,secondary,no,no,no,cellular,30,mar,517,1,-1,0,unknown,1,positive,,
27,management,single,tertiary,no,no,no,cellular,30,mar,1081,2,-1,0,unknown,1,positive,,
73,retired,divorced,primary,no,no,no,telephone,30,mar,163,2,-1,0,unknown,1,positive,,
41,management,married,tertiary,no,yes,no,cellular,31,mar,237,3,-1,0,unknown,1,positive,,
30,admin.,single,tertiary,no,no,no,cellular,31,mar,158,2,-1,0,unknown,1,positive,,
26,admin.,single,secondary,no,no,no,cellular,1,apr,351,3,-1,0,unknown,1,positive,,
38,blue-collar,single,tertiary,no,yes,no,cellular,1,apr,1176,1,-1,0,unknown,1,positive,,
46,management,divorced,tertiary,no,yes,no,cellular,1,apr,1196,1,-1,0,unknown,1,positive,,
27,technician,single,tertiary,no,no,no,cellular,1,apr,165,2,-1,0,unknown,1,positive,,
63,self-employed,married,tertiary,no,no,no,cellular,1,apr,387,2,-1,0,unknown,1,negative,,
19,student,single,unknown,no,no,no,cellular,1,apr,184,4,-1,0,unknown,1,positive,,
34,admin.,married,secondary,no,no,no,cellular,2,apr,739,2,-1,0,unknown,1,positive,,
32,admin.,single,secondary,no,no,yes,cellular,2,apr,243,3,-1,0,unknown,1,positive,,
33,management,single,tertiary,no,yes,no,cellular,2,apr,313,3,-1,0,unknown,1,positive,,
47,blue-collar,married,secondary,no,yes,no,cellular,2,apr,1164,1,-1,0,unknown,1,positive,,
48,admin.,divorced,secondary,no,no,no,cellular,2,apr,397,2,-1,0,unknown,1,positive,,
58,unknown,married,unknown,no,no,no,cellular,2,apr,268,1,-1,0,unknown,1,positive,,
50,management,married,tertiary,no,yes,no,cellular,3,apr,707,1,302,3,failure,1,positive,,
26,blue-collar,single,secondary,no,no,yes,cellular,3,apr,117,1,-1,0,unknown,1,positive,,
39,blue-collar,married,secondary,no,yes,no,cellular,3,apr,939,1,-1,0,unknown,1,positive,,
55,blue-collar,divorced,secondary,no,yes,no,cellular,3,apr,296,1,270,3,failure,1,positive,,
41,self-employed,married,secondary,no,yes,no,cellular,3,apr,1203,2,135,2,failure,1,positive,,
54,entrepreneur,divorced,unknown,no,yes,no,telephone,6,apr,475,6,307,5,failure,1,positive,,
33,technician,single,tertiary,no,yes,no,cellular,6,apr,583,2,222,17,failure,1,positive,,
42,management,single,tertiary,no,no,no,cellular,6,apr,158,1,-1,0,unknown,1,positive,,
50,blue-collar,married,primary,no,no,no,telephone,6,apr,180,1,-1,0,unknown,1,positive,,
40,management,married,secondary,no,no,yes,cellular,6,apr,635,1,-1,0,unknown,1,positive,,
36,self-employed,married,secondary,no,yes,no,cellular,6,apr,1063,1,-1,0,unknown,1,positive,,
37,admin.,married,secondary,no,yes,no,telephone,6,apr,1353,2,138,2,success,1,positive,,
44,blue-collar,single,secondary,no,yes,yes,cellular,6,apr,740,3,-1,0,unknown,1,positive,,
37,technician,single,tertiary,no,no,no,cellular,6,apr,1138,2,138,1,failure,1,positive,,
30,blue-collar,single,tertiary,no,no,no,cellular,7,apr,465,4,-1,0,unknown,1,positive,,
26,self-employed,single,secondary,no,no,no,cellular,7,apr,148,1,-1,0,unknown,1,positive,,
47,unemployed,married,secondary,no,no,no,cellular,7,apr,721,4,-1,0,unknown,1,positive,,
46,blue-collar,single,tertiary,no,no,no,cellular,7,apr,299,1,-1,0,unknown,1,positive,,
25,admin.,single,secondary,no,no,yes,cellular,7,apr,104,2,-1,0,unknown,1,positive,,
51,blue-collar,married,secondary,no,yes,no,cellular,7,apr,895,1,-1,0,unknown,1,positive,,
56,technician,married,secondary,no,no,no,cellular,8,apr,327,1,-1,0,unknown,1,positive,,
36,blue-collar,single,secondary,no,yes,no,cellular,8,apr,952,1,323,1,other,1,positive,,
35,technician,single,secondary,no,yes,no,cellular,8,apr,903,1,-1,0,unknown,1,positive,,
65,retired,married,secondary,no,no,no,telephone,8,apr,523,2,-1,0,unknown,1,positive,,
54,unemployed,married,secondary,no,no,no,cellular,8,apr,1134,1,-1,0,unknown,1,positive,,
48,management,married,secondary,no,yes,no,cellular,8,apr,1032,3,141,7,failure,1,positive,,
32,technician,married,secondary,no,yes,no,cellular,8,apr,150,1,267,4,failure,1,positive,,
60,admin.,divorced,secondary,no,no,no,telephone,8,apr,236,1,-1,0,unknown,1,positive,,
67,retired,married,secondary,no,no,no,cellular,8,apr,245,1,-1,0,unknown,1,positive,,
27,technician,single,tertiary,no,no,no,cellular,8,apr,114,1,-1,0,unknown,1,positive,,
32,management,single,tertiary,no,no,no,cellular,8,apr,321,1,-1,0,unknown,1,positive,,
26,admin.,married,secondary,no,no,no,cellular,8,apr,209,1,-1,0,unknown,1,positive,,
33,management,single,tertiary,no,yes,no,cellular,8,apr,1190,1,141,3,other,1,positive,,
21,student,single,primary,no,no,no,cellular,8,apr,104,5,-1,0,unknown,1,positive,,
30,technician,single,secondary,no,no,no,cellular,8,apr,108,2,-1,0,unknown,1,positive,,
27,student,single,secondary,no,no,no,cellular,8,apr,143,2,-1,0,unknown,1,positive,,
30,services,single,secondary,no,yes,no,cellular,8,apr,105,4,320,8,other,1,positive,,
36,blue-collar,married,secondary,no,yes,no,cellular,8,apr,274,3,-1,0,unknown,1,positive,,
31,management,single,secondary,no,yes,no,cellular,8,apr,575,2,-1,0,unknown,1,positive,,
27,admin.,married,secondary,no,yes,no,cellular,8,apr,1665,3,-1,0,unknown,1,positive,,
29,management,single,tertiary,no,no,no,cellular,8,apr,548,2,-1,0,unknown,1,positive,,
38,blue-collar,single,secondary,no,yes,no,cellular,8,apr,1691,2,264,3,failure,1,positive,,
23,admin.,single,tertiary,no,no,yes,cellular,8,apr,142,4,-1,0,unknown,1,positive,,
38,technician,married,tertiary,no,no,no,cellular,8,apr,350,2,-1,0,unknown,1,positive,,
30,technician,single,secondary,no,yes,no,cellular,9,apr,743,1,-1,0,unknown,1,positive,,
41,services,married,secondary,no,yes,no,cellular,9,apr,592,4,316,3,failure,1,positive,,
55,admin.,married,unknown,no,no,no,cellular,9,apr,394,1,-1,0,unknown,1,positive,,
33,technician,single,secondary,no,yes,no,cellular,9,apr,448,2,316,6,failure,1,positive,,
53,admin.,single,secondary,no,no,no,cellular,9,apr,527,3,-1,0,unknown,1,positive,,
35,admin.,married,secondary,no,yes,no,cellular,9,apr,214,1,-1,0,unknown,1,positive,,
42,entrepreneur,married,secondary,no,yes,no,cellular,9,apr,331,1,140,4,failure,1,negative,,
29,admin.,married,tertiary,no,no,no,cellular,9,apr,179,1,-1,0,unknown,1,positive,,
68,retired,divorced,primary,no,no,no,cellular,9,apr,233,1,-1,0,unknown,1,positive,,
20,student,single,secondary,no,no,no,cellular,9,apr,245,3,-1,0,unknown,1,positive,,
30,management,single,tertiary,no,no,no,cellular,9,apr,152,2,-1,0,unknown,1,positive,,
32,blue-collar,married,secondary,no,yes,no,cellular,9,apr,317,5,-1,0,unknown,1,positive,,
28,management,divorced,tertiary,no,yes,no,cellular,9,apr,1042,2,315,2,other,1,positive,,
45,blue-collar,married,secondary,no,yes,no,cellular,13,apr,348,3,256,2,failure,1,positive,,
29,technician,single,secondary,no,yes,no,cellular,13,apr,1036,1,-1,0,unknown,1,positive,,
31,blue-collar,married,secondary,no,yes,yes,cellular,13,apr,1091,2,-1,0,unknown,1,positive,,
39,services,divorced,secondary,no,yes,no,cellular,13,apr,1006,2,-1,0,unknown,1,negative,,
42,blue-collar,married,primary,no,yes,no,cellular,13,apr,384,2,-1,0,unknown,1,positive,,
35,management,single,tertiary,no,yes,yes,cellular,13,apr,407,1,-1,0,unknown,1,positive,,
34,technician,single,tertiary,no,yes,no,cellular,13,apr,709,1,-1,0,unknown,1,positive,,
26,management,single,tertiary,no,no,no,cellular,13,apr,1022,2,-1,0,unknown,1,negative,,
29,services,divorced,secondary,no,yes,no,cellular,13,apr,1101,2,-1,0,unknown,1,positive,,
44,self-employed,single,tertiary,no,yes,no,cellular,13,apr,1232,3,146,1,other,1,positive,,
34,management,married,tertiary,no,yes,no,cellular,14,apr,342,1,-1,0,unknown,1,positive,,
36,technician,married,secondary,no,no,no,cellular,14,apr,461,1,-1,0,unknown,1,positive,,
33,management,married,tertiary,no,yes,no,cellular,14,apr,535,3,328,1,failure,1,negative,,
34,management,single,tertiary,no,no,no,cellular,14,apr,142,1,-1,0,unknown,1,positive,,
33,admin.,single,secondary,no,yes,no,cellular,14,apr,344,1,74,2,failure,1,positive,,
22,student,single,secondary,no,no,no,cellular,14,apr,125,1,-1,0,unknown,1,positive,,
32,technician,married,secondary,no,yes,yes,cellular,14,apr,850,2,-1,0,unknown,1,positive,,
36,services,single,secondary,no,yes,no,cellular,14,apr,1073,1,-1,0,unknown,1,negative,,
44,admin.,divorced,secondary,no,no,no,cellular,14,apr,1594,1,148,1,failure,1,negative,,
65,retired,married,secondary,no,no,no,cellular,14,apr,450,1,-1,0,unknown,1,positive,,
62,retired,married,primary,no,no,no,cellular,14,apr,505,1,-1,0,unknown,1,positive,,
61,self-employed,divorced,tertiary,no,yes,no,cellular,14,apr,133,2,-1,0,unknown,1,positive,,
40,technician,single,tertiary,no,no,no,cellular,14,apr,184,1,-1,0,unknown,1,positive,,
41,housemaid,married,primary,no,no,no,cellular,14,apr,168,1,-1,0,unknown,1,negative,,
24,management,married,unknown,no,no,no,cellular,14,apr,324,1,-1,0,unknown,1,positive,,
77,retired,divorced,tertiary,no,no,no,cellular,14,apr,161,1,-1,0,unknown,1,positive,,
62,housemaid,married,tertiary,no,no,no,cellular,14,apr,496,1,-1,0,unknown,1,positive,,
30,unemployed,married,tertiary,no,no,no,cellular,14,apr,111,1,-1,0,unknown,1,positive,,
29,admin.,single,secondary,no,no,no,cellular,14,apr,107,3,-1,0,unknown,1,positive,,
36,management,married,tertiary,no,no,no,cellular,14,apr,216,1,-1,0,unknown,1,positive,,
29,unemployed,single,secondary,no,no,no,cellular,14,apr,207,2,-1,0,unknown,1,positive,,
78,unknown,married,unknown,no,no,no,telephone,14,apr,300,3,-1,0,unknown,1,positive,,
65,management,married,secondary,no,no,no,cellular,15,apr,223,2,-1,0,unknown,1,positive,,
43,services,married,primary,no,yes,no,telephone,15,apr,165,2,327,3,failure,1,positive,,
70,retired,divorced,primary,no,no,no,cellular,15,apr,82,1,-1,0,unknown,1,positive,,
32,services,married,secondary,no,yes,no,cellular,15,apr,903,2,341,2,failure,1,positive,,
46,technician,married,secondary,no,yes,no,cellular,15,apr,282,2,-1,0,unknown,1,positive,,
33,management,single,tertiary,no,yes,no,cellular,15,apr,636,3,330,1,failure,1,positive,,
33,management,married,secondary,no,no,no,cellular,15,apr,179,3,-1,0,unknown,1,positive,,
33,admin.,married,secondary,no,no,no,cellular,15,apr,110,1,-1,0,unknown,1,positive,,
57,services,married,primary,no,yes,no,cellular,15,apr,1217,3,-1,0,unknown,1,positive,,
62,blue-collar,married,secondary,no,no,no,cellular,15,apr,389,2,-1,0,unknown,1,positive,,
32,services,single,secondary,no,no,no,cellular,15,apr,171,1,-1,0,unknown,1,positive,,
39,blue-collar,single,secondary,no,yes,no,cellular,15,apr,668,1,-1,0,unknown,1,positive,,
41,blue-collar,married,secondary,no,yes,no,cellular,15,apr,135,1,-1,0,unknown,1,positive,,
76,housemaid,divorced,primary,no,no,no,telephone,15,apr,170,3,-1,0,unknown,1,positive,,
36,admin.,single,secondary,no,yes,no,cellular,15,apr,953,1,-1,0,unknown,1,positive,,
27,technician,single,secondary,no,yes,no,cellular,15,apr,1038,2,-1,0,unknown,1,positive,,
38,management,single,tertiary,no,yes,no,cellular,15,apr,139,5,145,9,failure,1,positive,,
56,blue-collar,married,primary,no,no,no,cellular,15,apr,264,2,-1,0,unknown,1,positive,,
51,unemployed,married,tertiary,no,no,no,cellular,16,apr,838,3,-1,0,unknown,1,positive,,
39,management,married,tertiary,no,no,no,cellular,16,apr,144,4,-1,0,unknown,1,positive,,
35,management,divorced,tertiary,no,no,no,cellular,16,apr,78,2,-1,0,unknown,1,positive,,
32,blue-collar,married,secondary,yes,yes,no,cellular,16,apr,648,1,272,1,other,1,negative,,
51,housemaid,married,unknown,no,yes,no,cellular,16,apr,251,2,266,3,other,1,positive,,
37,technician,married,secondary,no,no,no,cellular,16,apr,334,2,-1,0,unknown,1,positive,,
52,entrepreneur,single,tertiary,no,yes,no,cellular,16,apr,583,1,147,1,success,1,positive,,
20,blue-collar,single,secondary,no,yes,no,cellular,16,apr,498,1,-1,0,unknown,1,positive,,
35,technician,married,secondary,no,yes,no,cellular,16,apr,1579,1,234,4,failure,1,positive,,
47,admin.,married,secondary,no,no,no,cellular,16,apr,443,1,-1,0,unknown,1,positive,,
31,technician,married,secondary,no,no,no,cellular,16,apr,495,1,-1,0,unknown,1,positive,,
25,management,single,tertiary,no,yes,yes,cellular,16,apr,1034,1,-1,0,unknown,1,positive,,
49,services,married,secondary,no,yes,no,cellular,16,apr,1366,1,-1,0,unknown,1,positive,,
30,management,single,tertiary,no,no,no,cellular,16,apr,298,4,-1,0,unknown,1,positive,,
35,blue-collar,single,secondary,no,yes,no,cellular,16,apr,1174,1,345,4,other,1,negative,,
44,management,married,primary,no,no,no,cellular,16,apr,165,3,-1,0,unknown,1,positive,,
42,blue-collar,married,secondary,no,yes,yes,cellular,16,apr,1463,2,-1,0,unknown,1,positive,,
29,management,single,tertiary,no,no,no,cellular,16,apr,667,1,-1,0,unknown,1,positive,,
42,technician,divorced,secondary,no,no,no,cellular,16,apr,127,1,-1,0,unknown,1,positive,,
43,management,married,tertiary,no,yes,no,cellular,16,apr,453,1,-1,0,unknown,1,positive,,
36,technician,single,secondary,no,yes,no,cellular,16,apr,700,5,-1,0,unknown,1,positive,,
36,technician,married,tertiary,no,yes,no,cellular,16,apr,901,2,-1,0,unknown,1,positive,,
32,services,married,secondary,no,yes,no,cellular,16,apr,1365,2,328,1,failure,1,positive,,
54,technician,married,secondary,no,no,yes,cellular,16,apr,299,2,-1,0,unknown,1,positive,,
50,management,married,tertiary,no,no,no,cellular,16,apr,161,1,-1,0,unknown,1,positive,,
32,technician,single,tertiary,no,yes,no,cellular,16,apr,944,1,318,1,failure,1,positive,,
28,student,single,tertiary,no,no,no,cellular,16,apr,551,2,-1,0,unknown,1,positive,,
40,services,divorced,primary,no,yes,no,cellular,16,apr,1156,1,345,2,failure,1,positive,,
56,retired,married,secondary,no,yes,no,cellular,17,apr,156,1,305,6,other,1,positive,,
34,admin.,single,secondary,no,yes,no,cellular,17,apr,678,1,-1,0,unknown,1,positive,,
52,retired,divorced,primary,no,yes,yes,cellular,17,apr,709,1,-1,0,unknown,1,negative,,
35,blue-collar,married,secondary,no,yes,no,cellular,17,apr,1017,1,325,1,other,1,positive,,
32,management,divorced,tertiary,no,yes,no,cellular,17,apr,1095,1,274,5,success,1,positive,,
60,management,married,tertiary,no,no,no,cellular,17,apr,452,3,-1,0,unknown,1,positive,,
34,blue-collar,married,primary,no,yes,no,cellular,17,apr,952,1,343,1,failure,1,positive,,
30,blue-collar,married,secondary,no,no,no,cellular,17,apr,840,3,-1,0,unknown,1,positive,,
29,blue-collar,married,secondary,no,yes,yes,cellular,17,apr,1311,2,-1,0,unknown,1,positive,,
31,technician,single,tertiary,no,yes,no,cellular,17,apr,997,1,57,2,failure,1,positive,,
32,blue-collar,married,secondary,no,yes,no,cellular,17,apr,574,1,150,1,failure,1,positive,,
30,admin.,single,secondary,no,yes,no,cellular,17,apr,997,1,-1,0,unknown,1,positive,,
39,self-employed,married,tertiary,no,yes,yes,cellular,17,apr,882,3,-1,0,unknown,1,negative,,
33,blue-collar,married,primary,no,yes,no,cellular,17,apr,1007,2,-1,0,unknown,1,positive,,
40,services,single,secondary,no,yes,no,cellular,17,apr,875,2,-1,0,unknown,1,positive,,
38,management,married,tertiary,no,yes,no,cellular,17,apr,526,1,260,2,other,1,positive,,
35,management,single,tertiary,no,yes,no,cellular,17,apr,594,1,-1,0,unknown,1,positive,,
37,blue-collar,married,primary,no,yes,no,cellular,17,apr,404,1,305,3,failure,1,positive,,
29,technician,married,secondary,no,yes,no,cellular,17,apr,367,3,323,3,failure,1,positive,,
71,retired,married,primary,no,no,no,telephone,17,apr,130,1,-1,0,unknown,1,positive,,
36,technician,single,secondary,yes,yes,no,cellular,17,apr,1080,1,-1,0,unknown,1,negative,,
33,blue-collar,divorced,unknown,yes,yes,yes,cellular,17,apr,715,2,329,2,failure,1,negative,,
34,management,married,secondary,yes,yes,no,cellular,17,apr,712,1,344,1,failure,1,positive,,
35,blue-collar,married,unknown,no,yes,no,cellular,17,apr,476,1,-1,0,unknown,1,positive,,
33,technician,married,secondary,no,no,no,cellular,17,apr,108,1,-1,0,unknown,1,positive,,
28,housemaid,single,tertiary,no,no,no,cellular,17,apr,149,1,-1,0,unknown,1,positive,,
31,admin.,single,secondary,no,no,no,cellular,17,apr,188,3,-1,0,unknown,1,negative,,
49,entrepreneur,married,secondary,no,yes,no,cellular,17,apr,772,1,-1,0,unknown,1,positive,,
29,technician,single,secondary,no,no,no,cellular,17,apr,170,5,-1,0,unknown,1,positive,,
33,management,married,tertiary,no,yes,no,cellular,17,apr,378,1,-1,0,unknown,1,negative,,
57,housemaid,married,tertiary,no,no,no,cellular,17,apr,378,1,-1,0,unknown,1,positive,,
41,self-employed,married,secondary,no,yes,no,cellular,17,apr,949,2,254,6,other,1,positive,,
74,retired,married,secondary,no,no,no,telephone,17,apr,394,2,-1,0,unknown,1,positive,,
42,blue-collar,married,primary,no,yes,no,cellular,17,apr,636,3,-1,0,unknown,1,positive,,
53,technician,married,secondary,no,yes,no,telephone,17,apr,320,3,180,1,success,1,positive,,
38,admin.,married,secondary,no,yes,yes,cellular,17,apr,547,2,-1,0,unknown,1,negative,,
41,technician,married,secondary,no,no,no,cellular,17,apr,314,2,-1,0,unknown,1,positive,,
26,technician,single,secondary,no,no,no,cellular,20,apr,158,2,-1,0,unknown,1,positive,,
22,student,single,secondary,no,no,no,cellular,20,apr,206,1,-1,0,unknown,1,positive,,
52,technician,married,secondary,no,no,no,cellular,20,apr,438,1,-1,0,unknown,1,positive,,
40,technician,married,primary,no,yes,no,cellular,20,apr,1332,2,-1,0,unknown,1,positive,,
32,entrepreneur,married,secondary,no,yes,no,cellular,20,apr,1202,3,-1,0,unknown,1,negative,,
36,management,married,tertiary,no,no,no,cellular,20,apr,150,2,-1,0,unknown,1,positive,,
28,technician,married,secondary,no,yes,no,cellular,20,apr,1112,3,-1,0,unknown,1,positive,,
28,management,single,secondary,no,no,no,cellular,20,apr,227,5,-1,0,unknown,1,positive,,
35,management,married,tertiary,no,yes,no,cellular,20,apr,860,1,-1,0,unknown,1,positive,,
46,management,married,primary,no,yes,no,cellular,20,apr,1550,1,-1,0,unknown,1,positive,,
50,unknown,married,primary,no,yes,yes,cellular,20,apr,670,4,340,2,success,1,positive,,
44,blue-collar,single,secondary,no,no,no,cellular,20,apr,133,1,-1,0,unknown,1,negative,,
61,management,married,tertiary,no,no,no,cellular,20,apr,190,1,-1,0,unknown,1,positive,,
29,blue-collar,divorced,secondary,no,yes,no,cellular,20,apr,712,4,-1,0,unknown,1,negative,,
61,retired,married,secondary,no,no,no,cellular,20,apr,194,1,-1,0,unknown,1,positive,,
70,retired,married,secondary,no,no,no,telephone,20,apr,216,2,-1,0,unknown,1,positive,,
46,blue-collar,married,secondary,no,yes,no,cellular,20,apr,720,1,-1,0,unknown,1,positive,,
35,management,single,tertiary,no,yes,no,cellular,20,apr,213,3,-1,0,unknown,1,positive,,
44,blue-collar,married,secondary,yes,yes,no,cellular,20,apr,586,1,-1,0,unknown,1,positive,,
59,management,married,tertiary,no,yes,yes,cellular,20,apr,392,1,-1,0,unknown,1,negative,,
45,blue-collar,married,primary,yes,yes,yes,cellular,20,apr,691,1,-1,0,unknown,1,negative,,
39,technician,married,tertiary,no,no,no,cellular,20,apr,567,1,-1,0,unknown,1,positive,,
36,blue-collar,married,primary,no,yes,no,cellular,20,apr,904,2,-1,0,unknown,1,positive,,
78,retired,married,primary,no,no,no,cellular,20,apr,325,1,-1,0,unknown,1,positive,,
28,technician,single,tertiary,no,yes,no,cellular,20,apr,205,1,82,1,failure,1,positive,,
50,self-employed,divorced,tertiary,no,yes,no,cellular,20,apr,76,1,-1,0,unknown,1,positive,,
73,retired,divorced,tertiary,no,no,no,cellular,20,apr,148,1,-1,0,unknown,1,positive,,
34,management,married,tertiary,no,no,no,cellular,20,apr,97,1,-1,0,unknown,1,positive,,
28,student,single,secondary,no,no,no,cellular,20,apr,185,1,-1,0,unknown,1,negative,,
42,admin.,divorced,secondary,no,no,yes,cellular,20,apr,112,1,-1,0,unknown,1,positive,,
54,unemployed,divorced,secondary,no,no,no,cellular,20,apr,241,1,-1,0,unknown,1,positive,,
27,blue-collar,married,secondary,no,no,no,cellular,20,apr,163,1,-1,0,unknown,1,positive,,
73,retired,married,primary,no,no,no,cellular,20,apr,345,1,-1,0,unknown,1,positive,,
33,management,single,tertiary,no,no,no,cellular,20,apr,163,1,-1,0,unknown,1,positive,,
64,retired,married,secondary,no,yes,no,cellular,20,apr,1422,2,-1,0,unknown,1,positive,,
51,entrepreneur,married,tertiary,no,no,no,cellular,20,apr,267,2,-1,0,unknown,1,positive,,
49,technician,married,tertiary,no,no,no,cellular,20,apr,194,2,-1,0,unknown,1,positive,,
32,management,single,tertiary,no,yes,no,cellular,20,apr,114,2,-1,0,unknown,1,positive,,
33,technician,married,secondary,no,yes,no,cellular,20,apr,1817,3,-1,0,unknown,1,positive,,
26,services,single,secondary,no,no,no,cellular,20,apr,120,1,-1,0,unknown,1,positive,,
33,blue-collar,married,secondary,no,yes,no,cellular,20,apr,1030,3,-1,0,unknown,1,negative,,
32,technician,single,secondary,no,yes,no,cellular,20,apr,121,1,-1,0,unknown,1,positive,,
37,management,single,tertiary,no,yes,yes,cellular,20,apr,885,5,150,7,failure,1,positive,,
29,management,single,tertiary,no,no,no,cellular,20,apr,453,1,-1,0,unknown,1,positive,,
41,blue-collar,divorced,primary,no,yes,no,cellular,20,apr,1272,2,-1,0,unknown,1,positive,,
39,blue-collar,married,unknown,no,yes,no,cellular,20,apr,1333,5,-1,0,unknown,1,positive,,
24,student,single,secondary,no,yes,no,cellular,20,apr,943,3,-1,0,unknown,1,positive,,
37,blue-collar,divorced,secondary,no,yes,no,cellular,21,apr,146,4,-1,0,unknown,1,negative,,
35,management,single,tertiary,no,yes,no,cellular,21,apr,333,3,-1,0,unknown,1,positive,,
26,student,single,tertiary,no,no,no,cellular,21,apr,110,2,-1,0,unknown,1,positive,,
29,technician,single,secondary,no,no,no,cellular,21,apr,274,1,-1,0,unknown,1,positive,,
63,retired,married,unknown,no,no,no,telephone,21,apr,1348,4,-1,0,unknown,1,positive,,
95,retired,divorced,primary,no,no,no,telephone,21,apr,207,17,-1,0,unknown,1,positive,,
65,retired,married,tertiary,no,no,no,telephone,21,apr,396,3,-1,0,unknown,1,positive,,
59,technician,married,secondary,no,no,no,cellular,21,apr,100,1,-1,0,unknown,1,positive,,
35,management,single,tertiary,no,no,no,cellular,21,apr,164,1,-1,0,unknown,1,positive,,
74,retired,married,secondary,no,no,no,cellular,21,apr,211,1,-1,0,unknown,1,positive,,
56,unemployed,married,primary,no,no,no,cellular,21,apr,243,1,-1,0,unknown,1,positive,,
26,student,single,tertiary,no,no,no,cellular,21,apr,464,4,-1,0,unknown,1,positive,,
30,blue-collar,single,unknown,no,no,no,cellular,21,apr,149,2,-1,0,unknown,1,positive,,
29,self-employed,married,secondary,no,no,yes,cellular,21,apr,158,2,181,1,success,1,positive,,
67,retired,single,tertiary,no,no,no,telephone,21,apr,847,2,-1,0,unknown,1,positive,,
31,management,single,tertiary,no,no,no,cellular,21,apr,242,2,-1,0,unknown,1,positive,,
78,retired,married,primary,no,no,no,telephone,21,apr,137,2,-1,0,unknown,1,positive,,
45,unknown,divorced,unknown,no,no,no,cellular,21,apr,278,3,-1,0,unknown,1,negative,,
29,blue-collar,single,secondary,no,yes,yes,cellular,21,apr,379,5,-1,0,unknown,1,positive,,
39,admin.,married,tertiary,no,no,no,cellular,21,apr,204,1,-1,0,unknown,1,positive,,
45,management,married,tertiary,no,no,no,cellular,21,apr,65,2,-1,0,unknown,1,positive,,
45,technician,married,tertiary,no,no,no,cellular,22,apr,341,2,-1,0,unknown,1,positive,,
32,management,single,tertiary,no,no,no,cellular,22,apr,400,1,-1,0,unknown,1,positive,,
36,student,single,secondary,no,no,no,cellular,22,apr,621,1,-1,0,unknown,1,positive,,
41,unknown,single,unknown,no,no,no,cellular,22,apr,219,1,-1,0,unknown,1,positive,,
38,technician,married,secondary,no,yes,no,cellular,22,apr,315,1,-1,0,unknown,1,negative,,
41,management,divorced,tertiary,no,no,no,cellular,22,apr,314,1,239,13,failure,1,positive,,
32,technician,single,tertiary,no,no,no,cellular,22,apr,319,1,182,1,success,1,positive,,
33,admin.,married,tertiary,no,no,no,cellular,22,apr,104,1,183,4,failure,1,positive,,
30,services,married,tertiary,no,no,no,cellular,22,apr,145,1,-1,0,unknown,1,positive,,
65,retired,married,primary,no,no,no,cellular,22,apr,229,1,-1,0,unknown,1,positive,,
45,admin.,divorced,primary,no,yes,no,cellular,22,apr,147,1,181,1,success,1,positive,,
75,retired,married,tertiary,no,no,no,cellular,22,apr,240,1,-1,0,unknown,1,positive,,
65,management,divorced,tertiary,no,yes,no,cellular,22,apr,416,1,-1,0,unknown,1,positive,,
53,management,married,tertiary,no,no,no,cellular,22,apr,307,1,278,2,failure,1,positive,,
40,management,married,primary,no,yes,no,cellular,22,apr,232,4,-1,0,unknown,1,positive,,
69,retired,divorced,tertiary,no,no,no,cellular,22,apr,138,2,-1,0,unknown,1,positive,,
27,blue-collar,single,secondary,no,no,no,cellular,22,apr,279,2,-1,0,unknown,1,positive,,
31,admin.,single,tertiary,no,yes,no,cellular,22,apr,124,2,343,2,other,1,positive,,
25,student,single,secondary,no,no,no,cellular,22,apr,107,2,-1,0,unknown,1,positive,,
37,technician,married,secondary,no,yes,no,cellular,22,apr,1288,3,-1,0,unknown,1,negative,,
32,management,single,tertiary,no,no,no,cellular,22,apr,545,1,-1,0,unknown,1,positive,,
53,retired,married,secondary,no,yes,no,cellular,22,apr,371,2,-1,0,unknown,1,positive,,
45,management,married,tertiary,no,no,no,cellular,23,apr,229,2,-1,0,unknown,1,positive,,
35,management,married,tertiary,no,no,no,cellular,23,apr,93,3,-1,0,unknown,1,positive,,
74,retired,married,primary,no,no,no,cellular,23,apr,266,5,-1,0,unknown,1,positive,,
37,management,married,tertiary,no,yes,no,cellular,23,apr,242,5,153,7,failure,1,negative,,
59,blue-collar,married,primary,no,no,no,cellular,23,apr,172,1,-1,0,unknown,1,positive,,
76,management,married,unknown,no,yes,no,telephone,23,apr,413,3,-1,0,unknown,1,positive,,
25,blue-collar,single,secondary,no,no,no,cellular,23,apr,163,1,-1,0,unknown,1,negative,,
27,services,single,secondary,no,no,no,cellular,23,apr,206,1,-1,0,unknown,1,positive,,
39,admin.,married,secondary,no,no,no,cellular,23,apr,522,4,-1,0,unknown,1,positive,,
24,services,single,unknown,no,no,no,cellular,23,apr,159,4,-1,0,unknown,1,positive,,
28,blue-collar,single,tertiary,no,no,no,cellular,23,apr,116,4,-1,0,unknown,1,positive,,
51,management,married,tertiary,no,no,no,cellular,23,apr,113,1,-1,0,unknown,1,positive,,
66,retired,married,primary,no,no,no,cellular,23,apr,158,1,-1,0,unknown,1,positive,,
28,unemployed,single,primary,no,no,no,cellular,23,apr,203,4,-1,0,unknown,1,positive,,
29,management,single,tertiary,no,yes,no,cellular,24,apr,65,2,81,3,failure,1,positive,,
30,management,single,tertiary,no,no,no,cellular,24,apr,235,2,-1,0,unknown,1,positive,,
72,retired,married,primary,no,no,no,cellular,24,apr,384,2,-1,0,unknown,1,positive,,
58,blue-collar,married,secondary,no,yes,no,cellular,24,apr,160,1,-1,0,unknown,1,positive,,
32,management,single,tertiary,no,yes,no,cellular,24,apr,227,1,4,1,failure,1,positive,,
31,technician,single,tertiary,no,no,no,cellular,24,apr,202,5,261,2,failure,1,positive,,
71,technician,married,tertiary,no,no,no,cellular,27,apr,388,3,-1,0,unknown,1,positive,,
37,admin.,married,tertiary,no,yes,no,cellular,27,apr,124,1,-1,0,unknown,1,positive,,
24,student,single,tertiary,no,no,no,cellular,27,apr,97,1,-1,0,unknown,1,positive,,
56,management,divorced,tertiary,no,no,no,cellular,27,apr,497,1,-1,0,unknown,1,positive,,
65,retired,married,primary,no,no,no,cellular,27,apr,148,1,-1,0,unknown,1,positive,,
72,self-employed,married,tertiary,no,no,no,cellular,27,apr,444,1,-1,0,unknown,1,positive,,
51,admin.,single,secondary,no,yes,no,cellular,27,apr,89,8,-1,0,unknown,1,positive,,
24,self-employed,single,tertiary,no,no,no,cellular,27,apr,122,1,-1,0,unknown,1,positive,,
35,blue-collar,married,secondary,no,yes,no,cellular,29,apr,507,3,349,1,other,1,positive,,
34,blue-collar,married,secondary,no,yes,no,cellular,29,apr,636,2,-1,0,unknown,1,positive,,
29,admin.,married,secondary,no,yes,no,cellular,29,apr,961,2,334,2,failure,1,positive,,
30,technician,single,tertiary,no,no,no,cellular,29,apr,375,1,-1,0,unknown,1,positive,,
46,self-employed,single,secondary,no,no,no,cellular,30,apr,523,1,87,2,other,1,positive,,
39,technician,single,secondary,no,yes,no,cellular,30,apr,510,1,-1,0,unknown,1,positive,,
45,management,married,tertiary,no,no,no,cellular,30,apr,587,1,-1,0,unknown,1,positive,,
28,admin.,single,secondary,no,no,no,cellular,30,apr,571,1,-1,0,unknown,1,positive,,
52,unemployed,married,secondary,no,no,no,cellular,30,apr,244,1,-1,0,unknown,1,positive,,
59,retired,married,primary,no,no,no,cellular,30,apr,400,1,-1,0,unknown,1,positive,,
38,services,married,secondary,no,yes,no,cellular,30,apr,701,1,176,1,success,1,positive,,
47,technician,married,secondary,no,yes,no,cellular,30,apr,968,1,87,5,failure,1,positive,,
52,management,married,tertiary,no,no,no,cellular,30,apr,381,1,269,1,failure,1,positive,,
38,management,married,tertiary,no,yes,no,cellular,30,apr,571,1,-1,0,unknown,1,negative,,
29,student,single,secondary,no,no,no,cellular,30,apr,239,1,-1,0,unknown,1,positive,,
36,unemployed,single,tertiary,no,no,no,cellular,30,apr,195,1,86,1,success,1,positive,,
58,retired,married,tertiary,no,no,no,cellular,30,apr,224,1,-1,0,unknown,1,positive,,
31,technician,married,tertiary,no,no,no,cellular,30,apr,739,1,-1,0,unknown,1,positive,,
59,retired,divorced,secondary,no,yes,no,cellular,30,apr,720,1,-1,0,unknown,1,positive,,
47,blue-collar,married,secondary,no,yes,no,cellular,30,apr,412,1,169,1,success,1,positive,,
36,admin.,married,secondary,no,no,no,cellular,30,apr,208,1,87,1,success,1,positive,,
45,management,married,tertiary,no,no,no,cellular,30,apr,619,1,-1,0,unknown,1,positive,,
21,student,single,secondary,no,no,no,cellular,30,apr,871,1,-1,0,unknown,1,positive,,
23,student,single,secondary,no,no,no,cellular,30,apr,297,1,83,6,success,1,negative,,
47,blue-collar,married,secondary,no,yes,no,cellular,30,apr,231,1,-1,0,unknown,1,positive,,
29,management,single,tertiary,no,no,no,cellular,30,apr,365,1,85,1,success,1,positive,,
25,management,single,tertiary,no,no,no,cellular,30,apr,512,1,-1,0,unknown,1,positive,,
60,housemaid,married,primary,no,no,no,cellular,30,apr,470,8,-1,0,unknown,1,positive,,
37,technician,married,secondary,no,no,no,cellular,30,apr,281,1,-1,0,unknown,1,positive,,
42,technician,single,unknown,no,no,no,cellular,30,apr,328,1,-1,0,unknown,1,positive,,
49,admin.,married,secondary,no,yes,no,cellular,30,apr,252,1,168,1,success,1,positive,,
33,admin.,married,secondary,no,yes,no,cellular,30,apr,335,1,-1,0,unknown,1,positive,,
59,technician,married,secondary,no,no,no,cellular,30,apr,815,1,87,1,other,1,positive,,
58,management,divorced,tertiary,no,no,no,cellular,30,apr,354,1,87,1,success,1,positive,,
44,blue-collar,married,unknown,no,yes,no,cellular,30,apr,347,1,-1,0,unknown,1,positive,,
48,blue-collar,married,secondary,no,no,no,cellular,30,apr,271,1,79,1,success,1,positive,,
34,self-employed,married,primary,no,yes,yes,cellular,30,apr,383,1,-1,0,unknown,1,positive,,
32,admin.,married,secondary,no,yes,no,cellular,30,apr,177,2,-1,0,unknown,1,negative,,
42,technician,married,unknown,no,no,no,cellular,30,apr,368,1,-1,0,unknown,1,positive,,
54,admin.,divorced,secondary,no,no,no,cellular,30,apr,1277,1,87,2,other,1,positive,,
42,technician,married,tertiary,no,no,no,cellular,30,apr,354,1,79,1,success,1,positive,,
42,blue-collar,married,primary,no,yes,no,cellular,30,apr,841,1,85,2,failure,1,positive,,
44,self-employed,divorced,tertiary,no,yes,no,cellular,30,apr,381,1,160,2,other,1,positive,,
37,blue-collar,married,secondary,no,no,no,cellular,30,apr,390,1,-1,0,unknown,1,positive,,
29,student,single,secondary,no,no,no,cellular,30,apr,465,1,-1,0,unknown,1,positive,,
47,unknown,married,unknown,no,no,no,cellular,30,apr,900,2,86,2,failure,1,positive,,
26,self-employed,single,tertiary,no,no,no,cellular,30,apr,394,1,-1,0,unknown,1,positive,,
24,management,single,tertiary,no,no,no,cellular,30,apr,779,2,-1,0,unknown,1,positive,,
34,admin.,single,secondary,no,no,yes,cellular,30,apr,246,2,-1,0,unknown,1,negative,,
30,management,single,tertiary,no,no,no,cellular,30,apr,554,1,6,2,success,1,positive,,
46,technician,married,secondary,no,no,no,cellular,30,apr,200,1,259,2,other,1,negative,,
34,services,married,secondary,no,no,no,cellular,30,apr,442,1,-1,0,unknown,1,positive,,
31,management,married,tertiary,no,no,no,cellular,30,apr,297,1,86,3,success,1,positive,,
38,unemployed,married,tertiary,no,yes,no,cellular,30,apr,830,1,-1,0,unknown,1,positive,,
59,retired,married,secondary,no,no,no,cellular,30,apr,237,1,-1,0,unknown,1,positive,,
35,management,single,tertiary,no,yes,no,cellular,30,apr,687,1,9,3,success,1,positive,,
33,technician,married,tertiary,no,no,no,cellular,30,apr,439,1,-1,0,unknown,1,positive,,
35,management,married,tertiary,no,yes,no,cellular,30,apr,565,1,13,1,failure,1,positive,,
56,management,married,tertiary,no,no,no,cellular,30,apr,225,1,83,1,success,1,positive,,
37,management,married,tertiary,no,no,no,cellular,30,apr,244,1,-1,0,unknown,1,positive,,
33,admin.,married,secondary,no,no,no,cellular,30,apr,344,1,-1,0,unknown,1,positive,,
43,unemployed,divorced,secondary,no,no,no,cellular,30,apr,323,1,-1,0,unknown,1,positive,,
35,admin.,single,tertiary,no,no,no,cellular,30,apr,400,1,87,2,failure,1,positive,,
31,admin.,single,secondary,no,no,no,cellular,30,apr,514,1,-1,0,unknown,1,positive,,
38,technician,single,tertiary,no,no,no,cellular,30,apr,800,1,-1,0,unknown,1,positive,,
33,blue-collar,single,unknown,no,yes,yes,cellular,30,apr,482,1,161,1,failure,1,positive,,
46,services,married,secondary,no,no,no,cellular,30,apr,268,1,261,5,other,1,positive,,
42,management,married,tertiary,no,yes,no,cellular,30,apr,316,1,350,2,failure,1,positive,,
31,management,married,tertiary,no,no,no,cellular,30,apr,461,1,-1,0,unknown,1,positive,,
33,management,married,tertiary,no,no,no,cellular,30,apr,526,2,87,3,failure,1,positive,,
37,management,married,tertiary,no,no,no,cellular,30,apr,315,1,87,1,success,1,positive,,
53,management,married,tertiary,no,no,no,cellular,30,apr,284,3,84,3,success,1,positive,,
53,services,married,secondary,no,no,no,cellular,30,apr,423,2,-1,0,unknown,1,positive,,
31,management,single,tertiary,no,no,no,cellular,30,apr,209,1,-1,0,unknown,1,positive,,
26,admin.,single,secondary,no,no,no,cellular,30,apr,457,1,80,1,success,1,positive,,
30,technician,single,secondary,no,yes,no,cellular,30,apr,268,3,-1,0,unknown,1,positive,,
24,admin.,single,secondary,no,no,no,cellular,30,apr,354,1,-1,0,unknown,1,positive,,
28,management,single,tertiary,no,no,no,cellular,30,apr,309,1,-1,0,unknown,1,positive,,
20,student,single,secondary,no,no,no,cellular,30,apr,261,1,-1,0,unknown,1,positive,,
26,unemployed,single,tertiary,no,no,no,cellular,30,apr,439,2,-1,0,unknown,1,positive,,
35,technician,married,secondary,no,yes,no,cellular,30,apr,616,1,-1,0,unknown,1,positive,,
28,technician,single,secondary,no,no,no,cellular,30,apr,278,1,-1,0,unknown,1,positive,,
30,admin.,single,secondary,no,no,no,cellular,30,apr,437,1,80,1,success,1,positive,,
32,management,married,tertiary,no,no,no,cellular,30,apr,532,1,-1,0,unknown,1,positive,,
33,management,married,tertiary,no,no,no,cellular,30,apr,1373,2,-1,0,unknown,1,positive,,
38,housemaid,married,primary,no,no,no,cellular,30,apr,574,1,-1,0,unknown,1,positive,,
52,self-employed,married,tertiary,no,no,no,telephone,30,apr,917,1,-1,0,unknown,1,positive,,
38,management,married,tertiary,no,no,no,cellular,30,apr,242,1,86,1,success,1,positive,,
34,self-employed,single,tertiary,no,no,no,cellular,30,apr,430,1,-1,0,unknown,1,positive,,
29,technician,single,secondary,no,no,no,cellular,30,apr,483,1,13,5,success,1,positive,,
30,management,single,tertiary,no,no,no,cellular,30,apr,306,2,-1,0,unknown,1,positive,,
40,admin.,divorced,secondary,no,no,no,cellular,30,apr,452,1,-1,0,unknown,1,positive,,
31,services,single,secondary,no,no,no,cellular,30,apr,325,1,-1,0,unknown,1,positive,,
24,student,single,primary,no,no,no,cellular,30,apr,551,1,-1,0,unknown,1,positive,,
25,management,single,tertiary,no,no,no,cellular,30,apr,458,1,-1,0,unknown,1,positive,,
47,management,single,tertiary,no,no,no,cellular,30,apr,387,3,87,1,success,1,positive,,
33,student,single,unknown,no,no,no,cellular,30,apr,352,1,-1,0,unknown,1,positive,,
34,admin.,single,tertiary,no,yes,yes,cellular,30,apr,359,1,-1,0,unknown,1,positive,,
36,technician,single,tertiary,no,no,no,cellular,30,apr,260,1,-1,0,unknown,1,positive,,
50,management,married,tertiary,no,no,no,cellular,30,apr,780,1,-1,0,unknown,1,positive,,
34,management,single,tertiary,no,no,no,cellular,30,apr,580,2,84,8,success,1,positive,,
54,technician,divorced,secondary,no,yes,no,cellular,30,apr,258,1,86,5,success,1,positive,,
38,management,divorced,secondary,no,yes,no,cellular,30,apr,435,1,-1,0,unknown,1,positive,,
47,technician,married,tertiary,no,no,no,cellular,30,apr,376,1,-1,0,unknown,1,positive,,
31,admin.,married,secondary,no,no,no,cellular,30,apr,615,1,-1,0,unknown,1,positive,,
36,management,married,tertiary,no,yes,no,cellular,30,apr,555,2,-1,0,unknown,1,positive,,
58,unemployed,married,secondary,no,yes,no,cellular,30,apr,341,2,-1,0,unknown,1,positive,,
35,services,married,unknown,no,no,no,cellular,30,apr,951,1,-1,0,unknown,1,positive,,
28,student,single,tertiary,no,no,no,cellular,30,apr,384,1,80,6,other,1,positive,,
25,student,single,secondary,no,no,no,cellular,30,apr,664,2,-1,0,unknown,1,positive,,
41,entrepreneur,married,secondary,no,no,no,cellular,30,apr,460,1,-1,0,unknown,1,positive,,
46,management,married,tertiary,no,no,no,cellular,30,apr,970,1,87,1,failure,1,positive,,
35,management,married,tertiary,no,no,no,cellular,30,apr,266,1,87,1,failure,1,positive,,
49,entrepreneur,single,secondary,no,no,no,cellular,30,apr,618,2,-1,0,unknown,1,positive,,
47,blue-collar,married,primary,no,yes,no,cellular,30,apr,774,2,164,1,failure,1,positive,,
35,management,single,tertiary,no,no,no,cellular,30,apr,175,1,-1,0,unknown,1,positive,,
34,management,married,tertiary,no,yes,no,cellular,30,apr,300,1,86,1,success,1,negative,,
30,technician,married,secondary,no,no,no,cellular,30,apr,861,2,-1,0,unknown,1,positive,,
54,management,married,tertiary,no,no,yes,cellular,30,apr,240,1,162,2,failure,1,positive,,
31,management,single,tertiary,no,no,no,cellular,30,apr,327,2,-1,0,unknown,1,positive,,
55,admin.,married,secondary,no,no,no,cellular,30,apr,241,1,-1,0,unknown,1,positive,,
25,admin.,single,secondary,no,no,no,cellular,30,apr,327,1,-1,0,unknown,1,positive,,
26,technician,single,secondary,no,no,no,cellular,30,apr,380,1,-1,0,unknown,1,positive,,
85,retired,married,primary,no,no,no,cellular,30,apr,416,1,-1,0,unknown,1,positive,,
33,services,married,secondary,no,no,no,cellular,30,apr,475,2,-1,0,unknown,1,positive,,
29,management,single,tertiary,no,no,no,cellular,30,apr,645,1,-1,0,unknown,1,positive,,
39,management,married,tertiary,no,no,no,cellular,30,apr,342,3,22,3,other,1,negative,,
33,blue-collar,single,secondary,no,no,no,cellular,30,apr,301,1,-1,0,unknown,1,positive,,
38,technician,single,secondary,no,yes,no,cellular,30,apr,1143,1,-1,0,unknown,1,positive,,
33,blue-collar,single,tertiary,no,no,no,cellular,30,apr,169,1,80,2,success,1,positive,,
58,management,married,tertiary,no,yes,no,cellular,30,apr,750,2,164,4,other,1,positive,,
61,retired,divorced,secondary,no,no,no,cellular,30,apr,427,3,-1,0,unknown,1,positive,,
32,management,single,tertiary,no,yes,no,cellular,30,apr,370,3,-1,0,unknown,1,negative,,
35,admin.,married,tertiary,no,no,no,cellular,30,apr,949,2,-1,0,unknown,1,positive,,
32,management,married,tertiary,no,yes,no,cellular,30,apr,753,1,-1,0,unknown,1,positive,,
50,admin.,single,secondary,no,no,no,cellular,30,apr,652,2,-1,0,unknown,1,positive,,
31,technician,single,tertiary,no,no,no,cellular,30,apr,266,1,-1,0,unknown,1,positive,,
31,admin.,single,tertiary,no,no,no,cellular,30,apr,1034,2,-1,0,unknown,1,positive,,
54,technician,married,secondary,no,no,no,telephone,30,apr,766,3,84,3,success,1,negative,,
33,technician,married,tertiary,no,no,no,cellular,30,apr,227,2,-1,0,unknown,1,negative,,
36,admin.,single,secondary,no,no,no,cellular,30,apr,230,1,-1,0,unknown,1,positive,,
31,management,single,tertiary,no,no,no,cellular,30,apr,502,1,9,2,success,1,positive,,
32,technician,single,tertiary,no,yes,no,cellular,30,apr,509,1,85,2,success,1,positive,,
34,management,married,tertiary,no,no,no,cellular,30,apr,317,1,160,5,other,1,positive,,
24,student,single,secondary,no,no,no,cellular,30,apr,567,2,-1,0,unknown,1,positive,,
29,management,single,tertiary,no,yes,no,cellular,30,apr,501,1,-1,0,unknown,1,positive,,
40,management,married,tertiary,no,no,no,telephone,30,apr,712,2,-1,0,unknown,1,positive,,
29,blue-collar,single,secondary,no,yes,yes,cellular,30,apr,259,1,296,1,other,1,positive,,
30,admin.,single,tertiary,no,no,no,cellular,30,apr,633,1,85,2,success,1,positive,,
45,blue-collar,married,secondary,no,no,no,cellular,4,may,675,2,-1,0,unknown,1,positive,,
37,management,single,tertiary,no,no,no,cellular,4,may,384,2,-1,0,unknown,1,positive,,
36,technician,single,secondary,no,yes,no,cellular,4,may,303,3,-1,0,unknown,1,positive,,
40,technician,single,tertiary,no,yes,no,cellular,4,may,392,2,91,3,success,1,positive,,
28,unemployed,single,primary,no,no,no,cellular,4,may,193,1,87,3,failure,1,positive,,
33,management,single,tertiary,no,no,no,cellular,4,may,267,1,91,1,failure,1,positive,,
33,technician,married,secondary,no,no,no,cellular,4,may,218,1,-1,0,unknown,1,positive,,
56,management,married,tertiary,no,no,no,cellular,4,may,244,1,-1,0,unknown,1,positive,,
45,blue-collar,married,secondary,no,yes,no,cellular,4,may,447,1,-1,0,unknown,1,positive,,
25,student,single,tertiary,no,no,no,cellular,4,may,597,1,-1,0,unknown,1,positive,,
41,blue-collar,married,secondary,no,no,no,cellular,4,may,963,1,83,3,success,1,positive,,
38,technician,divorced,secondary,no,yes,no,cellular,4,may,301,3,90,1,success,1,positive,,
47,technician,married,secondary,no,no,no,cellular,4,may,417,1,76,1,success,1,positive,,
49,management,married,tertiary,no,no,no,telephone,4,may,1076,3,175,1,success,1,positive,,
36,services,single,secondary,no,no,no,cellular,4,may,643,1,-1,0,unknown,1,positive,,
42,admin.,single,secondary,no,yes,no,cellular,4,may,251,4,-1,0,unknown,1,positive,,
33,technician,single,tertiary,no,yes,no,cellular,4,may,592,1,66,1,success,1,positive,,
36,admin.,married,tertiary,no,no,no,cellular,4,may,322,11,-1,0,unknown,1,positive,,
60,technician,married,secondary,no,no,no,cellular,4,may,545,2,263,4,failure,1,positive,,
33,technician,married,secondary,no,yes,no,cellular,4,may,532,3,-1,0,unknown,1,positive,,
33,technician,married,secondary,no,no,no,cellular,4,may,367,1,-1,0,unknown,1,positive,,
33,services,single,secondary,no,yes,no,cellular,4,may,297,4,334,1,other,1,positive,,
32,student,single,tertiary,no,no,no,cellular,4,may,214,3,83,3,success,1,positive,,
48,blue-collar,married,secondary,no,yes,no,telephone,4,may,412,5,350,2,success,1,positive,,
36,blue-collar,married,secondary,no,yes,no,cellular,4,may,619,6,-1,0,unknown,1,positive,,
36,self-employed,married,secondary,no,yes,yes,cellular,4,may,1046,3,333,2,success,1,positive,,
45,technician,married,secondary,no,no,no,cellular,4,may,237,5,-1,0,unknown,1,positive,,
35,management,married,tertiary,no,yes,no,cellular,4,may,458,3,17,5,failure,1,positive,,
38,management,divorced,tertiary,no,yes,no,cellular,4,may,922,4,-1,0,unknown,1,positive,,
52,technician,married,tertiary,no,no,no,cellular,4,may,601,3,-1,0,unknown,1,positive,,
30,self-employed,married,tertiary,no,no,no,cellular,4,may,781,3,89,1,success,1,positive,,
31,technician,married,secondary,no,yes,no,cellular,4,may,347,2,-1,0,unknown,1,positive,,
32,self-employed,divorced,tertiary,no,no,no,cellular,4,may,949,3,-1,0,unknown,1,positive,,
44,self-employed,married,unknown,no,yes,no,cellular,4,may,364,3,-1,0,unknown,1,positive,,
39,management,single,tertiary,no,yes,no,cellular,4,may,815,6,167,6,failure,1,positive,,
45,blue-collar,married,primary,no,yes,no,cellular,4,may,742,4,-1,0,unknown,1,positive,,
31,technician,married,tertiary,no,yes,no,cellular,4,may,352,4,-1,0,unknown,1,positive,,
32,blue-collar,single,secondary,no,no,no,cellular,4,may,268,3,-1,0,unknown,1,positive,,
39,management,single,tertiary,no,yes,no,cellular,4,may,716,3,263,2,failure,1,positive,,
30,management,single,tertiary,no,no,no,cellular,4,may,365,4,-1,0,unknown,1,positive,,
63,management,married,unknown,no,no,no,telephone,4,may,475,7,-1,0,unknown,1,positive,,
56,retired,married,primary,no,no,no,cellular,4,may,617,2,-1,0,unknown,1,positive,,
30,management,married,tertiary,no,no,no,cellular,4,may,333,2,-1,0,unknown,1,positive,,
38,admin.,married,secondary,no,yes,no,cellular,4,may,288,5,-1,0,unknown,1,positive,,
31,management,single,tertiary,no,yes,no,telephone,4,may,483,4,87,2,success,1,positive,,
26,technician,single,secondary,no,yes,no,cellular,4,may,1091,3,-1,0,unknown,1,positive,,
37,student,single,unknown,no,no,no,cellular,4,may,1063,5,-1,0,unknown,1,positive,,
29,management,single,tertiary,no,no,no,cellular,4,may,267,6,-1,0,unknown,1,positive,,
24,student,single,secondary,no,no,no,telephone,4,may,340,8,-1,0,unknown,1,positive,,
35,entrepreneur,married,secondary,no,no,no,cellular,4,may,429,4,164,2,failure,1,positive,,
43,technician,married,tertiary,no,no,no,telephone,4,may,331,5,-1,0,unknown,1,positive,,
36,services,single,secondary,no,yes,yes,cellular,4,may,775,5,341,3,failure,1,positive,,
39,blue-collar,married,secondary,no,no,no,cellular,4,may,841,4,-1,0,unknown,1,positive,,
29,management,single,secondary,no,no,yes,telephone,4,may,640,7,-1,0,unknown,1,positive,,
59,retired,divorced,secondary,no,no,no,cellular,4,may,673,6,90,1,success,1,positive,,
28,blue-collar,married,secondary,no,yes,no,cellular,4,may,226,2,319,1,success,1,positive,,
50,blue-collar,married,primary,no,yes,no,cellular,5,may,762,3,-1,0,unknown,1,positive,,
46,admin.,single,tertiary,no,yes,no,cellular,5,may,494,1,-1,0,unknown,1,positive,,
36,blue-collar,married,primary,no,yes,no,cellular,5,may,1240,1,-1,0,unknown,1,positive,,
44,services,divorced,secondary,no,yes,no,cellular,5,may,895,1,-1,0,unknown,1,negative,,
35,student,single,secondary,no,yes,no,cellular,5,may,863,1,78,8,success,1,positive,,
30,blue-collar,married,secondary,no,yes,no,cellular,5,may,525,1,-1,0,unknown,1,positive,,
58,admin.,married,secondary,no,yes,yes,cellular,5,may,1090,1,-1,0,unknown,1,positive,,
41,unemployed,married,secondary,no,yes,yes,cellular,5,may,400,1,-1,0,unknown,1,negative,,
37,management,married,tertiary,no,yes,no,cellular,5,may,838,1,-1,0,unknown,1,positive,,
39,management,married,tertiary,no,yes,no,cellular,5,may,811,2,-1,0,unknown,1,negative,,
31,blue-collar,single,secondary,no,yes,no,cellular,5,may,568,1,341,7,failure,1,positive,,
30,blue-collar,single,primary,no,yes,no,cellular,5,may,259,1,-1,0,unknown,1,positive,,
33,self-employed,single,tertiary,no,yes,no,cellular,5,may,955,2,-1,0,unknown,1,positive,,
41,management,married,tertiary,no,yes,no,cellular,5,may,788,1,-1,0,unknown,1,positive,,
44,services,married,secondary,no,yes,no,cellular,5,may,894,1,-1,0,unknown,1,negative,,
46,blue-collar,married,unknown,no,yes,no,cellular,5,may,725,3,-1,0,unknown,1,positive,,
30,technician,single,secondary,no,yes,yes,cellular,5,may,670,2,286,6,failure,1,negative,,
35,admin.,married,secondary,no,yes,no,cellular,5,may,862,3,337,1,other,1,positive,,
49,blue-collar,married,secondary,no,yes,no,cellular,6,may,451,1,169,2,failure,1,positive,,
27,admin.,married,secondary,no,yes,yes,cellular,6,may,653,1,334,2,success,1,positive,,
39,technician,divorced,tertiary,yes,no,no,cellular,6,may,488,1,-1,0,unknown,1,positive,,
32,self-employed,single,tertiary,no,yes,no,cellular,6,may,767,1,-1,0,unknown,1,negative,,
35,technician,divorced,secondary,no,yes,yes,cellular,6,may,954,1,-1,0,unknown,1,positive,,
37,technician,divorced,secondary,no,yes,no,cellular,6,may,848,1,364,3,failure,1,positive,,
31,technician,single,secondary,no,yes,yes,cellular,6,may,530,1,-1,0,unknown,1,positive,,
30,management,divorced,tertiary,no,yes,yes,cellular,6,may,984,1,343,4,failure,1,positive,,
34,entrepreneur,married,tertiary,no,yes,no,cellular,6,may,611,1,183,1,failure,1,negative,,
31,blue-collar,single,secondary,no,yes,yes,cellular,6,may,1205,1,-1,0,unknown,1,positive,,
27,admin.,married,secondary,no,yes,no,cellular,6,may,837,1,-1,0,unknown,1,negative,,
36,management,single,tertiary,no,yes,no,cellular,6,may,839,2,188,1,success,1,positive,,
37,management,single,tertiary,no,yes,no,cellular,6,may,445,1,258,2,failure,1,positive,,
27,technician,single,secondary,no,yes,yes,cellular,6,may,554,2,356,1,failure,1,positive,,
32,admin.,married,secondary,no,yes,no,cellular,6,may,519,2,166,5,failure,1,positive,,
49,management,married,secondary,no,yes,no,cellular,6,may,687,2,343,1,failure,1,positive,,
29,admin.,single,secondary,no,yes,no,cellular,6,may,540,1,-1,0,unknown,1,positive,,
26,blue-collar,single,secondary,no,yes,no,cellular,6,may,550,1,-1,0,unknown,1,positive,,
49,services,married,primary,no,yes,no,cellular,6,may,445,2,166,3,failure,1,negative,,
29,admin.,single,secondary,no,yes,no,cellular,6,may,754,1,-1,0,unknown,1,positive,,
28,blue-collar,single,secondary,no,yes,no,cellular,6,may,554,2,-1,0,unknown,1,positive,,
60,management,married,tertiary,no,yes,no,cellular,6,may,396,3,-1,0,unknown,1,positive,,
33,management,married,secondary,no,yes,no,cellular,6,may,765,1,342,2,failure,1,positive,,
35,management,married,tertiary,no,yes,no,cellular,6,may,1489,3,-1,0,unknown,1,positive,,
31,management,single,tertiary,no,yes,yes,cellular,6,may,1347,2,363,1,failure,1,positive,,
40,management,married,tertiary,no,yes,yes,cellular,6,may,1074,4,344,3,failure,1,positive,,
29,management,married,tertiary,no,yes,no,cellular,6,may,667,2,-1,0,unknown,1,negative,,
35,management,married,tertiary,no,yes,no,cellular,6,may,686,2,-1,0,unknown,1,positive,,
38,management,single,tertiary,no,yes,no,cellular,6,may,606,3,-1,0,unknown,1,positive,,
32,management,married,tertiary,no,yes,yes,cellular,7,may,923,1,-1,0,unknown,1,positive,,
33,admin.,married,secondary,no,yes,no,cellular,7,may,261,1,345,1,failure,1,negative,,
31,services,divorced,primary,no,yes,no,cellular,7,may,623,1,293,1,success,1,positive,,
26,management,single,tertiary,no,yes,no,cellular,7,may,457,1,-1,0,unknown,1,positive,,
42,blue-collar,married,primary,no,yes,no,cellular,7,may,757,2,170,3,failure,1,positive,,
33,admin.,single,tertiary,no,yes,no,cellular,7,may,1046,1,-1,0,unknown,1,positive,,
42,management,married,tertiary,no,yes,no,cellular,7,may,1148,1,-1,0,unknown,1,positive,,
36,management,single,tertiary,no,yes,no,cellular,7,may,855,2,342,1,failure,1,positive,,
35,management,single,tertiary,no,yes,yes,cellular,7,may,542,1,-1,0,unknown,1,positive,,
30,services,single,secondary,no,yes,no,cellular,7,may,609,1,337,1,success,1,negative,,
59,admin.,single,secondary,no,yes,yes,cellular,7,may,574,1,-1,0,unknown,1,positive,,
44,blue-collar,married,primary,no,yes,no,cellular,7,may,983,4,-1,0,unknown,1,positive,,
25,admin.,single,secondary,no,yes,no,cellular,7,may,481,2,-1,0,unknown,1,positive,,
50,services,married,primary,no,yes,yes,cellular,7,may,661,1,267,11,other,1,positive,,
51,technician,married,secondary,no,yes,no,cellular,7,may,623,1,-1,0,unknown,1,negative,,
51,admin.,married,secondary,no,no,no,cellular,7,may,476,1,352,1,other,1,positive,,
60,blue-collar,married,unknown,no,yes,no,cellular,7,may,957,2,-1,0,unknown,1,positive,,
29,technician,single,tertiary,no,yes,no,cellular,7,may,347,2,337,6,failure,1,negative,,
43,management,married,tertiary,no,yes,no,cellular,7,may,1030,1,169,3,success,1,positive,,
31,admin.,single,secondary,no,yes,no,cellular,7,may,895,2,295,2,failure,1,negative,,
26,blue-collar,single,secondary,no,yes,no,cellular,7,may,798,2,-1,0,unknown,1,positive,,
34,admin.,married,secondary,no,yes,no,cellular,7,may,1806,2,287,3,other,1,positive,,
23,housemaid,married,tertiary,no,yes,no,cellular,7,may,1391,2,-1,0,unknown,1,positive,,
49,blue-collar,single,primary,no,yes,no,cellular,7,may,1516,2,353,2,other,1,positive,,
42,unemployed,married,secondary,no,yes,no,cellular,7,may,787,3,356,2,failure,1,positive,,
39,blue-collar,married,secondary,no,yes,no,cellular,7,may,877,3,-1,0,unknown,1,positive,,
24,services,single,secondary,no,yes,yes,cellular,7,may,792,3,-1,0,unknown,1,positive,,
45,admin.,married,secondary,yes,yes,yes,cellular,7,may,553,3,288,1,other,1,negative,,
45,services,divorced,secondary,no,yes,yes,cellular,7,may,1135,3,323,30,failure,1,positive,,
39,technician,divorced,secondary,no,yes,no,cellular,7,may,882,2,-1,0,unknown,1,positive,,
45,blue-collar,divorced,secondary,no,yes,no,cellular,7,may,878,3,170,5,failure,1,negative,,
39,services,single,secondary,no,yes,no,cellular,7,may,1262,3,-1,0,unknown,1,positive,,
39,admin.,single,secondary,no,yes,no,cellular,8,may,491,2,344,2,failure,1,positive,,
41,blue-collar,married,secondary,no,yes,no,cellular,8,may,729,1,-1,0,unknown,1,positive,,
23,technician,single,secondary,no,yes,no,cellular,8,may,763,1,-1,0,unknown,1,positive,,
57,admin.,married,secondary,no,yes,no,cellular,8,may,704,1,323,6,failure,1,positive,,
46,blue-collar,married,unknown,no,yes,no,telephone,8,may,833,1,-1,0,unknown,1,positive,,
49,management,married,tertiary,no,yes,no,cellular,8,may,813,1,-1,0,unknown,1,positive,,
32,blue-collar,married,secondary,no,yes,no,cellular,8,may,501,2,-1,0,unknown,1,positive,,
29,management,single,tertiary,no,yes,no,cellular,8,may,606,3,-1,0,unknown,1,positive,,
42,management,married,tertiary,no,yes,no,cellular,8,may,579,2,295,1,success,1,positive,,
47,blue-collar,divorced,primary,no,yes,yes,cellular,8,may,1080,1,-1,0,unknown,1,positive,,
36,management,married,tertiary,no,yes,no,cellular,8,may,308,3,-1,0,unknown,1,negative,,
33,admin.,divorced,secondary,no,yes,no,cellular,8,may,763,1,-1,0,unknown,1,positive,,
57,management,married,tertiary,no,yes,yes,cellular,8,may,662,1,367,1,success,1,positive,,
36,technician,single,tertiary,no,yes,no,cellular,8,may,568,1,-1,0,unknown,1,positive,,
53,technician,single,tertiary,no,yes,no,cellular,8,may,1448,2,-1,0,unknown,1,positive,,
56,blue-collar,divorced,primary,no,yes,yes,cellular,8,may,728,1,-1,0,unknown,1,negative,,
33,admin.,divorced,tertiary,no,no,no,cellular,8,may,398,2,-1,0,unknown,1,positive,,
59,retired,married,tertiary,no,yes,yes,cellular,8,may,685,2,366,1,other,1,positive,,
47,retired,married,primary,no,no,yes,telephone,8,may,479,2,359,3,failure,1,positive,,
35,student,married,tertiary,no,yes,no,cellular,8,may,1024,3,347,3,failure,1,positive,,
42,management,married,tertiary,no,yes,yes,cellular,8,may,682,3,347,3,failure,1,negative,,
38,self-employed,single,tertiary,no,yes,no,cellular,8,may,423,1,-1,0,unknown,1,positive,,
40,self-employed,married,secondary,no,yes,no,cellular,11,may,657,1,-1,0,unknown,1,negative,,
41,admin.,single,secondary,no,yes,yes,cellular,11,may,1038,1,370,1,failure,1,negative,,
36,entrepreneur,single,secondary,no,yes,no,cellular,11,may,629,1,173,1,failure,1,positive,,
43,management,divorced,tertiary,no,yes,no,cellular,11,may,1514,1,284,2,failure,1,positive,,
24,services,married,secondary,no,yes,no,cellular,11,may,733,2,-1,0,unknown,1,positive,,
40,management,married,tertiary,no,yes,yes,cellular,11,may,474,1,256,1,success,1,negative,,
49,blue-collar,divorced,primary,no,yes,no,cellular,11,may,701,1,362,1,success,1,positive,,
40,services,married,secondary,no,yes,no,cellular,11,may,666,1,-1,0,unknown,1,negative,,
40,blue-collar,married,secondary,no,no,no,cellular,11,may,1017,1,-1,0,unknown,1,negative,,
34,services,single,secondary,no,yes,no,cellular,11,may,610,2,-1,0,unknown,1,negative,,
34,services,single,secondary,no,yes,no,cellular,11,may,672,1,-1,0,unknown,1,negative,,
52,services,divorced,secondary,no,yes,yes,cellular,11,may,930,1,-1,0,unknown,1,positive,,
36,management,single,tertiary,no,yes,no,cellular,11,may,608,3,-1,0,unknown,1,positive,,
38,services,married,secondary,no,yes,no,cellular,11,may,475,1,171,6,failure,1,positive,,
39,blue-collar,married,secondary,no,yes,no,cellular,11,may,1232,2,-1,0,unknown,1,positive,,
25,student,single,primary,no,yes,no,cellular,11,may,819,2,-1,0,unknown,1,positive,,
39,management,married,tertiary,no,yes,no,cellular,11,may,877,7,300,2,other,1,positive,,
37,blue-collar,single,secondary,no,yes,no,cellular,11,may,1388,2,-1,0,unknown,1,positive,,
41,blue-collar,married,secondary,no,yes,no,cellular,11,may,911,3,-1,0,unknown,1,positive,,
50,retired,married,secondary,no,no,no,cellular,12,may,731,3,176,1,failure,1,positive,,
36,admin.,divorced,secondary,no,yes,no,cellular,12,may,365,2,-1,0,unknown,1,negative,,
34,entrepreneur,married,primary,no,yes,no,cellular,12,may,882,1,-1,0,unknown,1,positive,,
34,admin.,divorced,secondary,no,yes,no,cellular,12,may,515,1,350,5,failure,1,positive,,
42,entrepreneur,divorced,secondary,no,yes,no,cellular,12,may,580,1,-1,0,unknown,1,positive,,
38,housemaid,single,primary,no,yes,no,cellular,12,may,1203,1,306,1,failure,1,positive,,
39,services,married,secondary,no,yes,yes,cellular,12,may,658,1,351,3,failure,1,positive,,
40,blue-collar,married,secondary,no,yes,no,cellular,12,may,560,1,-1,0,unknown,1,positive,,
39,blue-collar,married,secondary,no,yes,yes,cellular,12,may,612,1,-1,0,unknown,1,positive,,
31,admin.,married,secondary,no,yes,yes,cellular,12,may,703,4,-1,0,unknown,1,positive,,
37,blue-collar,married,primary,no,yes,yes,cellular,12,may,690,1,-1,0,unknown,1,negative,,
58,entrepreneur,married,secondary,no,yes,no,cellular,12,may,1272,1,-1,0,unknown,1,positive,,
48,services,divorced,secondary,no,yes,no,cellular,12,may,1062,3,349,3,other,1,negative,,
35,blue-collar,married,primary,no,yes,yes,cellular,12,may,826,1,-1,0,unknown,1,positive,,
58,blue-collar,single,secondary,no,yes,yes,cellular,12,may,985,1,-1,0,unknown,1,positive,,
30,services,single,secondary,no,yes,no,cellular,12,may,426,1,370,2,failure,1,negative,,
34,admin.,single,secondary,no,yes,no,cellular,12,may,590,1,370,1,other,1,positive,,
51,blue-collar,married,secondary,no,yes,no,cellular,12,may,918,1,-1,0,unknown,1,positive,,
39,management,single,tertiary,no,yes,no,cellular,12,may,1182,1,286,4,failure,1,positive,,
39,admin.,married,secondary,no,yes,no,cellular,12,may,454,2,364,3,failure,1,positive,,
36,blue-collar,divorced,primary,no,yes,no,cellular,12,may,725,1,-1,0,unknown,1,negative,,
47,services,married,secondary,no,yes,no,cellular,12,may,309,1,306,4,success,1,positive,,
35,blue-collar,single,secondary,no,yes,no,cellular,12,may,549,1,300,1,success,1,positive,,
33,blue-collar,married,secondary,no,yes,no,cellular,12,may,844,1,-1,0,unknown,1,positive,,
42,services,divorced,secondary,no,yes,no,cellular,12,may,955,2,-1,0,unknown,1,positive,,
57,admin.,single,secondary,no,yes,no,cellular,12,may,458,1,-1,0,unknown,1,positive,,
47,admin.,married,secondary,no,yes,yes,cellular,12,may,409,1,274,6,other,1,positive,,
38,services,single,secondary,no,yes,no,cellular,12,may,1531,1,-1,0,unknown,1,positive,,
46,blue-collar,married,primary,no,yes,no,cellular,12,may,1063,2,361,1,success,1,positive,,
42,blue-collar,married,primary,no,yes,yes,cellular,12,may,829,7,-1,0,unknown,1,negative,,
47,blue-collar,married,secondary,no,yes,yes,cellular,12,may,289,2,-1,0,unknown,1,positive,,
37,admin.,single,primary,no,yes,no,cellular,12,may,637,3,328,22,other,1,positive,,
31,admin.,single,tertiary,no,yes,no,cellular,12,may,609,1,-1,0,unknown,1,positive,,
38,management,single,tertiary,no,yes,no,cellular,12,may,1710,2,286,1,other,1,positive,,
46,technician,married,secondary,no,yes,yes,cellular,12,may,614,3,-1,0,unknown,1,positive,,
44,self-employed,single,tertiary,no,yes,no,cellular,12,may,897,4,-1,0,unknown,1,positive,,
36,services,single,secondary,no,yes,no,cellular,12,may,398,6,-1,0,unknown,1,negative,,
40,services,married,secondary,no,yes,no,cellular,12,may,750,2,-1,0,unknown,1,positive,,
39,management,married,tertiary,no,yes,no,cellular,12,may,775,3,-1,0,unknown,1,positive,,
45,self-employed,divorced,tertiary,no,yes,no,cellular,12,may,528,5,-1,0,unknown,1,positive,,
59,admin.,married,secondary,no,yes,no,telephone,12,may,556,2,287,13,success,1,positive,,
34,blue-collar,married,secondary,no,no,yes,cellular,12,may,737,3,-1,0,unknown,1,positive,,
35,technician,single,secondary,no,yes,no,cellular,13,may,496,2,345,3,failure,1,positive,,
40,blue-collar,married,unknown,no,yes,no,cellular,13,may,477,3,-1,0,unknown,1,positive,,
50,blue-collar,married,primary,no,yes,no,cellular,13,may,863,3,-1,0,unknown,1,negative,,
36,blue-collar,married,primary,no,yes,no,cellular,13,may,774,2,301,1,failure,1,positive,,
35,admin.,single,secondary,no,yes,no,cellular,13,may,1073,1,-1,0,unknown,1,negative,,
36,blue-collar,single,secondary,no,yes,no,cellular,13,may,610,1,-1,0,unknown,1,positive,,
35,blue-collar,single,primary,no,yes,no,cellular,13,may,850,1,-1,0,unknown,1,negative,,
47,blue-collar,married,primary,no,yes,no,cellular,13,may,659,1,-1,0,unknown,1,positive,,
47,housemaid,single,primary,no,yes,no,cellular,13,may,570,1,-1,0,unknown,1,positive,,
38,blue-collar,married,primary,no,no,no,cellular,13,may,516,1,-1,0,unknown,1,positive,,
33,management,single,tertiary,no,yes,no,cellular,13,may,585,1,-1,0,unknown,1,negative,,
38,blue-collar,married,primary,no,yes,no,cellular,13,may,606,1,-1,0,unknown,1,positive,,
39,blue-collar,married,secondary,no,yes,no,cellular,13,may,590,1,-1,0,unknown,1,positive,,
43,housemaid,single,primary,no,yes,no,cellular,13,may,902,1,-1,0,unknown,1,positive,,
33,technician,married,secondary,no,yes,no,cellular,13,may,669,1,355,4,failure,1,positive,,
34,blue-collar,married,secondary,no,yes,no,cellular,13,may,394,3,-1,0,unknown,1,positive,,
28,admin.,divorced,secondary,no,yes,no,cellular,13,may,302,1,301,1,success,1,positive,,
46,services,married,primary,no,yes,no,cellular,13,may,546,3,-1,0,unknown,1,positive,,
36,blue-collar,married,primary,no,no,no,cellular,13,may,1512,1,345,8,failure,1,positive,,
34,blue-collar,married,secondary,no,yes,no,cellular,13,may,333,1,-1,0,unknown,1,positive,,
42,blue-collar,single,secondary,no,yes,yes,cellular,13,may,951,3,370,4,failure,1,positive,,
33,management,married,tertiary,no,yes,no,cellular,13,may,562,1,-1,0,unknown,1,positive,,
39,management,married,tertiary,no,yes,no,cellular,13,may,734,2,-1,0,unknown,1,positive,,
32,management,single,tertiary,no,yes,no,cellular,13,may,568,1,-1,0,unknown,1,positive,,
34,admin.,married,tertiary,no,yes,no,cellular,13,may,459,1,-1,0,unknown,1,positive,,
34,management,single,tertiary,no,yes,no,cellular,13,may,747,2,371,3,failure,1,positive,,
32,blue-collar,single,primary,no,yes,no,cellular,13,may,716,1,-1,0,unknown,1,positive,,
48,admin.,divorced,secondary,no,yes,no,cellular,13,may,1101,1,-1,0,unknown,1,positive,,
31,admin.,married,secondary,no,yes,no,cellular,13,may,394,1,-1,0,unknown,1,positive,,
30,admin.,married,secondary,no,yes,no,cellular,13,may,366,3,348,2,failure,1,positive,,
34,management,married,tertiary,no,yes,no,cellular,13,may,469,1,-1,0,unknown,1,positive,,
33,services,married,secondary,no,yes,no,cellular,13,may,1207,2,-1,0,unknown,1,positive,,
52,services,married,primary,no,yes,no,cellular,13,may,650,5,-1,0,unknown,1,positive,,
48,services,divorced,secondary,no,yes,yes,cellular,13,may,674,1,-1,0,unknown,1,negative,,
33,blue-collar,single,primary,no,yes,no,telephone,13,may,622,3,-1,0,unknown,1,positive,,
30,student,single,tertiary,no,yes,no,cellular,13,may,314,2,-1,0,unknown,1,positive,,
35,management,single,tertiary,no,yes,no,cellular,13,may,809,1,300,1,failure,1,positive,,
51,blue-collar,divorced,primary,no,yes,no,cellular,13,may,829,1,296,11,failure,1,negative,,
38,services,single,secondary,no,yes,no,cellular,13,may,937,3,-1,0,unknown,1,positive,,
59,services,married,secondary,no,yes,no,cellular,13,may,1970,3,-1,0,unknown,1,positive,,
39,blue-collar,single,primary,no,yes,yes,cellular,13,may,1975,5,-1,0,unknown,1,negative,,
29,entrepreneur,married,secondary,no,yes,yes,cellular,13,may,482,2,-1,0,unknown,1,positive,,
41,services,married,secondary,no,yes,no,cellular,13,may,954,2,293,4,success,1,positive,,
27,blue-collar,single,primary,no,yes,no,cellular,13,may,1119,2,-1,0,unknown,1,positive,,
50,technician,divorced,secondary,no,yes,yes,cellular,13,may,698,2,292,1,failure,1,negative,,
34,management,single,tertiary,no,yes,no,cellular,13,may,649,2,-1,0,unknown,1,positive,,
38,blue-collar,divorced,primary,no,yes,no,cellular,13,may,531,2,-1,0,unknown,1,negative,,
29,services,divorced,secondary,no,yes,no,cellular,13,may,1279,3,-1,0,unknown,1,negative,,
40,blue-collar,married,primary,no,yes,no,cellular,13,may,873,3,370,2,failure,1,positive,,
32,technician,single,tertiary,no,yes,yes,cellular,13,may,440,2,-1,0,unknown,1,negative,,
38,blue-collar,married,primary,no,yes,no,telephone,13,may,689,2,-1,0,unknown,1,positive,,
53,technician,married,secondary,no,no,no,cellular,13,may,1130,2,-1,0,unknown,1,positive,,
36,admin.,divorced,secondary,no,yes,no,cellular,14,may,722,2,344,1,success,1,positive,,
26,management,single,tertiary,no,yes,no,cellular,14,may,974,2,-1,0,unknown,1,positive,,
58,services,married,primary,no,yes,no,cellular,14,may,467,1,-1,0,unknown,1,positive,,
28,blue-collar,single,primary,no,yes,no,cellular,14,may,533,1,371,1,other,1,positive,,
49,blue-collar,married,secondary,no,yes,no,cellular,14,may,558,1,-1,0,unknown,1,negative,,
26,blue-collar,single,secondary,no,yes,no,cellular,14,may,667,1,-1,0,unknown,1,positive,,
38,services,married,secondary,no,yes,no,cellular,14,may,715,1,-1,0,unknown,1,positive,,
44,admin.,divorced,secondary,no,yes,no,cellular,14,may,717,1,-1,0,unknown,1,positive,,
49,management,married,tertiary,no,yes,no,cellular,14,may,590,5,359,1,other,1,positive,,
31,self-employed,single,tertiary,no,yes,no,cellular,14,may,745,1,174,3,failure,1,positive,,
55,blue-collar,divorced,primary,no,no,no,cellular,14,may,854,2,360,1,failure,1,positive,,
32,management,married,tertiary,no,yes,no,cellular,14,may,646,5,-1,0,unknown,1,positive,,
35,services,married,secondary,no,yes,no,cellular,14,may,345,1,-1,0,unknown,1,positive,,
35,blue-collar,single,secondary,no,yes,no,cellular,14,may,456,1,300,1,failure,1,positive,,
31,admin.,married,secondary,no,yes,no,cellular,14,may,680,1,177,1,success,1,positive,,
39,technician,single,secondary,no,yes,no,cellular,14,may,1180,1,-1,0,unknown,1,positive,,
28,admin.,divorced,secondary,no,yes,yes,cellular,14,may,578,1,-1,0,unknown,1,negative,,
26,admin.,single,secondary,yes,yes,no,cellular,14,may,786,1,-1,0,unknown,1,negative,,
39,management,married,tertiary,no,yes,no,cellular,14,may,633,1,358,1,other,1,positive,,
48,blue-collar,married,primary,no,yes,yes,cellular,14,may,307,1,177,2,failure,1,positive,,
40,blue-collar,divorced,secondary,no,no,no,cellular,14,may,449,1,-1,0,unknown,1,positive,,
32,admin.,married,secondary,no,yes,no,cellular,14,may,607,3,-1,0,unknown,1,positive,,
29,management,married,secondary,no,no,no,cellular,14,may,1075,1,14,1,failure,1,positive,,
41,blue-collar,married,secondary,no,yes,no,cellular,14,may,874,1,363,1,failure,1,positive,,
34,management,married,tertiary,no,yes,no,cellular,14,may,492,1,175,2,failure,1,positive,,
32,blue-collar,single,secondary,no,yes,no,cellular,14,may,563,1,-1,0,unknown,1,positive,,
34,admin.,married,primary,no,yes,yes,cellular,14,may,1020,1,-1,0,unknown,1,negative,,
36,self-employed,divorced,tertiary,no,yes,no,cellular,14,may,1723,1,356,2,success,1,positive,,
29,admin.,divorced,secondary,no,yes,no,cellular,14,may,406,2,-1,0,unknown,1,negative,,
54,management,divorced,tertiary,no,yes,no,cellular,14,may,691,1,-1,0,unknown,1,negative,,
29,blue-collar,married,secondary,no,yes,no,cellular,14,may,1129,1,-1,0,unknown,1,positive,,
35,blue-collar,divorced,secondary,no,yes,no,cellular,14,may,191,1,346,2,failure,1,positive,,
36,blue-collar,married,secondary,no,yes,no,cellular,14,may,224,4,-1,0,unknown,1,positive,,
37,services,married,secondary,no,yes,no,cellular,14,may,616,2,-1,0,unknown,1,positive,,
37,management,divorced,tertiary,no,yes,no,cellular,14,may,668,2,-1,0,unknown,1,negative,,
31,blue-collar,single,secondary,no,yes,no,cellular,14,may,479,1,346,2,success,1,positive,,
33,admin.,single,secondary,no,yes,yes,cellular,14,may,888,3,-1,0,unknown,1,positive,,
59,retired,divorced,secondary,no,no,no,cellular,14,may,1060,2,-1,0,unknown,1,positive,,
28,student,single,secondary,no,yes,no,cellular,14,may,688,2,-1,0,unknown,1,positive,,
30,blue-collar,married,secondary,no,yes,no,cellular,14,may,566,2,-1,0,unknown,1,positive,,
53,services,divorced,secondary,no,yes,no,cellular,14,may,959,3,174,7,other,1,positive,,
26,blue-collar,married,secondary,no,yes,no,cellular,14,may,1094,2,-1,0,unknown,1,positive,,
30,admin.,single,secondary,no,yes,no,cellular,14,may,884,3,346,4,failure,1,positive,,
35,management,single,tertiary,no,yes,no,cellular,14,may,460,2,-1,0,unknown,1,positive,,
34,admin.,married,secondary,no,yes,no,telephone,14,may,604,4,366,2,other,1,positive,,
33,services,married,secondary,no,yes,no,cellular,14,may,629,4,-1,0,unknown,1,positive,,
59,retired,married,tertiary,no,yes,no,cellular,14,may,647,4,-1,0,unknown,1,positive,,
36,technician,single,secondary,no,yes,no,cellular,15,may,676,3,-1,0,unknown,1,positive,,
34,services,single,secondary,no,yes,no,cellular,15,may,153,2,-1,0,unknown,1,positive,,
39,services,single,secondary,no,yes,no,cellular,15,may,667,3,357,3,other,1,positive,,
42,services,married,secondary,no,yes,yes,cellular,15,may,670,4,346,1,failure,1,positive,,
60,retired,divorced,secondary,no,yes,no,cellular,15,may,655,2,-1,0,unknown,1,positive,,
44,blue-collar,single,primary,no,yes,no,cellular,15,may,551,1,371,2,failure,1,positive,,
21,blue-collar,married,primary,no,yes,yes,cellular,15,may,409,1,361,3,failure,1,negative,,
29,blue-collar,married,secondary,no,yes,yes,cellular,15,may,382,1,-1,0,unknown,1,positive,,
56,services,single,secondary,no,yes,no,cellular,15,may,311,1,368,2,failure,1,negative,,
30,services,single,secondary,no,yes,no,cellular,15,may,760,1,-1,0,unknown,1,positive,,
26,services,married,secondary,no,yes,no,cellular,15,may,619,1,340,4,failure,1,positive,,
35,blue-collar,married,primary,no,yes,no,cellular,15,may,1190,2,302,2,other,1,positive,,
22,blue-collar,single,secondary,no,yes,no,cellular,15,may,859,1,-1,0,unknown,1,negative,,
26,blue-collar,single,secondary,no,yes,yes,cellular,15,may,899,1,-1,0,unknown,1,positive,,
28,admin.,single,secondary,no,yes,no,cellular,15,may,536,1,364,1,other,1,positive,,
35,admin.,divorced,secondary,no,no,no,cellular,15,may,669,1,312,3,failure,1,positive,,
35,housemaid,married,tertiary,no,yes,no,cellular,15,may,326,5,179,4,failure,1,positive,,
55,technician,married,tertiary,no,yes,no,cellular,15,may,901,1,-1,0,unknown,1,negative,,
32,services,married,secondary,no,yes,no,cellular,15,may,744,1,-1,0,unknown,1,positive,,
28,management,single,secondary,no,yes,no,cellular,15,may,485,1,88,1,other,1,positive,,
31,admin.,married,secondary,no,yes,no,cellular,15,may,552,1,329,3,failure,1,positive,,
23,blue-collar,single,secondary,no,yes,no,cellular,15,may,416,1,-1,0,unknown,1,positive,,
26,technician,single,tertiary,no,yes,no,cellular,15,may,637,1,-1,0,unknown,1,negative,,
46,blue-collar,married,primary,no,yes,yes,cellular,15,may,523,2,353,58,other,1,positive,,
34,blue-collar,married,secondary,no,yes,no,cellular,15,may,285,5,-1,0,unknown,1,positive,,
60,management,single,tertiary,no,no,no,cellular,15,may,730,5,-1,0,unknown,1,positive,,
28,student,single,tertiary,no,yes,no,cellular,15,may,536,2,-1,0,unknown,1,positive,,
29,services,married,secondary,no,yes,no,cellular,15,may,792,2,298,1,failure,1,positive,,
39,entrepreneur,married,secondary,no,yes,no,cellular,15,may,576,4,371,1,failure,1,positive,,
53,management,divorced,tertiary,no,yes,no,cellular,15,may,669,1,337,3,failure,1,positive,,
54,unemployed,married,secondary,no,yes,no,cellular,15,may,693,5,372,2,failure,1,positive,,
34,technician,single,secondary,no,yes,yes,cellular,15,may,1015,1,-1,0,unknown,1,positive,,
27,services,single,secondary,no,yes,no,cellular,15,may,663,1,-1,0,unknown,1,positive,,
28,services,single,secondary,no,yes,no,cellular,15,may,437,3,347,3,other,1,positive,,
39,entrepreneur,married,tertiary,yes,yes,no,cellular,15,may,562,2,-1,0,unknown,1,negative,,
60,retired,divorced,secondary,no,yes,no,cellular,15,may,585,1,-1,0,unknown,1,negative,,
26,student,single,secondary,no,yes,no,cellular,15,may,659,1,-1,0,unknown,1,positive,,
32,management,married,secondary,no,yes,yes,cellular,15,may,532,3,-1,0,unknown,1,positive,,
40,admin.,single,secondary,no,no,no,cellular,15,may,837,1,-1,0,unknown,1,positive,,
25,admin.,single,secondary,no,yes,no,cellular,15,may,832,1,367,3,failure,1,positive,,
44,blue-collar,married,primary,no,yes,no,cellular,15,may,679,1,366,4,failure,1,negative,,
48,blue-collar,married,secondary,no,yes,no,cellular,15,may,830,1,352,2,failure,1,positive,,
37,entrepreneur,single,secondary,no,yes,no,cellular,15,may,317,1,-1,0,unknown,1,negative,,
39,admin.,divorced,secondary,no,yes,no,cellular,15,may,611,5,-1,0,unknown,1,positive,,
40,admin.,married,secondary,no,yes,no,cellular,15,may,432,1,176,1,failure,1,positive,,
24,blue-collar,single,secondary,no,yes,no,cellular,15,may,956,1,-1,0,unknown,1,positive,,
31,management,single,tertiary,no,yes,no,cellular,15,may,858,3,-1,0,unknown,1,positive,,
42,admin.,divorced,secondary,no,yes,no,cellular,15,may,1012,3,-1,0,unknown,1,positive,,
51,blue-collar,married,primary,no,yes,no,cellular,15,may,611,2,-1,0,unknown,1,positive,,
28,management,single,tertiary,no,yes,no,cellular,15,may,885,3,352,2,other,1,positive,,
32,management,married,tertiary,no,yes,no,cellular,15,may,1111,5,-1,0,unknown,1,positive,,
36,admin.,single,secondary,no,yes,no,cellular,15,may,1357,4,374,2,failure,1,positive,,
36,blue-collar,married,secondary,no,yes,no,cellular,15,may,709,5,-1,0,unknown,1,positive,,
38,self-employed,single,tertiary,no,yes,no,cellular,15,may,406,4,359,5,other,1,positive,,
36,services,single,secondary,no,yes,no,cellular,15,may,1002,4,-1,0,unknown,1,negative,,
40,blue-collar,married,primary,no,yes,no,cellular,15,may,880,4,-1,0,unknown,1,positive,,
33,admin.,single,secondary,no,yes,no,cellular,15,may,934,2,368,2,failure,1,positive,,
37,blue-collar,married,primary,no,yes,no,cellular,15,may,655,3,175,4,failure,1,positive,,
51,management,single,tertiary,no,yes,no,cellular,15,may,415,4,375,1,failure,1,positive,,
34,services,divorced,secondary,no,yes,no,cellular,15,may,1871,4,-1,0,unknown,1,positive,,
35,technician,single,tertiary,no,yes,no,cellular,15,may,1068,3,-1,0,unknown,1,positive,,
56,blue-collar,married,primary,no,yes,no,telephone,15,may,462,4,-1,0,unknown,1,positive,,
35,blue-collar,married,secondary,no,yes,yes,cellular,15,may,1313,7,312,1,failure,1,positive,,
32,management,single,tertiary,no,yes,no,cellular,15,may,1598,4,175,5,failure,1,positive,,
32,blue-collar,single,secondary,no,yes,no,cellular,15,may,692,3,-1,0,unknown,1,positive,,
34,technician,married,tertiary,no,yes,no,cellular,18,may,722,4,-1,0,unknown,1,positive,,
39,services,married,secondary,no,yes,no,cellular,18,may,1032,2,-1,0,unknown,1,positive,,
29,blue-collar,married,secondary,no,yes,no,cellular,18,may,536,2,334,4,failure,1,negative,,
37,housemaid,single,secondary,no,yes,no,cellular,18,may,899,3,-1,0,unknown,1,positive,,
33,management,single,tertiary,no,yes,no,cellular,18,may,473,3,-1,0,unknown,1,positive,,
40,admin.,single,secondary,no,yes,no,cellular,18,may,906,2,350,2,failure,1,positive,,
22,services,single,secondary,no,yes,no,cellular,18,may,347,1,-1,0,unknown,1,positive,,
32,technician,single,secondary,no,yes,no,cellular,18,may,442,1,266,8,failure,1,positive,,
33,admin.,single,secondary,no,yes,no,cellular,18,may,827,1,-1,0,unknown,1,positive,,
29,blue-collar,married,secondary,no,yes,no,cellular,18,may,903,4,-1,0,unknown,1,positive,,
29,technician,single,secondary,no,yes,no,cellular,18,may,1340,1,-1,0,unknown,1,positive,,
24,blue-collar,single,secondary,no,yes,yes,cellular,18,may,487,1,-1,0,unknown,1,positive,,
31,management,single,secondary,no,yes,no,cellular,18,may,309,1,-1,0,unknown,1,positive,,
31,blue-collar,single,secondary,no,yes,no,cellular,18,may,666,1,360,1,success,1,positive,,
28,admin.,single,secondary,no,yes,no,cellular,18,may,2301,1,-1,0,unknown,1,positive,,
32,technician,single,tertiary,no,yes,no,cellular,18,may,618,1,-1,0,unknown,1,negative,,
24,services,single,secondary,no,yes,no,cellular,18,may,493,1,370,1,other,1,positive,,
57,admin.,married,secondary,no,yes,no,cellular,18,may,603,1,340,2,other,1,positive,,
27,blue-collar,single,secondary,no,yes,yes,cellular,18,may,351,1,-1,0,unknown,1,positive,,
32,management,single,tertiary,no,yes,no,cellular,18,may,357,1,-1,0,unknown,1,positive,,
23,services,single,secondary,no,yes,no,cellular,18,may,843,1,370,1,failure,1,positive,,
30,blue-collar,single,secondary,no,yes,no,cellular,18,may,420,2,-1,0,unknown,1,positive,,
27,services,single,secondary,no,yes,no,cellular,18,may,391,1,-1,0,unknown,1,negative,,
55,blue-collar,married,secondary,no,yes,no,cellular,18,may,565,1,-1,0,unknown,1,positive,,
34,blue-collar,married,secondary,no,yes,no,cellular,18,may,507,1,-1,0,unknown,1,positive,,
28,admin.,single,secondary,no,yes,yes,cellular,18,may,431,1,-1,0,unknown,1,positive,,
25,management,married,tertiary,no,yes,yes,cellular,18,may,600,4,332,4,other,1,negative,,
29,technician,single,tertiary,no,yes,no,cellular,18,may,373,1,-1,0,unknown,1,positive,,
55,retired,divorced,tertiary,no,no,no,cellular,18,may,616,1,370,1,success,1,negative,,
25,blue-collar,single,secondary,no,yes,no,cellular,18,may,504,1,-1,0,unknown,1,positive,,
25,technician,married,tertiary,no,yes,no,cellular,18,may,700,3,-1,0,unknown,1,positive,,
36,housemaid,single,secondary,no,yes,no,cellular,18,may,1008,1,347,2,success,1,positive,,
27,blue-collar,married,unknown,no,yes,no,cellular,18,may,525,1,-1,0,unknown,1,positive,,
25,services,single,secondary,no,yes,no,cellular,18,may,1063,1,-1,0,unknown,1,positive,,
32,blue-collar,single,primary,no,yes,no,cellular,18,may,178,1,-1,0,unknown,1,positive,,
34,management,single,unknown,no,yes,no,cellular,18,may,612,1,-1,0,unknown,1,positive,,
29,self-employed,single,tertiary,no,yes,no,cellular,18,may,427,1,-1,0,unknown,1,positive,,
33,admin.,single,tertiary,no,yes,no,cellular,18,may,525,1,-1,0,unknown,1,positive,,
38,entrepreneur,married,tertiary,no,yes,no,cellular,18,may,442,1,-1,0,unknown,1,positive,,
45,technician,divorced,secondary,no,yes,yes,cellular,18,may,618,1,355,2,failure,1,negative,,
30,blue-collar,single,secondary,no,yes,no,cellular,18,may,727,2,-1,0,unknown,1,positive,,
32,blue-collar,married,primary,no,yes,yes,cellular,18,may,801,5,355,2,failure,1,negative,,
26,blue-collar,single,primary,no,yes,no,cellular,18,may,827,2,-1,0,unknown,1,negative,,
29,admin.,single,secondary,no,yes,no,cellular,18,may,774,4,-1,0,unknown,1,positive,,
25,blue-collar,single,primary,no,yes,yes,cellular,18,may,1027,2,-1,0,unknown,1,positive,,
34,management,single,tertiary,no,yes,no,cellular,18,may,767,2,-1,0,unknown,1,negative,,
33,blue-collar,married,secondary,no,yes,yes,cellular,18,may,732,2,291,5,failure,1,positive,,
32,technician,single,tertiary,no,yes,no,cellular,18,may,542,2,-1,0,unknown,1,positive,,
33,management,single,tertiary,no,yes,no,cellular,18,may,536,2,-1,0,unknown,1,positive,,
34,blue-collar,married,primary,no,yes,no,cellular,18,may,1057,6,355,1,other,1,negative,,
29,management,married,tertiary,no,yes,no,cellular,18,may,256,2,-1,0,unknown,1,positive,,
28,self-employed,married,secondary,no,yes,yes,cellular,18,may,638,2,-1,0,unknown,1,negative,,
38,technician,single,secondary,no,yes,no,cellular,18,may,1173,3,278,6,success,1,negative,,
35,services,single,secondary,no,yes,no,cellular,18,may,1359,3,368,3,failure,1,positive,,
28,admin.,single,secondary,no,yes,yes,cellular,18,may,390,5,-1,0,unknown,1,negative,,
29,unemployed,single,tertiary,no,yes,no,cellular,18,may,642,3,298,6,success,1,positive,,
20,blue-collar,single,secondary,no,yes,no,cellular,18,may,639,2,-1,0,unknown,1,positive,,
42,blue-collar,married,secondary,no,yes,no,cellular,22,may,324,1,106,1,failure,1,positive,,
45,admin.,divorced,secondary,no,yes,yes,cellular,22,may,582,1,95,2,success,1,positive,,
37,management,married,tertiary,no,no,no,cellular,22,may,354,1,-1,0,unknown,1,positive,,
32,technician,single,tertiary,no,no,no,cellular,22,may,796,1,109,1,failure,1,positive,,
59,admin.,married,secondary,no,no,no,cellular,22,may,186,1,-1,0,unknown,1,positive,,
55,management,married,unknown,no,yes,no,cellular,22,may,338,2,-1,0,unknown,1,positive,,
29,management,single,tertiary,no,no,no,cellular,22,may,491,1,-1,0,unknown,1,positive,,
37,services,married,secondary,no,yes,no,cellular,22,may,298,1,10,6,failure,1,positive,,
59,management,married,tertiary,no,no,no,cellular,22,may,431,1,-1,0,unknown,1,positive,,
27,technician,divorced,secondary,no,yes,no,cellular,22,may,449,1,-1,0,unknown,1,positive,,
39,management,single,tertiary,no,yes,no,cellular,22,may,271,1,93,3,success,1,negative,,
43,services,married,secondary,no,no,no,cellular,22,may,271,1,183,3,failure,1,positive,,
39,technician,married,secondary,no,no,no,cellular,22,may,554,2,-1,0,unknown,1,positive,,
26,student,single,secondary,no,no,no,cellular,22,may,223,1,94,1,success,1,positive,,
39,management,single,tertiary,no,no,no,cellular,22,may,182,2,-1,0,unknown,1,positive,,
43,management,divorced,unknown,no,no,no,cellular,22,may,460,1,95,2,success,1,positive,,
27,student,single,tertiary,no,yes,no,cellular,22,may,198,1,98,6,success,1,positive,,
32,services,single,secondary,no,no,no,cellular,22,may,148,2,-1,0,unknown,1,positive,,
29,management,single,tertiary,no,no,no,cellular,22,may,293,2,-1,0,unknown,1,positive,,
42,management,married,primary,no,yes,no,cellular,22,may,545,2,186,1,success,1,positive,,
53,blue-collar,married,unknown,no,no,no,telephone,22,may,231,2,-1,0,unknown,1,positive,,
36,management,married,tertiary,no,no,no,cellular,22,may,970,2,92,2,other,1,positive,,
27,management,single,tertiary,no,yes,no,cellular,22,may,685,1,101,1,other,1,positive,,
43,admin.,single,secondary,no,yes,no,cellular,25,may,282,1,187,3,success,1,positive,,
28,self-employed,single,tertiary,no,no,no,cellular,25,may,426,1,-1,0,unknown,1,positive,,
60,retired,divorced,tertiary,no,no,yes,cellular,25,may,464,1,321,1,failure,1,positive,,
29,technician,single,secondary,no,no,no,cellular,25,may,124,1,-1,0,unknown,1,positive,,
35,technician,single,secondary,no,yes,no,cellular,25,may,236,1,-1,0,unknown,1,positive,,
26,blue-collar,single,tertiary,no,no,no,cellular,25,may,421,1,-1,0,unknown,1,positive,,
26,student,single,unknown,no,no,no,cellular,25,may,678,2,-1,0,unknown,1,positive,,
28,unemployed,married,tertiary,no,no,no,cellular,25,may,119,1,-1,0,unknown,1,positive,,
26,student,single,tertiary,no,yes,no,cellular,25,may,397,1,35,2,failure,1,positive,,
36,management,single,tertiary,no,no,no,cellular,25,may,189,1,186,1,failure,1,positive,,
28,technician,single,tertiary,no,no,no,cellular,25,may,867,1,-1,0,unknown,1,positive,,
28,technician,single,tertiary,no,yes,no,cellular,25,may,269,1,40,2,failure,1,negative,,
28,management,single,tertiary,no,no,no,cellular,25,may,915,2,-1,0,unknown,1,positive,,
40,technician,married,secondary,no,no,no,cellular,25,may,612,7,-1,0,unknown,1,positive,,
24,blue-collar,single,secondary,no,no,yes,cellular,25,may,288,1,96,2,success,1,positive,,
56,retired,divorced,tertiary,no,no,no,cellular,25,may,1064,1,-1,0,unknown,1,positive,,
34,management,single,tertiary,no,no,no,cellular,25,may,213,4,-1,0,unknown,1,positive,,
28,admin.,single,secondary,no,yes,no,cellular,25,may,226,1,-1,0,unknown,1,positive,,
37,services,married,secondary,no,yes,yes,cellular,25,may,377,1,-1,0,unknown,1,positive,,
32,services,single,secondary,no,yes,no,cellular,25,may,158,2,-1,0,unknown,1,positive,,
43,technician,divorced,secondary,no,no,no,cellular,25,may,262,2,353,1,other,1,positive,,
36,technician,married,tertiary,no,yes,yes,cellular,25,may,117,2,21,3,failure,1,positive,,
29,admin.,married,tertiary,no,no,no,cellular,25,may,344,2,88,1,failure,1,positive,,
54,unemployed,married,secondary,no,no,no,cellular,25,may,352,3,186,2,failure,1,positive,,
39,services,married,secondary,no,no,no,cellular,25,may,284,1,-1,0,unknown,1,positive,,
35,technician,single,secondary,no,yes,no,cellular,25,may,214,1,305,1,other,1,positive,,
29,technician,single,secondary,no,no,no,cellular,25,may,315,1,-1,0,unknown,1,positive,,
32,technician,single,tertiary,no,yes,no,cellular,25,may,615,4,-1,0,unknown,1,positive,,
27,student,single,secondary,no,no,no,cellular,25,may,242,2,-1,0,unknown,1,positive,,
32,technician,single,tertiary,no,yes,no,cellular,25,may,414,2,35,4,failure,1,positive,,
33,technician,single,tertiary,no,yes,yes,cellular,25,may,601,2,10,7,failure,1,positive,,
24,student,single,secondary,no,no,no,cellular,26,may,133,1,97,1,success,1,positive,,
58,technician,married,secondary,no,no,no,cellular,26,may,1078,1,97,7,other,1,positive,,
43,management,married,tertiary,no,no,no,cellular,26,may,640,1,-1,0,unknown,1,positive,,
26,management,married,tertiary,no,no,no,cellular,26,may,482,1,-1,0,unknown,1,positive,,
31,technician,single,secondary,no,no,no,cellular,26,may,91,1,285,2,other,1,positive,,
25,management,single,tertiary,no,no,no,cellular,26,may,176,1,-1,0,unknown,1,positive,,
58,retired,married,secondary,no,no,no,cellular,26,may,165,1,287,2,failure,1,positive,,
34,technician,married,tertiary,no,no,no,cellular,26,may,243,2,35,6,other,1,positive,,
48,management,divorced,tertiary,no,yes,no,cellular,26,may,208,2,96,3,other,1,positive,,
60,retired,married,tertiary,no,no,no,telephone,26,may,1346,1,-1,0,unknown,1,positive,,
21,technician,single,unknown,no,no,no,cellular,26,may,131,2,-1,0,unknown,1,positive,,
25,student,single,tertiary,no,no,no,cellular,26,may,390,1,-1,0,unknown,1,positive,,
26,student,single,secondary,no,no,no,cellular,26,may,445,1,-1,0,unknown,1,positive,,
38,management,married,unknown,no,no,no,cellular,26,may,579,1,-1,0,unknown,1,positive,,
25,student,single,secondary,no,no,no,cellular,26,may,226,2,-1,0,unknown,1,positive,,
26,student,single,tertiary,no,no,no,cellular,26,may,396,3,-1,0,unknown,1,positive,,
25,student,single,unknown,no,no,no,cellular,26,may,170,1,-1,0,unknown,1,positive,,
32,management,single,tertiary,no,no,no,cellular,26,may,208,2,98,2,success,1,positive,,
25,admin.,married,tertiary,no,no,no,cellular,26,may,253,1,-1,0,unknown,1,positive,,
21,admin.,single,secondary,no,no,no,cellular,26,may,185,1,-1,0,unknown,1,positive,,
41,self-employed,single,tertiary,no,no,no,cellular,27,may,229,3,-1,0,unknown,1,positive,,
30,admin.,single,secondary,no,yes,no,cellular,27,may,189,2,-1,0,unknown,1,positive,,
47,admin.,divorced,secondary,no,no,no,cellular,27,may,439,1,103,1,success,1,positive,,
37,admin.,married,secondary,no,no,no,cellular,27,may,242,1,212,1,success,1,positive,,
34,admin.,married,secondary,no,yes,no,cellular,27,may,145,1,-1,0,unknown,1,positive,,
28,admin.,single,secondary,no,no,no,cellular,27,may,155,3,-1,0,unknown,1,positive,,
24,admin.,single,tertiary,no,yes,no,cellular,27,may,122,2,-1,0,unknown,1,negative,,
26,admin.,single,secondary,no,no,no,cellular,27,may,776,3,97,3,success,1,positive,,
32,blue-collar,married,secondary,no,yes,no,cellular,27,may,281,4,188,1,failure,1,positive,,
30,management,single,tertiary,no,no,no,cellular,27,may,119,1,98,1,success,1,positive,,
54,self-employed,single,tertiary,no,no,yes,cellular,27,may,200,1,-1,0,unknown,1,positive,,
35,technician,married,secondary,no,no,no,cellular,27,may,329,1,41,2,other,1,positive,,
54,retired,divorced,tertiary,no,no,no,cellular,27,may,367,2,-1,0,unknown,1,positive,,
44,management,married,tertiary,no,no,no,cellular,27,may,412,1,-1,0,unknown,1,positive,,
56,admin.,single,secondary,no,no,no,telephone,27,may,165,1,-1,0,unknown,1,positive,,
25,admin.,single,tertiary,no,yes,no,cellular,27,may,223,3,89,2,failure,1,positive,,
25,student,single,unknown,no,no,no,cellular,27,may,311,2,-1,0,unknown,1,positive,,
43,admin.,married,secondary,no,no,no,cellular,27,may,187,2,71,1,success,1,positive,,
50,management,married,tertiary,no,no,no,cellular,28,may,513,9,-1,0,unknown,1,positive,,
25,technician,single,secondary,no,yes,no,cellular,28,may,188,3,10,1,failure,1,positive,,
55,admin.,married,secondary,no,no,no,cellular,1,jun,324,3,90,2,success,1,positive,,
57,management,married,tertiary,no,no,no,cellular,1,jun,295,1,-1,0,unknown,1,positive,,
48,management,married,tertiary,no,yes,yes,cellular,1,jun,264,1,-1,0,unknown,1,positive,,
25,unemployed,single,tertiary,no,no,no,cellular,1,jun,377,1,-1,0,unknown,1,positive,,
49,management,married,tertiary,no,yes,no,cellular,1,jun,205,1,95,1,success,1,positive,,
25,technician,single,secondary,no,no,no,cellular,1,jun,287,1,-1,0,unknown,1,positive,,
38,housemaid,divorced,secondary,no,no,no,cellular,1,jun,263,1,-1,0,unknown,1,positive,,
45,blue-collar,married,secondary,no,no,no,cellular,1,jun,166,2,-1,0,unknown,1,positive,,
33,management,married,tertiary,no,no,no,cellular,1,jun,327,1,-1,0,unknown,1,positive,,
45,admin.,married,tertiary,no,no,no,cellular,1,jun,69,1,293,7,failure,1,positive,,
46,technician,single,secondary,no,no,no,cellular,1,jun,84,1,-1,0,unknown,1,positive,,
26,management,single,secondary,no,no,no,cellular,1,jun,326,1,-1,0,unknown,1,positive,,
49,admin.,married,secondary,no,no,no,cellular,1,jun,1460,1,-1,0,unknown,1,negative,,
25,technician,single,secondary,no,no,no,cellular,1,jun,1048,1,-1,0,unknown,1,positive,,
53,technician,married,secondary,no,no,no,cellular,1,jun,781,1,-1,0,unknown,1,positive,,
43,management,married,tertiary,no,no,yes,cellular,1,jun,335,2,-1,0,unknown,1,positive,,
49,technician,married,secondary,no,no,yes,cellular,1,jun,412,2,-1,0,unknown,1,positive,,
54,management,married,tertiary,no,no,no,cellular,1,jun,177,2,-1,0,unknown,1,positive,,
47,technician,married,secondary,no,no,no,cellular,1,jun,251,1,90,1,success,1,positive,,
34,blue-collar,married,secondary,no,no,no,cellular,1,jun,339,1,-1,0,unknown,1,positive,,
54,services,divorced,secondary,no,no,no,cellular,1,jun,174,1,81,2,success,1,negative,,
43,management,divorced,tertiary,no,no,no,cellular,1,jun,114,1,38,2,other,1,positive,,
23,services,single,secondary,no,no,no,cellular,1,jun,192,1,-1,0,unknown,1,positive,,
48,management,married,tertiary,no,no,no,cellular,1,jun,215,2,-1,0,unknown,1,positive,,
30,self-employed,single,tertiary,no,no,no,cellular,1,jun,235,1,-1,0,unknown,1,positive,,
38,technician,single,tertiary,no,yes,no,cellular,1,jun,232,2,-1,0,unknown,1,positive,,
38,unemployed,single,secondary,no,no,no,cellular,1,jun,1087,1,-1,0,unknown,1,positive,,
34,student,single,unknown,no,no,no,cellular,1,jun,253,1,-1,0,unknown,1,positive,,
52,admin.,single,secondary,no,yes,yes,cellular,1,jun,1144,2,-1,0,unknown,1,negative,,
27,management,single,tertiary,no,no,no,cellular,1,jun,220,1,28,8,other,1,positive,,
40,blue-collar,married,secondary,no,no,no,cellular,1,jun,314,1,-1,0,unknown,1,positive,,
47,management,married,tertiary,no,no,no,cellular,2,jun,163,2,84,1,success,1,positive,,
54,unemployed,divorced,secondary,no,no,no,cellular,2,jun,257,3,-1,0,unknown,1,positive,,
26,management,single,tertiary,no,no,no,cellular,2,jun,479,1,-1,0,unknown,1,positive,,
37,admin.,married,secondary,no,no,no,cellular,2,jun,395,1,-1,0,unknown,1,positive,,
37,admin.,married,secondary,no,yes,no,cellular,2,jun,107,1,-1,0,unknown,1,negative,,
34,management,married,tertiary,no,no,no,cellular,2,jun,350,1,-1,0,unknown,1,positive,,
53,management,married,unknown,no,yes,no,cellular,2,jun,282,2,385,1,success,1,positive,,
26,admin.,single,tertiary,no,no,yes,cellular,2,jun,199,1,96,2,success,1,positive,,
44,management,married,tertiary,no,no,no,cellular,2,jun,294,1,-1,0,unknown,1,positive,,
29,management,single,tertiary,no,yes,no,cellular,2,jun,690,1,-1,0,unknown,1,positive,,
26,technician,married,secondary,no,no,no,cellular,2,jun,384,1,-1,0,unknown,1,positive,,
40,unemployed,single,tertiary,no,no,no,cellular,2,jun,596,1,-1,0,unknown,1,positive,,
47,management,married,tertiary,no,no,no,cellular,2,jun,654,1,95,1,failure,1,positive,,
43,blue-collar,married,secondary,no,no,no,cellular,2,jun,169,1,-1,0,unknown,1,positive,,
52,technician,divorced,secondary,no,yes,no,cellular,2,jun,195,1,-1,0,unknown,1,positive,,
38,admin.,married,tertiary,no,no,no,cellular,2,jun,103,1,67,4,success,1,positive,,
33,services,divorced,secondary,no,no,no,cellular,2,jun,417,1,-1,0,unknown,1,positive,,
50,technician,married,secondary,no,no,no,cellular,2,jun,160,2,-1,0,unknown,1,positive,,
53,admin.,married,secondary,no,no,no,telephone,2,jun,270,1,-1,0,unknown,1,positive,,
57,technician,married,primary,no,yes,no,telephone,2,jun,421,2,-1,0,unknown,1,positive,,
39,technician,married,secondary,no,yes,no,cellular,2,jun,171,3,-1,0,unknown,1,positive,,
42,services,married,secondary,no,yes,no,cellular,2,jun,271,2,92,4,success,1,positive,,
49,technician,married,tertiary,no,yes,no,cellular,2,jun,712,1,60,3,failure,1,positive,,
27,technician,single,tertiary,no,no,no,cellular,2,jun,74,1,120,1,success,1,positive,,
32,admin.,married,tertiary,no,no,no,cellular,2,jun,84,1,-1,0,unknown,1,positive,,
38,technician,married,secondary,no,yes,no,cellular,2,jun,318,1,95,7,success,1,positive,,
31,student,single,tertiary,no,no,no,cellular,2,jun,261,2,-1,0,unknown,1,positive,,
29,technician,single,secondary,no,no,no,cellular,2,jun,245,1,-1,0,unknown,1,positive,,
49,services,married,secondary,no,yes,no,cellular,2,jun,263,1,368,3,failure,1,positive,,
46,blue-collar,married,secondary,no,yes,no,cellular,2,jun,310,1,55,6,other,1,positive,,
57,blue-collar,married,primary,no,no,no,cellular,2,jun,482,2,-1,0,unknown,1,positive,,
28,technician,single,tertiary,no,no,no,cellular,2,jun,924,2,113,21,success,1,positive,,
37,entrepreneur,married,tertiary,no,no,no,cellular,2,jun,253,2,-1,0,unknown,1,positive,,
38,blue-collar,married,secondary,no,no,no,cellular,2,jun,192,1,-1,0,unknown,1,positive,,
49,management,married,tertiary,no,no,no,cellular,2,jun,181,3,293,2,failure,1,positive,,
35,technician,married,tertiary,no,no,no,cellular,2,jun,250,2,-1,0,unknown,1,positive,,
54,management,married,primary,no,no,no,cellular,2,jun,236,2,-1,0,unknown,1,positive,,
29,technician,married,secondary,no,yes,no,cellular,2,jun,163,1,55,2,failure,1,positive,,
52,technician,married,secondary,no,no,no,cellular,2,jun,541,3,-1,0,unknown,1,negative,,
34,unemployed,married,secondary,no,no,no,cellular,3,jun,262,2,71,1,success,1,positive,,
60,technician,married,secondary,no,no,no,telephone,3,jun,206,4,-1,0,unknown,1,positive,,
32,self-employed,married,secondary,no,no,no,cellular,3,jun,115,2,86,2,success,1,positive,,
40,student,single,secondary,no,yes,no,cellular,3,jun,406,2,-1,0,unknown,1,positive,,
54,self-employed,married,tertiary,no,no,no,cellular,3,jun,244,2,-1,0,unknown,1,positive,,
27,admin.,single,secondary,no,yes,yes,cellular,3,jun,592,4,-1,0,unknown,1,positive,,
55,entrepreneur,married,secondary,no,no,no,telephone,3,jun,437,1,-1,0,unknown,1,positive,,
29,management,single,tertiary,no,no,no,cellular,3,jun,313,2,-1,0,unknown,1,positive,,
42,blue-collar,married,secondary,no,no,no,cellular,3,jun,705,1,195,1,failure,1,positive,,
33,management,divorced,tertiary,no,no,no,cellular,3,jun,198,1,-1,0,unknown,1,positive,,
34,technician,married,tertiary,no,no,no,cellular,3,jun,117,1,-1,0,unknown,1,positive,,
52,management,divorced,tertiary,no,no,no,cellular,3,jun,210,2,-1,0,unknown,1,positive,,
29,blue-collar,married,primary,no,no,no,cellular,3,jun,321,1,-1,0,unknown,1,positive,,
39,admin.,married,secondary,no,no,no,cellular,3,jun,296,4,-1,0,unknown,1,positive,,
31,technician,single,tertiary,no,no,no,cellular,3,jun,411,1,-1,0,unknown,1,positive,,
60,management,divorced,tertiary,no,no,no,cellular,3,jun,593,1,-1,0,unknown,1,positive,,
25,student,single,tertiary,no,no,no,cellular,3,jun,165,1,-1,0,unknown,1,positive,,
45,admin.,married,secondary,no,yes,no,cellular,3,jun,224,2,-1,0,unknown,1,positive,,
29,management,single,tertiary,no,yes,no,cellular,3,jun,340,1,119,1,failure,1,positive,,
55,management,divorced,tertiary,no,no,no,cellular,3,jun,591,2,-1,0,unknown,1,positive,,
26,technician,single,secondary,no,yes,no,cellular,3,jun,385,2,96,5,success,1,positive,,
30,management,single,tertiary,no,no,no,cellular,3,jun,238,3,-1,0,unknown,1,positive,,
54,admin.,divorced,secondary,no,no,no,cellular,3,jun,170,1,-1,0,unknown,1,positive,,
39,blue-collar,single,tertiary,no,no,no,cellular,3,jun,539,1,-1,0,unknown,1,positive,,
42,unemployed,married,tertiary,no,no,no,cellular,3,jun,447,2,96,1,success,1,positive,,
26,management,single,tertiary,no,no,no,cellular,3,jun,300,2,72,1,success,1,positive,,
57,retired,married,secondary,no,no,no,cellular,3,jun,200,1,-1,0,unknown,1,positive,,
39,unemployed,married,tertiary,no,no,no,cellular,3,jun,699,1,119,1,failure,1,positive,,
40,technician,married,secondary,no,yes,no,cellular,3,jun,431,2,119,9,failure,1,positive,,
25,blue-collar,single,secondary,no,no,no,cellular,3,jun,837,1,-1,0,unknown,1,positive,,
43,blue-collar,married,primary,no,no,no,cellular,3,jun,725,2,93,1,success,1,positive,,
36,technician,divorced,secondary,no,yes,no,cellular,3,jun,144,2,-1,0,unknown,1,positive,,
25,management,single,tertiary,no,no,no,cellular,3,jun,617,2,-1,0,unknown,1,positive,,
39,technician,married,tertiary,no,no,no,cellular,3,jun,140,2,-1,0,unknown,1,positive,,
32,blue-collar,married,secondary,no,yes,no,cellular,3,jun,1076,2,85,3,other,1,positive,,
43,management,divorced,tertiary,no,yes,no,cellular,3,jun,187,1,20,1,other,1,positive,,
50,management,divorced,tertiary,no,no,no,cellular,4,jun,510,3,-1,0,unknown,1,positive,,
35,services,married,secondary,no,yes,no,cellular,4,jun,328,2,94,4,success,1,positive,,
37,management,married,tertiary,no,yes,yes,cellular,4,jun,262,2,-1,0,unknown,1,positive,,
42,management,married,tertiary,no,yes,no,cellular,4,jun,280,2,126,11,failure,1,positive,,
42,admin.,single,secondary,no,no,no,cellular,4,jun,207,1,-1,0,unknown,1,positive,,
27,management,married,secondary,no,no,no,cellular,4,jun,449,1,-1,0,unknown,1,positive,,
27,services,single,secondary,no,no,no,cellular,4,jun,182,1,-1,0,unknown,1,positive,,
29,management,single,tertiary,no,no,no,cellular,4,jun,224,1,-1,0,unknown,1,positive,,
29,student,single,secondary,no,no,no,cellular,4,jun,400,1,-1,0,unknown,1,positive,,
26,student,single,secondary,no,no,no,cellular,4,jun,217,1,-1,0,unknown,1,positive,,
39,admin.,single,tertiary,no,no,no,cellular,4,jun,160,1,-1,0,unknown,1,positive,,
41,services,married,secondary,no,yes,yes,cellular,4,jun,352,2,122,2,failure,1,negative,,
29,management,married,tertiary,no,no,no,cellular,4,jun,787,1,-1,0,unknown,1,positive,,
33,technician,single,tertiary,no,yes,no,cellular,4,jun,323,1,80,14,other,1,positive,,
32,management,married,tertiary,no,no,no,cellular,4,jun,160,1,119,2,other,1,positive,,
43,management,married,tertiary,no,no,no,cellular,4,jun,156,1,85,3,failure,1,positive,,
30,management,married,tertiary,no,yes,no,cellular,4,jun,194,1,-1,0,unknown,1,positive,,
38,technician,single,secondary,no,no,no,cellular,4,jun,96,2,98,1,success,1,positive,,
55,admin.,married,secondary,no,no,no,cellular,4,jun,94,2,-1,0,unknown,1,positive,,
25,admin.,single,secondary,no,no,no,cellular,4,jun,136,1,-1,0,unknown,1,positive,,
38,entrepreneur,divorced,secondary,no,yes,no,cellular,4,jun,81,2,391,3,failure,1,positive,,
41,management,divorced,tertiary,no,no,no,cellular,4,jun,102,2,297,3,failure,1,positive,,
31,services,married,secondary,no,no,no,cellular,4,jun,327,3,77,3,success,1,positive,,
35,blue-collar,married,secondary,no,no,yes,cellular,4,jun,147,1,119,3,failure,1,positive,,
31,unemployed,married,secondary,no,no,no,cellular,4,jun,121,4,-1,0,unknown,1,positive,,
25,services,single,secondary,no,no,no,cellular,4,jun,89,2,-1,0,unknown,1,positive,,
31,management,single,tertiary,no,no,no,cellular,4,jun,1161,1,97,2,success,1,positive,,
34,services,married,secondary,no,no,yes,cellular,4,jun,246,1,196,2,success,1,positive,,
27,student,single,secondary,no,no,no,cellular,4,jun,124,2,-1,0,unknown,1,positive,,
30,management,single,tertiary,no,no,no,cellular,4,jun,578,2,-1,0,unknown,1,positive,,
34,admin.,single,secondary,no,no,no,cellular,4,jun,282,3,126,3,failure,1,positive,,
40,admin.,single,secondary,no,yes,no,cellular,4,jun,592,3,50,8,failure,1,positive,,
57,technician,divorced,tertiary,no,no,no,telephone,4,jun,166,2,-1,0,unknown,1,positive,,
46,admin.,married,secondary,no,no,no,cellular,5,jun,174,2,80,1,success,1,positive,,
27,admin.,married,secondary,no,no,no,cellular,5,jun,397,1,-1,0,unknown,1,positive,,
28,management,single,secondary,no,no,no,cellular,5,jun,324,1,87,1,success,1,positive,,
28,management,single,secondary,no,no,no,cellular,5,jun,275,1,-1,0,unknown,1,positive,,
35,admin.,divorced,secondary,no,no,no,cellular,5,jun,199,1,86,7,success,1,positive,,
58,retired,married,primary,no,no,no,cellular,5,jun,255,1,-1,0,unknown,1,positive,,
57,management,married,tertiary,no,no,no,cellular,5,jun,232,1,-1,0,unknown,1,positive,,
44,technician,married,tertiary,no,no,no,cellular,5,jun,462,1,-1,0,unknown,1,positive,,
25,services,single,secondary,no,no,no,cellular,5,jun,255,2,-1,0,unknown,1,positive,,
57,retired,married,secondary,no,no,no,telephone,5,jun,302,1,-1,0,unknown,1,positive,,
25,self-employed,single,tertiary,no,yes,no,cellular,5,jun,149,1,94,1,success,1,positive,,
21,student,single,secondary,no,no,no,cellular,5,jun,191,1,-1,0,unknown,1,positive,,
49,technician,married,secondary,no,no,no,cellular,5,jun,1543,1,-1,0,unknown,1,positive,,
54,management,married,tertiary,no,no,no,cellular,5,jun,207,1,-1,0,unknown,1,positive,,
59,retired,married,primary,no,no,no,cellular,5,jun,493,2,-1,0,unknown,1,negative,,
28,management,single,tertiary,no,yes,no,cellular,5,jun,509,1,-1,0,unknown,1,positive,,
37,blue-collar,married,secondary,no,no,no,cellular,5,jun,657,1,-1,0,unknown,1,positive,,
55,housemaid,married,unknown,no,no,no,cellular,5,jun,365,3,57,2,other,1,positive,,
30,technician,single,tertiary,no,yes,no,cellular,5,jun,159,2,-1,0,unknown,1,negative,,
35,management,single,tertiary,no,no,no,cellular,5,jun,276,2,-1,0,unknown,1,positive,,
35,housemaid,single,primary,no,no,no,telephone,5,jun,522,3,-1,0,unknown,1,positive,,
31,management,single,tertiary,no,no,no,cellular,5,jun,207,2,98,1,success,1,positive,,
41,unemployed,single,primary,no,no,no,cellular,5,jun,577,3,-1,0,unknown,1,positive,,
55,management,divorced,tertiary,no,yes,no,cellular,5,jun,103,2,95,1,other,1,positive,,
30,unemployed,single,tertiary,no,no,no,telephone,5,jun,366,1,-1,0,unknown,1,positive,,
28,self-employed,single,tertiary,no,no,no,cellular,5,jun,201,2,-1,0,unknown,1,positive,,
31,blue-collar,married,secondary,no,no,yes,cellular,5,jun,166,2,-1,0,unknown,1,positive,,
31,unemployed,single,secondary,no,yes,no,cellular,5,jun,548,2,-1,0,unknown,1,positive,,
53,management,divorced,tertiary,no,no,yes,cellular,5,jun,438,2,-1,0,unknown,1,positive,,
57,management,married,tertiary,no,no,no,cellular,5,jun,304,2,91,1,success,1,positive,,
22,blue-collar,single,secondary,no,no,no,cellular,5,jun,126,2,91,1,success,1,positive,,
36,services,married,primary,no,yes,no,cellular,5,jun,244,7,-1,0,unknown,1,positive,,
33,technician,single,secondary,no,no,no,cellular,5,jun,157,2,-1,0,unknown,1,positive,,
37,unknown,single,tertiary,no,no,no,cellular,8,jun,257,2,97,1,success,1,negative,,
46,technician,married,secondary,no,no,yes,cellular,8,jun,148,2,101,1,success,1,positive,,
31,technician,single,tertiary,no,no,no,cellular,8,jun,107,3,-1,0,unknown,1,positive,,
49,admin.,married,tertiary,no,no,no,cellular,8,jun,138,3,-1,0,unknown,1,positive,,
51,self-employed,married,unknown,no,no,no,cellular,8,jun,458,6,-1,0,unknown,1,positive,,
34,technician,married,secondary,no,yes,no,cellular,8,jun,301,3,-1,0,unknown,1,positive,,
35,blue-collar,married,primary,no,no,no,cellular,8,jun,243,4,-1,0,unknown,1,positive,,
35,management,married,tertiary,no,no,no,cellular,8,jun,200,4,-1,0,unknown,1,positive,,
32,admin.,single,tertiary,no,no,no,cellular,9,jun,234,2,83,2,success,1,positive,,
50,unemployed,married,secondary,no,no,no,cellular,9,jun,239,4,-1,0,unknown,1,positive,,
36,entrepreneur,divorced,tertiary,no,no,no,cellular,9,jun,993,4,85,4,success,1,positive,,
31,management,single,tertiary,no,no,no,cellular,9,jun,529,2,-1,0,unknown,1,positive,,
41,management,married,tertiary,no,no,no,cellular,9,jun,183,2,294,2,failure,1,positive,,
25,technician,single,tertiary,no,no,no,telephone,9,jun,221,7,-1,0,unknown,1,positive,,
24,management,single,tertiary,no,no,no,cellular,12,jun,239,2,95,4,success,1,positive,,
42,services,married,tertiary,no,no,no,cellular,12,jun,186,2,-1,0,unknown,1,positive,,
25,services,single,tertiary,no,no,no,cellular,12,jun,126,6,-1,0,unknown,1,positive,,
60,management,married,secondary,no,no,no,cellular,12,jun,95,7,357,2,failure,1,positive,,
40,self-employed,single,tertiary,no,no,no,cellular,15,jun,491,2,207,1,other,1,positive,,
50,management,married,tertiary,no,no,no,cellular,15,jun,532,2,98,2,other,1,positive,,
34,technician,married,tertiary,no,yes,no,cellular,15,jun,441,1,56,1,other,1,positive,,
31,admin.,single,secondary,no,yes,no,cellular,15,jun,151,1,-1,0,unknown,1,positive,,
32,management,single,tertiary,no,yes,no,cellular,15,jun,95,1,-1,0,unknown,1,positive,,
60,admin.,married,secondary,no,no,no,telephone,15,jun,351,6,-1,0,unknown,1,positive,,
32,services,married,secondary,no,no,no,cellular,15,jun,372,1,-1,0,unknown,1,positive,,
52,entrepreneur,married,secondary,no,no,no,cellular,15,jun,288,1,-1,0,unknown,1,positive,,
34,blue-collar,divorced,unknown,no,no,no,cellular,15,jun,177,1,-1,0,unknown,1,positive,,
59,technician,married,secondary,no,no,no,cellular,15,jun,415,1,89,1,success,1,positive,,
56,retired,married,secondary,no,yes,no,cellular,15,jun,382,2,-1,0,unknown,1,negative,,
47,management,single,tertiary,no,no,no,cellular,15,jun,257,1,-1,0,unknown,1,positive,,
43,management,married,tertiary,no,no,no,cellular,15,jun,181,2,-1,0,unknown,1,positive,,
25,services,single,secondary,no,no,no,cellular,15,jun,284,1,-1,0,unknown,1,positive,,
35,self-employed,single,tertiary,no,no,no,cellular,15,jun,651,1,-1,0,unknown,1,positive,,
31,student,single,secondary,no,no,no,cellular,15,jun,220,1,207,1,other,1,positive,,
27,management,single,tertiary,no,no,no,cellular,15,jun,188,1,-1,0,unknown,1,positive,,
26,admin.,married,secondary,no,no,no,cellular,15,jun,155,1,105,1,failure,1,positive,,
37,admin.,single,tertiary,no,yes,no,cellular,15,jun,322,1,90,1,success,1,positive,,
27,admin.,single,tertiary,no,no,no,cellular,15,jun,89,2,-1,0,unknown,1,positive,,
49,management,married,tertiary,no,no,no,cellular,15,jun,173,1,-1,0,unknown,1,positive,,
26,management,single,tertiary,no,no,no,cellular,15,jun,129,1,-1,0,unknown,1,positive,,
37,technician,married,unknown,no,no,no,cellular,16,jun,162,2,-1,0,unknown,1,positive,,
28,management,single,tertiary,no,no,no,cellular,16,jun,136,2,-1,0,unknown,1,positive,,
33,blue-collar,married,secondary,no,yes,yes,cellular,16,jun,263,2,-1,0,unknown,1,positive,,
31,technician,married,unknown,no,no,no,cellular,16,jun,245,2,-1,0,unknown,1,positive,,
28,admin.,single,secondary,no,no,no,cellular,16,jun,355,1,-1,0,unknown,1,positive,,
32,services,married,secondary,no,yes,yes,cellular,16,jun,162,3,-1,0,unknown,1,positive,,
27,services,single,secondary,no,no,no,cellular,17,jun,453,2,-1,0,unknown,1,positive,,
59,admin.,married,secondary,no,no,no,cellular,17,jun,243,3,91,6,success,1,positive,,
30,management,single,tertiary,no,no,no,cellular,18,jun,393,2,-1,0,unknown,1,positive,,
30,technician,single,secondary,no,no,no,cellular,18,jun,813,4,-1,0,unknown,1,positive,,
34,management,married,tertiary,no,no,no,cellular,18,jun,235,3,-1,0,unknown,1,positive,,
38,self-employed,single,tertiary,no,no,no,telephone,18,jun,1603,10,-1,0,unknown,1,positive,,
58,retired,married,primary,no,no,no,cellular,18,jun,259,2,-1,0,unknown,1,positive,,
34,management,married,tertiary,no,yes,yes,cellular,18,jun,270,2,314,2,failure,1,positive,,
26,services,single,secondary,no,no,no,telephone,18,jun,280,6,92,5,other,1,positive,,
59,retired,married,primary,no,no,no,telephone,19,jun,1321,3,-1,0,unknown,1,positive,,
49,management,single,tertiary,no,no,no,telephone,19,jun,293,5,211,2,failure,1,positive,,
28,self-employed,single,tertiary,no,no,no,cellular,19,jun,474,3,95,3,other,1,positive,,
57,management,married,tertiary,no,no,no,cellular,22,jun,295,3,-1,0,unknown,1,positive,,
83,retired,married,primary,no,no,no,telephone,22,jun,883,1,140,1,failure,1,positive,,
61,management,married,tertiary,no,no,no,cellular,22,jun,269,1,104,1,success,1,positive,,
64,retired,married,secondary,no,yes,no,cellular,22,jun,983,1,-1,0,unknown,1,positive,,
37,admin.,married,secondary,no,yes,yes,cellular,22,jun,459,1,109,3,failure,1,positive,,
68,retired,married,secondary,no,no,no,cellular,22,jun,586,1,-1,0,unknown,1,negative,,
58,admin.,married,secondary,no,yes,no,cellular,23,jun,790,4,141,1,other,1,positive,,
71,retired,married,tertiary,no,no,no,cellular,30,jun,128,1,-1,0,unknown,1,positive,,
54,management,married,tertiary,no,no,no,cellular,30,jun,157,1,-1,0,unknown,1,positive,,
37,management,married,tertiary,no,no,no,cellular,30,jun,224,1,-1,0,unknown,1,positive,,
22,student,single,unknown,no,no,no,cellular,30,jun,377,1,-1,0,unknown,1,positive,,
44,management,married,tertiary,no,no,no,cellular,1,jul,571,2,-1,0,unknown,1,positive,,
37,entrepreneur,married,tertiary,no,no,yes,cellular,1,jul,140,3,-1,0,unknown,1,positive,,
72,self-employed,married,tertiary,no,no,no,cellular,1,jul,260,2,65,1,success,1,positive,,
78,retired,divorced,primary,no,no,no,telephone,1,jul,372,1,-1,0,unknown,1,positive,,
26,services,single,tertiary,no,no,yes,telephone,1,jul,261,4,-1,0,unknown,1,negative,,
69,retired,divorced,primary,no,no,no,cellular,2,jul,260,2,-1,0,unknown,1,positive,,
41,blue-collar,married,secondary,no,no,no,cellular,2,jul,342,2,-1,0,unknown,1,positive,,
44,blue-collar,married,secondary,no,yes,no,cellular,2,jul,275,1,-1,0,unknown,1,positive,,
32,services,single,secondary,no,no,no,cellular,2,jul,356,1,-1,0,unknown,1,positive,,
79,retired,married,secondary,no,no,no,telephone,2,jul,363,1,-1,0,unknown,1,positive,,
33,technician,married,secondary,no,yes,no,cellular,2,jul,218,1,-1,0,unknown,1,positive,,
45,management,married,tertiary,no,no,no,cellular,2,jul,367,1,-1,0,unknown,1,positive,,
40,management,married,tertiary,no,yes,no,cellular,2,jul,566,1,395,2,success,1,positive,,
30,management,single,tertiary,no,no,no,cellular,2,jul,309,1,-1,0,unknown,1,positive,,
42,entrepreneur,married,secondary,no,yes,no,telephone,2,jul,711,1,342,1,failure,1,positive,,
30,technician,single,secondary,no,no,no,cellular,2,jul,396,1,-1,0,unknown,1,positive,,
28,management,single,tertiary,no,yes,no,cellular,2,jul,940,1,399,3,success,1,positive,,
58,housemaid,divorced,secondary,no,no,no,cellular,2,jul,478,2,-1,0,unknown,1,negative,,
28,management,single,tertiary,no,no,no,cellular,2,jul,276,2,-1,0,unknown,1,positive,,
39,admin.,divorced,secondary,no,yes,no,cellular,2,jul,503,2,147,5,success,1,positive,,
31,blue-collar,married,secondary,no,yes,no,cellular,2,jul,135,2,49,3,failure,1,positive,,
45,admin.,married,unknown,no,no,no,cellular,2,jul,272,1,-1,0,unknown,1,positive,,
56,blue-collar,married,primary,no,no,no,telephone,2,jul,176,1,-1,0,unknown,1,positive,,
46,management,divorced,tertiary,no,no,no,cellular,3,jul,247,2,-1,0,unknown,1,positive,,
56,retired,married,secondary,no,no,no,telephone,3,jul,353,2,-1,0,unknown,1,positive,,
27,services,single,secondary,no,no,no,cellular,3,jul,203,1,-1,0,unknown,1,positive,,
30,unemployed,married,tertiary,no,no,no,cellular,3,jul,264,1,80,1,success,1,positive,,
26,self-employed,single,tertiary,no,no,no,cellular,3,jul,446,1,-1,0,unknown,1,positive,,
35,unemployed,single,primary,no,no,no,cellular,3,jul,175,1,-1,0,unknown,1,positive,,
52,blue-collar,married,primary,no,no,no,cellular,3,jul,1007,6,-1,0,unknown,1,positive,,
54,admin.,married,secondary,no,no,no,cellular,3,jul,409,2,-1,0,unknown,1,positive,,
25,admin.,single,secondary,no,no,no,cellular,3,jul,658,3,-1,0,unknown,1,positive,,
41,entrepreneur,married,primary,no,no,no,cellular,3,jul,438,2,389,1,other,1,negative,,
24,management,single,tertiary,no,no,no,cellular,3,jul,257,1,-1,0,unknown,1,positive,,
35,services,single,tertiary,no,no,no,cellular,3,jul,704,1,-1,0,unknown,1,negative,,
28,blue-collar,single,secondary,no,no,no,cellular,3,jul,308,2,-1,0,unknown,1,positive,,
62,management,married,tertiary,no,no,no,cellular,6,jul,270,3,-1,0,unknown,1,positive,,
52,technician,married,secondary,no,no,no,cellular,6,jul,227,2,-1,0,unknown,1,positive,,
23,services,single,secondary,no,no,no,cellular,6,jul,316,4,-1,0,unknown,1,positive,,
82,retired,married,primary,no,no,no,cellular,7,jul,429,1,-1,0,unknown,1,positive,,
63,retired,married,secondary,no,no,no,cellular,7,jul,371,1,-1,0,unknown,1,positive,,
32,admin.,married,secondary,no,yes,yes,cellular,7,jul,297,1,-1,0,unknown,1,positive,,
31,management,married,tertiary,no,no,no,cellular,7,jul,284,1,-1,0,unknown,1,positive,,
48,management,married,secondary,no,no,no,cellular,7,jul,407,1,385,1,success,1,positive,,
37,services,married,secondary,no,no,no,cellular,7,jul,682,2,386,1,success,1,positive,,
40,technician,single,tertiary,no,no,no,cellular,7,jul,180,2,-1,0,unknown,1,positive,,
66,retired,married,secondary,no,no,no,cellular,7,jul,376,1,-1,0,unknown,1,positive,,
37,management,married,tertiary,no,no,no,cellular,7,jul,224,1,-1,0,unknown,1,positive,,
38,unemployed,married,primary,no,yes,no,cellular,7,jul,370,1,412,1,failure,1,positive,,
27,student,single,secondary,no,no,no,cellular,7,jul,495,2,-1,0,unknown,1,positive,,
58,retired,married,primary,no,no,no,telephone,7,jul,876,1,-1,0,unknown,1,positive,,
49,housemaid,married,primary,no,no,no,telephone,7,jul,388,1,-1,0,unknown,1,positive,,
51,technician,married,secondary,no,no,no,telephone,7,jul,257,1,-1,0,unknown,1,positive,,
31,management,single,secondary,no,yes,no,cellular,8,jul,167,1,62,1,failure,1,positive,,
31,management,single,tertiary,no,no,no,cellular,8,jul,361,1,229,2,failure,1,positive,,
38,student,married,unknown,no,no,no,cellular,8,jul,341,1,385,1,failure,1,negative,,
79,retired,married,primary,no,no,no,telephone,8,jul,1006,2,-1,0,unknown,1,positive,,
71,retired,married,tertiary,no,no,no,cellular,8,jul,896,2,-1,0,unknown,1,positive,,
52,technician,married,tertiary,no,no,no,cellular,8,jul,340,1,156,1,other,1,positive,,
55,management,married,unknown,no,no,no,cellular,8,jul,349,1,-1,0,unknown,1,positive,,
46,blue-collar,married,secondary,no,yes,no,telephone,8,jul,576,1,-1,0,unknown,1,positive,,
28,management,single,tertiary,no,no,no,cellular,8,jul,315,2,-1,0,unknown,1,positive,,
24,blue-collar,single,secondary,no,no,no,cellular,8,jul,210,5,-1,0,unknown,1,positive,,
22,student,single,secondary,no,no,no,cellular,8,jul,153,1,-1,0,unknown,1,positive,,
49,management,single,tertiary,no,yes,no,cellular,8,jul,97,3,-1,0,unknown,1,positive,,
20,student,single,unknown,no,no,no,cellular,9,jul,253,2,-1,0,unknown,1,positive,,
19,student,single,primary,no,no,no,cellular,10,jul,104,2,-1,0,unknown,1,positive,,
34,blue-collar,single,primary,no,no,no,telephone,10,jul,336,4,-1,0,unknown,1,positive,,
73,management,married,tertiary,no,no,no,cellular,14,jul,169,2,-1,0,unknown,1,positive,,
27,management,single,tertiary,no,no,no,cellular,15,jul,323,2,163,2,other,1,positive,,
59,blue-collar,divorced,primary,no,no,no,cellular,20,jul,125,2,-1,0,unknown,1,positive,,
25,student,single,tertiary,no,no,no,cellular,24,jul,139,5,-1,0,unknown,1,positive,,
44,entrepreneur,single,unknown,no,no,no,cellular,28,jul,332,2,181,2,failure,1,positive,,
42,management,single,tertiary,no,no,no,cellular,28,jul,822,6,405,1,success,1,positive,,
28,management,single,tertiary,no,no,no,cellular,28,jul,486,5,-1,0,unknown,1,positive,,
46,admin.,divorced,secondary,no,no,no,cellular,28,jul,573,5,-1,0,unknown,1,positive,,
25,management,single,tertiary,no,no,no,cellular,4,aug,576,1,96,1,success,1,positive,,
28,management,married,tertiary,no,no,no,cellular,4,aug,849,1,-1,0,unknown,1,positive,,
61,retired,married,secondary,no,no,no,cellular,4,aug,219,1,-1,0,unknown,1,positive,,
52,admin.,married,secondary,no,yes,yes,cellular,4,aug,218,1,-1,0,unknown,1,positive,,
57,management,married,tertiary,no,no,no,cellular,4,aug,642,1,-1,0,unknown,1,positive,,
49,management,divorced,tertiary,no,no,no,cellular,4,aug,185,1,-1,0,unknown,1,positive,,
33,technician,married,tertiary,no,no,no,cellular,4,aug,600,1,-1,0,unknown,1,positive,,
47,technician,married,secondary,no,yes,no,cellular,4,aug,505,1,96,6,success,1,positive,,
68,retired,married,secondary,no,yes,no,cellular,4,aug,249,1,-1,0,unknown,1,positive,,
40,technician,single,tertiary,no,yes,no,cellular,4,aug,173,1,92,5,success,1,positive,,
46,management,married,tertiary,no,no,no,cellular,4,aug,120,2,96,1,success,1,positive,,
29,technician,single,secondary,no,no,no,cellular,5,aug,409,4,-1,0,unknown,1,positive,,
55,management,divorced,tertiary,no,no,no,cellular,5,aug,1019,2,63,2,success,1,positive,,
30,self-employed,married,tertiary,no,no,no,cellular,5,aug,475,2,93,4,success,1,positive,,
49,admin.,divorced,secondary,no,no,yes,cellular,5,aug,211,1,-1,0,unknown,1,positive,,
48,management,married,tertiary,no,no,no,cellular,5,aug,389,1,64,2,success,1,positive,,
21,student,single,secondary,no,no,no,cellular,5,aug,414,1,-1,0,unknown,1,positive,,
45,admin.,married,secondary,no,no,no,cellular,5,aug,277,1,-1,0,unknown,1,positive,,
43,management,married,tertiary,no,no,no,cellular,5,aug,254,1,-1,0,unknown,1,positive,,
47,management,single,tertiary,no,no,no,cellular,5,aug,253,1,97,4,success,1,positive,,
27,management,single,tertiary,no,no,no,cellular,5,aug,179,2,69,26,other,1,positive,,
20,student,married,unknown,no,no,no,cellular,5,aug,385,2,93,1,failure,1,positive,,
47,housemaid,married,secondary,no,yes,no,cellular,5,aug,226,3,97,2,failure,1,positive,,
37,unemployed,single,tertiary,no,no,no,cellular,5,aug,150,1,97,2,success,1,positive,,
36,management,married,tertiary,no,no,no,cellular,5,aug,157,3,97,2,success,1,positive,,
61,management,married,tertiary,no,no,no,telephone,5,aug,270,2,-1,0,unknown,1,positive,,
53,management,married,tertiary,no,no,no,cellular,6,aug,107,1,98,6,success,1,positive,,
61,retired,married,tertiary,no,yes,yes,cellular,6,aug,975,4,98,1,unknown,1,positive,,
57,services,single,secondary,no,no,no,cellular,6,aug,355,1,-1,0,unknown,1,negative,,
40,management,married,tertiary,no,no,no,cellular,6,aug,131,2,98,6,success,1,negative,,
53,admin.,divorced,secondary,no,yes,yes,cellular,6,aug,1452,1,98,2,failure,1,negative,,
73,retired,married,primary,no,no,no,telephone,6,aug,338,1,-1,0,unknown,1,positive,,
65,unknown,married,unknown,no,no,no,telephone,6,aug,256,1,-1,0,unknown,1,positive,,
67,retired,married,tertiary,no,no,no,cellular,6,aug,254,2,-1,0,unknown,1,positive,,
66,retired,married,tertiary,no,no,no,cellular,6,aug,550,1,-1,0,unknown,1,positive,,
67,management,married,tertiary,no,no,no,cellular,7,aug,345,2,-1,0,unknown,1,positive,,
57,retired,married,secondary,no,no,no,cellular,7,aug,342,1,-1,0,unknown,1,positive,,
38,admin.,married,tertiary,no,no,no,cellular,7,aug,206,2,-1,0,unknown,1,positive,,
47,admin.,married,unknown,no,no,no,cellular,7,aug,358,1,-1,0,unknown,1,positive,,
56,management,divorced,tertiary,no,no,no,cellular,7,aug,324,1,-1,0,unknown,1,positive,,
46,management,married,tertiary,no,no,yes,cellular,7,aug,79,1,394,2,failure,1,positive,,
32,student,married,secondary,no,no,no,cellular,7,aug,289,2,-1,0,unknown,1,positive,,
69,technician,married,secondary,no,no,no,cellular,7,aug,714,1,-1,0,unknown,1,positive,,
32,services,single,secondary,no,no,no,cellular,7,aug,255,1,-1,0,unknown,1,positive,,
72,retired,married,tertiary,no,no,no,cellular,7,aug,147,2,-1,0,unknown,1,positive,,
41,admin.,married,tertiary,no,no,no,cellular,7,aug,273,1,95,2,failure,1,positive,,
72,retired,married,primary,no,no,no,cellular,7,aug,530,2,-1,0,unknown,1,positive,,
33,unemployed,married,secondary,no,no,no,cellular,7,aug,456,1,-1,0,unknown,1,positive,,
37,admin.,married,secondary,no,no,no,cellular,7,aug,155,1,99,2,success,1,positive,,
26,management,single,tertiary,no,no,no,cellular,7,aug,325,1,-1,0,unknown,1,positive,,
77,retired,married,secondary,no,no,no,cellular,7,aug,453,1,-1,0,unknown,1,positive,,
34,management,married,tertiary,no,yes,no,cellular,7,aug,262,1,99,2,success,1,negative,,
44,admin.,single,secondary,no,no,no,cellular,7,aug,166,1,99,2,other,1,positive,,
42,services,single,secondary,no,yes,no,cellular,7,aug,215,1,99,1,failure,1,positive,,
58,unemployed,married,secondary,no,yes,no,cellular,7,aug,221,1,99,2,success,1,positive,,
34,technician,married,tertiary,no,no,no,cellular,7,aug,130,1,-1,0,unknown,1,positive,,
55,entrepreneur,divorced,secondary,no,yes,no,cellular,7,aug,353,2,-1,0,unknown,1,positive,,
71,retired,married,primary,no,no,no,cellular,7,aug,212,1,-1,0,unknown,1,positive,,
41,management,married,tertiary,no,no,no,cellular,7,aug,182,2,99,1,failure,1,positive,,
23,student,single,secondary,no,no,no,cellular,7,aug,217,1,99,7,success,1,negative,,
60,management,single,tertiary,no,yes,no,cellular,7,aug,231,3,-1,0,unknown,1,positive,,
18,student,single,unknown,no,no,no,cellular,10,aug,167,1,-1,0,unknown,1,positive,,
54,technician,married,secondary,no,no,no,cellular,10,aug,559,1,70,2,other,1,positive,,
42,technician,single,unknown,no,no,no,cellular,10,aug,187,1,102,1,success,1,positive,,
32,management,single,tertiary,no,no,no,cellular,10,aug,161,2,375,5,failure,1,positive,,
59,retired,divorced,tertiary,no,no,no,cellular,10,aug,252,1,185,2,success,1,positive,,
32,self-employed,single,tertiary,no,no,no,telephone,10,aug,235,1,102,2,failure,1,positive,,
61,self-employed,divorced,tertiary,no,no,no,cellular,10,aug,290,1,-1,0,unknown,1,positive,,
31,management,married,tertiary,no,no,no,cellular,10,aug,294,3,98,2,success,1,positive,,
30,management,single,tertiary,no,no,no,cellular,10,aug,179,3,102,2,success,1,positive,,
23,student,single,tertiary,no,no,no,cellular,10,aug,213,1,-1,0,unknown,1,negative,,
42,blue-collar,married,primary,no,yes,no,cellular,11,aug,265,1,103,3,success,1,positive,,
42,unemployed,married,unknown,no,no,no,cellular,11,aug,704,2,-1,0,unknown,1,positive,,
42,services,single,tertiary,no,yes,no,cellular,11,aug,176,2,90,4,failure,1,positive,,
70,housemaid,divorced,primary,no,no,no,cellular,11,aug,651,1,-1,0,unknown,1,positive,,
57,technician,married,secondary,no,yes,no,cellular,11,aug,167,1,190,5,failure,1,positive,,
60,retired,married,secondary,no,no,no,cellular,11,aug,408,1,-1,0,unknown,1,positive,,
53,blue-collar,divorced,primary,no,no,no,telephone,11,aug,254,1,-1,0,unknown,1,positive,,
48,unemployed,divorced,secondary,no,no,no,cellular,11,aug,140,1,-1,0,unknown,1,positive,,
30,management,single,tertiary,no,no,no,cellular,11,aug,229,2,99,4,success,1,positive,,
61,retired,married,tertiary,no,yes,no,cellular,11,aug,139,3,190,1,success,1,positive,,
39,management,single,tertiary,no,yes,no,cellular,11,aug,315,2,-1,0,unknown,1,positive,,
42,technician,married,secondary,no,yes,no,cellular,11,aug,149,1,78,5,failure,1,positive,,
26,admin.,single,secondary,no,no,no,cellular,11,aug,349,1,70,3,failure,1,positive,,
46,management,married,tertiary,no,yes,yes,cellular,11,aug,1244,1,-1,0,unknown,1,positive,,
40,admin.,single,secondary,no,yes,no,cellular,11,aug,221,1,461,1,success,1,positive,,
39,admin.,married,secondary,no,yes,no,cellular,11,aug,175,2,116,2,failure,1,positive,,
58,self-employed,married,primary,no,yes,no,cellular,11,aug,206,1,461,1,failure,1,positive,,
42,blue-collar,married,secondary,no,yes,no,cellular,11,aug,589,2,-1,0,unknown,1,positive,,
60,blue-collar,married,primary,no,no,no,cellular,12,aug,429,2,-1,0,unknown,1,positive,,
32,management,single,tertiary,no,no,no,cellular,12,aug,623,2,191,2,success,1,positive,,
44,self-employed,divorced,tertiary,no,yes,no,cellular,12,aug,137,2,104,3,success,1,positive,,
31,services,single,secondary,no,no,no,cellular,12,aug,182,1,104,1,success,1,positive,,
32,technician,married,secondary,no,yes,no,cellular,12,aug,668,2,463,1,success,1,positive,,
21,student,single,secondary,no,no,no,telephone,12,aug,449,1,-1,0,unknown,1,positive,,
35,self-employed,single,tertiary,no,no,no,cellular,12,aug,582,1,-1,0,unknown,1,positive,,
50,technician,divorced,unknown,no,no,no,cellular,12,aug,1336,2,-1,0,unknown,1,positive,,
36,management,single,tertiary,no,yes,no,cellular,12,aug,239,2,100,4,failure,1,positive,,
75,retired,married,primary,no,no,no,cellular,12,aug,641,1,-1,0,unknown,1,positive,,
20,student,single,primary,no,no,no,cellular,12,aug,178,2,-1,0,unknown,1,positive,,
36,admin.,married,tertiary,no,no,no,cellular,12,aug,576,1,-1,0,unknown,1,positive,,
57,admin.,single,secondary,no,no,no,cellular,12,aug,1064,1,-1,0,unknown,1,positive,,
41,management,married,tertiary,no,no,no,cellular,12,aug,147,2,104,1,failure,1,positive,,
59,technician,married,secondary,no,no,no,cellular,12,aug,398,4,422,3,failure,1,positive,,
36,management,married,tertiary,no,yes,no,cellular,12,aug,307,1,-1,0,unknown,1,positive,,
61,management,single,tertiary,no,no,no,cellular,12,aug,131,1,114,3,failure,1,positive,,
18,student,single,primary,no,no,no,cellular,12,aug,267,1,-1,0,unknown,1,positive,,
51,retired,divorced,secondary,no,no,no,cellular,12,aug,417,1,365,9,other,1,positive,,
34,management,single,tertiary,no,yes,no,cellular,12,aug,810,3,93,6,failure,1,positive,,
55,management,married,primary,no,no,no,cellular,12,aug,306,1,457,3,failure,1,positive,,
58,services,divorced,secondary,no,no,no,cellular,12,aug,332,1,-1,0,unknown,1,positive,,
33,blue-collar,single,secondary,no,no,no,cellular,12,aug,338,2,104,1,success,1,positive,,
43,technician,married,tertiary,no,no,no,cellular,12,aug,188,3,100,5,success,1,positive,,
34,services,married,secondary,no,no,no,cellular,12,aug,255,2,104,1,success,1,positive,,
35,services,married,unknown,no,no,no,cellular,12,aug,293,1,104,1,success,1,positive,,
43,technician,single,secondary,no,no,no,cellular,12,aug,289,2,-1,0,unknown,1,positive,,
74,retired,married,primary,no,no,no,telephone,13,aug,562,2,-1,0,unknown,1,negative,,
45,unemployed,divorced,primary,yes,no,no,cellular,13,aug,489,5,-1,0,unknown,1,positive,,
38,blue-collar,married,secondary,no,yes,no,cellular,13,aug,784,3,94,10,failure,1,positive,,
77,retired,married,tertiary,no,no,no,cellular,13,aug,425,2,-1,0,unknown,1,positive,,
32,management,single,tertiary,no,no,no,cellular,13,aug,414,1,-1,0,unknown,1,positive,,
29,admin.,single,tertiary,no,yes,no,cellular,13,aug,148,2,-1,0,unknown,1,positive,,
31,admin.,married,secondary,no,no,no,cellular,13,aug,315,2,105,1,success,1,positive,,
36,technician,married,tertiary,no,no,no,cellular,13,aug,282,1,-1,0,unknown,1,positive,,
50,services,married,secondary,no,no,no,cellular,13,aug,399,1,430,1,failure,1,positive,,
44,technician,divorced,secondary,no,no,no,cellular,13,aug,234,1,-1,0,unknown,1,positive,,
60,retired,married,secondary,no,no,no,cellular,13,aug,192,3,-1,0,unknown,1,positive,,
23,student,single,secondary,no,no,no,cellular,13,aug,496,2,-1,0,unknown,1,positive,,
56,management,married,tertiary,no,no,no,cellular,13,aug,293,2,105,2,success,1,positive,,
76,retired,married,primary,no,no,no,cellular,13,aug,227,2,192,1,failure,1,positive,,
33,services,married,secondary,no,yes,yes,cellular,13,aug,477,2,-1,0,unknown,1,positive,,
28,technician,single,secondary,no,no,no,cellular,13,aug,204,3,105,1,failure,1,positive,,
34,management,single,tertiary,no,no,no,cellular,13,aug,738,1,-1,0,unknown,1,positive,,
56,retired,married,primary,no,no,no,cellular,13,aug,320,2,101,2,success,1,positive,,
45,management,single,tertiary,no,yes,no,cellular,13,aug,393,2,462,1,success,1,positive,,
36,technician,single,secondary,no,no,no,cellular,13,aug,479,1,-1,0,unknown,1,positive,,
57,retired,single,tertiary,no,no,no,cellular,13,aug,284,3,-1,0,unknown,1,positive,,
49,technician,married,tertiary,no,no,no,cellular,13,aug,354,3,-1,0,unknown,1,positive,,
49,management,married,tertiary,no,no,no,telephone,13,aug,640,2,101,4,success,1,positive,,
37,services,married,secondary,no,no,no,cellular,14,aug,150,2,-1,0,unknown,1,positive,,
37,management,married,tertiary,no,no,no,cellular,14,aug,156,2,-1,0,unknown,1,positive,,
35,management,single,tertiary,no,no,no,cellular,14,aug,172,4,-1,0,unknown,1,positive,,
46,unemployed,single,tertiary,no,no,no,cellular,14,aug,225,1,-1,0,unknown,1,positive,,
26,admin.,single,secondary,no,no,no,cellular,14,aug,209,2,106,2,success,1,positive,,
47,unemployed,married,secondary,no,no,no,cellular,14,aug,436,1,403,5,success,1,positive,,
36,management,married,primary,no,no,no,cellular,14,aug,326,3,-1,0,unknown,1,positive,,
36,blue-collar,divorced,secondary,no,no,no,cellular,14,aug,186,1,-1,0,unknown,1,positive,,
37,student,single,unknown,no,no,no,cellular,14,aug,137,1,102,5,success,1,positive,,
62,management,married,tertiary,no,no,no,cellular,14,aug,185,1,-1,0,unknown,1,positive,,
26,blue-collar,single,secondary,no,no,no,cellular,14,aug,125,1,-1,0,unknown,1,positive,,
45,management,married,tertiary,no,no,no,cellular,14,aug,94,4,-1,0,unknown,1,positive,,
33,management,married,tertiary,no,yes,no,cellular,14,aug,801,2,-1,0,unknown,1,positive,,
63,technician,married,secondary,no,yes,no,cellular,14,aug,276,2,-1,0,unknown,1,positive,,
23,blue-collar,married,secondary,no,no,no,cellular,14,aug,100,2,-1,0,unknown,1,positive,,
25,management,single,tertiary,no,no,no,cellular,14,aug,201,1,-1,0,unknown,1,positive,,
60,retired,married,unknown,no,no,no,cellular,14,aug,391,3,106,1,failure,1,positive,,
44,management,married,tertiary,no,yes,no,cellular,14,aug,190,3,270,3,failure,1,positive,,
33,unemployed,single,tertiary,no,no,no,cellular,14,aug,498,2,191,1,failure,1,positive,,
39,entrepreneur,married,tertiary,no,yes,no,cellular,14,aug,880,3,267,1,other,1,positive,,
46,blue-collar,married,unknown,no,yes,no,cellular,14,aug,260,3,457,1,other,1,positive,,
25,student,single,secondary,no,no,no,cellular,14,aug,211,3,-1,0,unknown,1,positive,,
42,admin.,married,primary,no,yes,no,cellular,17,aug,308,1,459,1,success,1,negative,,
56,management,married,unknown,no,no,no,cellular,17,aug,348,1,-1,0,unknown,1,positive,,
82,retired,married,secondary,no,no,no,telephone,17,aug,199,1,-1,0,unknown,1,positive,,
77,retired,married,tertiary,no,no,no,cellular,17,aug,286,1,-1,0,unknown,1,negative,,
36,services,single,tertiary,no,no,no,cellular,17,aug,220,1,-1,0,unknown,1,positive,,
35,management,single,tertiary,no,no,no,cellular,17,aug,343,2,397,1,failure,1,positive,,
50,technician,married,secondary,no,yes,no,cellular,17,aug,711,1,-1,0,unknown,1,positive,,
62,retired,married,secondary,no,no,no,cellular,17,aug,606,1,196,1,success,1,positive,,
26,management,single,tertiary,no,yes,no,cellular,17,aug,156,1,199,1,failure,1,positive,,
24,technician,married,secondary,no,yes,no,cellular,18,aug,460,2,-1,0,unknown,1,positive,,
55,management,married,tertiary,no,no,no,telephone,18,aug,205,1,-1,0,unknown,1,positive,,
22,student,single,secondary,no,no,no,telephone,18,aug,215,1,197,2,failure,1,positive,,
30,student,single,secondary,no,no,no,cellular,18,aug,161,1,173,1,failure,1,positive,,
55,technician,divorced,tertiary,no,no,no,cellular,18,aug,237,1,-1,0,unknown,1,negative,,
34,housemaid,married,tertiary,no,no,no,cellular,18,aug,148,1,84,2,failure,1,negative,,
31,management,married,tertiary,no,yes,no,cellular,18,aug,216,1,-1,0,unknown,1,positive,,
55,technician,married,secondary,no,no,yes,cellular,18,aug,193,1,386,3,success,1,positive,,
34,management,single,tertiary,no,no,no,cellular,18,aug,370,2,-1,0,unknown,1,positive,,
49,technician,single,secondary,no,yes,no,cellular,18,aug,532,1,461,5,failure,1,positive,,
67,retired,divorced,tertiary,no,no,no,cellular,18,aug,441,1,-1,0,unknown,1,positive,,
43,admin.,married,secondary,no,no,no,cellular,19,aug,574,1,84,3,success,1,positive,,
26,management,single,tertiary,no,no,no,cellular,19,aug,238,4,-1,0,unknown,1,positive,,
35,technician,single,tertiary,no,yes,no,cellular,19,aug,768,2,141,3,failure,1,positive,,
25,technician,single,tertiary,no,no,no,cellular,19,aug,225,2,-1,0,unknown,1,positive,,
59,retired,divorced,secondary,no,no,no,cellular,19,aug,335,1,-1,0,unknown,1,positive,,
44,admin.,married,secondary,no,no,no,cellular,19,aug,240,2,271,1,other,1,positive,,
42,management,married,tertiary,no,no,no,cellular,19,aug,164,1,-1,0,unknown,1,positive,,
29,management,single,tertiary,no,no,no,cellular,19,aug,634,1,-1,0,unknown,1,positive,,
32,management,married,tertiary,no,no,no,cellular,19,aug,232,3,-1,0,unknown,1,positive,,
30,management,single,tertiary,no,no,no,cellular,19,aug,145,1,84,2,success,1,positive,,
38,technician,married,secondary,no,no,no,cellular,19,aug,195,1,197,4,other,1,positive,,
22,student,single,tertiary,no,no,no,cellular,19,aug,338,1,-1,0,unknown,1,positive,,
28,student,single,secondary,no,no,no,cellular,20,aug,329,3,199,2,other,1,positive,,
25,entrepreneur,single,tertiary,no,no,no,cellular,20,aug,267,1,-1,0,unknown,1,positive,,
34,self-employed,single,tertiary,no,no,no,cellular,20,aug,474,1,-1,0,unknown,1,positive,,
59,management,married,tertiary,no,no,no,cellular,20,aug,377,6,90,1,success,1,positive,,
27,technician,single,tertiary,no,no,no,cellular,20,aug,217,1,87,6,failure,1,positive,,
62,self-employed,divorced,secondary,no,yes,no,cellular,20,aug,158,1,-1,0,unknown,1,negative,,
35,management,single,tertiary,no,no,no,cellular,20,aug,195,1,-1,0,unknown,1,positive,,
45,housemaid,married,secondary,no,no,no,cellular,20,aug,184,1,-1,0,unknown,1,positive,,
46,admin.,married,secondary,no,no,no,cellular,20,aug,293,1,90,4,other,1,positive,,
34,admin.,married,secondary,no,yes,no,cellular,20,aug,63,2,85,1,success,1,positive,,
34,technician,married,tertiary,no,no,no,cellular,20,aug,78,3,-1,0,unknown,1,positive,,
42,management,married,primary,no,yes,no,cellular,20,aug,273,1,90,3,success,1,positive,,
20,student,single,secondary,no,no,no,cellular,21,aug,228,4,183,1,other,1,positive,,
60,admin.,married,secondary,no,no,no,cellular,21,aug,216,3,91,1,success,1,positive,,
47,management,married,tertiary,no,no,yes,cellular,21,aug,374,1,-1,0,unknown,1,negative,,
52,admin.,divorced,secondary,no,yes,no,cellular,21,aug,168,1,462,1,success,1,positive,,
61,admin.,married,secondary,no,yes,no,cellular,21,aug,158,1,-1,0,unknown,1,positive,,
25,student,single,secondary,no,no,no,cellular,21,aug,273,1,86,1,other,1,positive,,
65,retired,married,secondary,no,no,yes,cellular,21,aug,276,1,-1,0,unknown,1,positive,,
50,technician,married,secondary,no,no,no,cellular,21,aug,531,2,80,2,success,1,positive,,
22,student,single,secondary,no,no,no,cellular,21,aug,116,1,-1,0,unknown,1,positive,,
43,admin.,single,secondary,no,yes,no,cellular,21,aug,126,1,88,4,success,1,positive,,
59,management,married,tertiary,no,no,no,cellular,21,aug,252,1,-1,0,unknown,1,positive,,
53,retired,divorced,tertiary,no,yes,no,cellular,21,aug,343,2,428,2,success,1,negative,,
38,technician,married,secondary,no,no,no,cellular,21,aug,252,4,-1,0,unknown,1,positive,,
71,retired,divorced,secondary,no,no,no,cellular,21,aug,534,3,-1,0,unknown,1,positive,,
28,blue-collar,married,secondary,no,yes,no,cellular,21,aug,744,1,109,3,success,1,positive,,
59,unemployed,married,secondary,no,no,no,cellular,21,aug,438,1,184,3,success,1,positive,,
29,management,single,tertiary,no,no,no,cellular,24,aug,130,2,94,1,success,1,positive,,
51,technician,married,secondary,no,no,no,cellular,24,aug,467,2,88,4,other,1,positive,,
48,housemaid,married,tertiary,no,no,no,cellular,24,aug,232,2,-1,0,unknown,1,positive,,
37,blue-collar,married,primary,no,yes,no,cellular,25,aug,511,1,392,13,failure,1,positive,,
37,technician,married,tertiary,no,yes,no,cellular,25,aug,192,1,193,1,success,1,positive,,
18,student,single,unknown,no,no,no,cellular,25,aug,130,2,-1,0,unknown,1,positive,,
64,retired,married,tertiary,no,no,no,cellular,25,aug,479,1,-1,0,unknown,1,positive,,
69,retired,married,secondary,no,no,no,cellular,25,aug,412,2,-1,0,unknown,1,negative,,
36,management,married,tertiary,no,no,no,cellular,25,aug,242,6,95,4,success,1,positive,,
43,services,married,secondary,no,no,no,cellular,25,aug,291,2,95,4,success,1,positive,,
63,housemaid,married,primary,no,no,no,telephone,26,aug,128,3,-1,0,unknown,1,positive,,
70,retired,married,secondary,no,no,no,telephone,26,aug,314,1,-1,0,unknown,1,positive,,
60,technician,single,primary,no,no,no,cellular,26,aug,323,1,-1,0,unknown,1,positive,,
86,retired,divorced,primary,no,no,no,telephone,26,aug,189,1,-1,0,unknown,1,negative,,
64,retired,married,unknown,no,no,no,cellular,26,aug,244,2,-1,0,unknown,1,positive,,
72,retired,married,secondary,no,no,no,cellular,26,aug,186,1,-1,0,unknown,1,positive,,
42,management,married,tertiary,no,no,no,cellular,26,aug,513,1,-1,0,unknown,1,positive,,
60,retired,married,tertiary,no,no,no,cellular,26,aug,624,1,-1,0,unknown,1,positive,,
43,management,single,tertiary,no,yes,no,cellular,26,aug,257,1,474,3,failure,1,positive,,
25,student,single,secondary,no,no,no,telephone,26,aug,170,4,-1,0,unknown,1,positive,,
57,management,divorced,unknown,no,no,no,cellular,27,aug,700,4,92,1,failure,1,positive,,
28,management,single,tertiary,no,yes,no,telephone,27,aug,157,2,119,1,other,1,positive,,
36,blue-collar,single,secondary,no,yes,no,cellular,27,aug,259,3,475,4,success,1,positive,,
66,retired,married,secondary,no,no,no,cellular,27,aug,212,1,-1,0,unknown,1,positive,,
33,technician,single,tertiary,no,no,no,cellular,27,aug,445,3,-1,0,unknown,1,positive,,
36,technician,single,secondary,no,yes,no,cellular,27,aug,398,2,477,1,failure,1,positive,,
29,technician,single,secondary,no,no,no,cellular,27,aug,81,1,94,1,success,1,positive,,
62,unemployed,married,secondary,no,no,no,cellular,28,aug,162,2,-1,0,unknown,1,positive,,
34,blue-collar,married,secondary,no,yes,no,cellular,28,aug,207,3,130,5,other,1,positive,,
29,unemployed,single,tertiary,no,no,no,cellular,28,aug,622,1,-1,0,unknown,1,positive,,
30,management,married,tertiary,no,yes,no,cellular,28,aug,173,1,164,4,other,1,positive,,
32,technician,married,tertiary,no,yes,no,cellular,28,aug,370,1,116,4,success,1,positive,,
39,blue-collar,single,primary,no,no,no,cellular,28,aug,261,1,-1,0,unknown,1,positive,,
55,admin.,divorced,secondary,no,no,no,cellular,28,aug,155,2,93,8,failure,1,positive,,
36,management,single,tertiary,no,no,no,cellular,28,aug,207,8,98,1,failure,1,positive,,
27,student,single,tertiary,no,no,no,cellular,31,aug,160,3,98,1,failure,1,positive,,
45,management,married,tertiary,no,yes,yes,telephone,31,aug,473,2,283,1,success,1,positive,,
55,management,married,unknown,no,yes,no,cellular,31,aug,186,3,101,2,success,1,positive,,
52,blue-collar,married,secondary,no,yes,no,cellular,31,aug,267,1,474,1,failure,1,positive,,
49,management,single,tertiary,no,no,no,cellular,31,aug,470,1,97,3,failure,1,positive,,
25,technician,single,tertiary,no,no,no,cellular,31,aug,271,2,-1,0,unknown,1,positive,,
30,blue-collar,married,primary,no,yes,no,cellular,31,aug,219,1,157,12,failure,1,positive,,
33,technician,single,secondary,no,yes,no,cellular,31,aug,268,8,-1,0,unknown,1,positive,,
39,management,married,tertiary,no,yes,no,cellular,1,sep,265,2,476,4,success,1,positive,,
48,management,divorced,tertiary,no,yes,no,cellular,1,sep,120,1,98,5,success,1,positive,,
36,management,married,tertiary,no,no,no,cellular,1,sep,212,1,-1,0,unknown,1,positive,,
27,admin.,married,secondary,no,no,no,cellular,1,sep,82,1,-1,0,unknown,1,positive,,
51,management,married,tertiary,no,no,no,cellular,1,sep,181,1,98,2,failure,1,positive,,
25,services,single,secondary,no,yes,no,cellular,1,sep,531,2,-1,0,unknown,1,positive,,
48,technician,married,secondary,no,yes,no,cellular,2,sep,378,2,386,1,success,1,positive,,
70,retired,married,secondary,no,no,no,cellular,2,sep,140,2,-1,0,unknown,1,positive,,
63,retired,married,secondary,no,no,no,cellular,2,sep,233,2,-1,0,unknown,1,positive,,
34,services,single,secondary,no,yes,no,cellular,2,sep,121,3,100,5,other,1,positive,,
46,admin.,married,tertiary,no,no,no,cellular,3,sep,260,1,94,8,success,1,positive,,
71,retired,married,tertiary,no,no,no,telephone,3,sep,471,1,189,1,success,1,positive,,
44,technician,single,tertiary,no,no,no,cellular,3,sep,444,1,99,1,failure,1,positive,,
31,self-employed,single,tertiary,no,no,no,cellular,3,sep,365,1,94,1,success,1,positive,,
32,admin.,married,secondary,no,no,no,cellular,3,sep,331,1,99,2,other,1,positive,,
40,unemployed,single,tertiary,no,no,no,cellular,3,sep,733,1,93,1,success,1,positive,,
62,management,married,tertiary,no,no,no,cellular,3,sep,299,1,-1,0,unknown,1,negative,,
30,admin.,single,secondary,no,no,no,cellular,4,sep,316,3,-1,0,unknown,1,negative,,
55,management,married,primary,no,no,no,cellular,4,sep,328,2,94,2,success,1,positive,,
60,retired,married,secondary,no,no,no,cellular,4,sep,520,1,-1,0,unknown,1,positive,,
57,management,divorced,tertiary,no,yes,no,cellular,4,sep,730,1,157,4,failure,1,positive,,
59,admin.,single,secondary,no,no,no,cellular,4,sep,879,1,-1,0,unknown,1,positive,,
31,technician,single,tertiary,no,no,no,cellular,4,sep,293,1,93,1,success,1,positive,,
26,technician,single,secondary,no,yes,no,cellular,4,sep,230,1,93,7,success,1,positive,,
73,retired,married,unknown,no,no,no,telephone,4,sep,770,3,-1,0,unknown,1,positive,,
30,admin.,single,secondary,no,no,no,cellular,4,sep,563,1,100,4,other,1,positive,,
35,management,single,tertiary,no,no,no,cellular,4,sep,434,2,94,1,other,1,positive,,
64,retired,married,tertiary,no,no,no,telephone,7,sep,569,4,-1,0,unknown,1,positive,,
36,technician,married,tertiary,no,no,no,cellular,7,sep,281,3,97,2,success,1,positive,,
55,admin.,married,secondary,no,no,no,cellular,7,sep,350,1,98,5,success,1,positive,,
63,retired,married,tertiary,no,no,no,cellular,7,sep,219,1,-1,0,unknown,1,positive,,
35,management,single,tertiary,no,no,no,cellular,7,sep,497,1,-1,0,unknown,1,positive,,
52,technician,married,secondary,no,yes,no,cellular,7,sep,211,1,294,1,failure,1,negative,,
34,management,single,tertiary,no,no,no,cellular,7,sep,587,1,-1,0,unknown,1,positive,,
36,services,married,secondary,no,yes,no,cellular,7,sep,351,1,95,6,success,1,positive,,
31,management,single,tertiary,no,no,no,cellular,7,sep,231,1,94,3,success,1,positive,,
45,management,single,tertiary,no,no,no,cellular,7,sep,800,2,102,3,failure,1,positive,,
47,retired,single,primary,no,no,no,cellular,8,sep,293,1,-1,0,unknown,1,positive,,
50,admin.,married,tertiary,no,no,no,cellular,8,sep,495,1,92,3,success,1,positive,,
70,retired,divorced,secondary,no,no,no,cellular,8,sep,206,1,-1,0,unknown,1,negative,,
43,blue-collar,married,secondary,no,no,no,cellular,8,sep,261,1,98,1,success,1,positive,,
18,student,single,unknown,no,no,no,cellular,8,sep,169,1,-1,0,unknown,1,positive,,
33,self-employed,married,secondary,no,no,no,cellular,8,sep,165,1,97,4,success,1,positive,,
24,technician,single,secondary,no,no,no,cellular,8,sep,445,2,-1,0,unknown,1,positive,,
25,admin.,single,secondary,no,no,no,cellular,8,sep,260,1,96,1,success,1,positive,,
26,management,single,tertiary,no,yes,no,cellular,8,sep,137,1,-1,0,unknown,1,positive,,
32,management,single,tertiary,no,no,no,cellular,8,sep,519,1,131,2,failure,1,positive,,
25,student,single,unknown,no,no,no,cellular,8,sep,140,1,-1,0,unknown,1,positive,,
39,technician,married,secondary,no,yes,no,cellular,8,sep,108,2,98,3,success,1,positive,,
58,management,married,tertiary,no,no,no,cellular,8,sep,400,2,95,1,success,1,positive,,
42,management,married,tertiary,no,no,no,telephone,8,sep,376,2,-1,0,unknown,1,positive,,
30,blue-collar,single,secondary,no,no,yes,telephone,8,sep,298,3,-1,0,unknown,1,positive,,
76,retired,divorced,primary,no,no,no,cellular,9,sep,475,5,-1,0,unknown,1,positive,,
79,retired,married,secondary,no,no,no,telephone,9,sep,276,1,79,3,failure,1,positive,,
70,retired,married,primary,no,no,no,cellular,9,sep,394,1,-1,0,unknown,1,positive,,
35,management,married,tertiary,no,no,no,cellular,9,sep,569,3,-1,0,unknown,1,positive,,
30,management,single,tertiary,no,no,no,cellular,9,sep,234,1,100,1,failure,1,positive,,
60,retired,married,secondary,no,no,no,cellular,9,sep,408,1,-1,0,unknown,1,negative,,
50,blue-collar,married,primary,no,no,no,telephone,9,sep,214,2,99,4,failure,1,positive,,
51,unemployed,married,secondary,no,no,no,cellular,9,sep,345,1,-1,0,unknown,1,positive,,
71,retired,married,tertiary,no,yes,no,cellular,9,sep,397,1,-1,0,unknown,1,positive,,
31,management,single,tertiary,no,no,no,cellular,9,sep,344,1,295,1,failure,1,positive,,
32,admin.,single,secondary,no,yes,no,cellular,9,sep,344,1,-1,0,unknown,1,positive,,
34,management,married,tertiary,no,no,no,cellular,9,sep,278,2,132,4,failure,1,positive,,
28,admin.,single,secondary,no,yes,yes,cellular,9,sep,259,2,98,4,success,1,positive,,
45,management,married,tertiary,no,no,no,cellular,10,sep,84,3,-1,0,unknown,1,positive,,
32,blue-collar,married,secondary,no,yes,no,cellular,10,sep,185,1,99,5,success,1,positive,,
53,entrepreneur,married,primary,no,yes,no,telephone,10,sep,230,3,-1,0,unknown,1,positive,,
38,unknown,single,tertiary,no,no,no,cellular,11,sep,260,3,95,3,success,1,negative,,
56,admin.,single,secondary,no,yes,no,cellular,11,sep,212,1,-1,0,unknown,1,positive,,
42,technician,married,secondary,no,no,no,cellular,11,sep,285,1,-1,0,unknown,1,positive,,
36,management,married,tertiary,no,no,no,cellular,11,sep,91,1,37,5,success,1,positive,,
47,technician,married,secondary,no,yes,no,unknown,11,sep,91,1,100,2,other,1,positive,,
73,retired,married,unknown,no,no,no,cellular,11,sep,210,1,-1,0,unknown,1,positive,,
46,blue-collar,married,secondary,no,yes,no,cellular,11,sep,108,2,129,2,failure,1,positive,,
32,management,single,tertiary,no,yes,no,cellular,11,sep,100,2,-1,0,unknown,1,positive,,
73,retired,married,tertiary,no,no,no,cellular,11,sep,106,2,-1,0,unknown,1,positive,,
28,blue-collar,single,secondary,no,no,no,telephone,11,sep,240,2,95,3,other,1,positive,,
46,management,married,tertiary,no,no,no,cellular,11,sep,658,4,95,2,other,1,positive,,
74,retired,married,primary,no,no,no,telephone,11,sep,290,2,-1,0,unknown,1,positive,,
71,retired,divorced,tertiary,yes,yes,no,cellular,14,sep,335,4,-1,0,unknown,1,positive,,
41,admin.,divorced,secondary,no,yes,yes,telephone,14,sep,185,2,-1,0,unknown,1,positive,,
73,retired,married,primary,no,no,no,cellular,14,sep,961,5,-1,0,unknown,1,positive,,
47,technician,divorced,secondary,no,no,no,cellular,15,sep,170,1,92,3,failure,1,positive,,
49,technician,divorced,tertiary,no,yes,no,telephone,15,sep,722,1,-1,0,unknown,1,positive,,
48,management,married,tertiary,no,no,no,cellular,15,sep,150,1,105,3,success,1,positive,,
46,management,married,tertiary,no,yes,no,cellular,15,sep,1962,1,105,3,failure,1,positive,,
40,admin.,married,secondary,no,no,no,cellular,15,sep,215,1,-1,0,unknown,1,positive,,
57,blue-collar,married,primary,no,no,no,cellular,15,sep,107,2,105,2,success,1,positive,,
50,housemaid,married,secondary,no,no,no,cellular,15,sep,173,2,99,4,failure,1,positive,,
34,blue-collar,married,secondary,no,no,no,cellular,15,sep,89,2,106,1,success,1,positive,,
56,services,married,secondary,no,no,no,cellular,15,sep,875,1,-1,0,unknown,1,positive,,
32,technician,single,tertiary,no,no,no,cellular,15,sep,126,2,134,1,other,1,positive,,
50,management,divorced,tertiary,no,no,no,cellular,15,sep,91,1,103,3,success,1,positive,,
54,unemployed,divorced,secondary,no,no,no,cellular,15,sep,106,1,105,3,success,1,positive,,
26,management,single,tertiary,no,no,no,cellular,15,sep,925,1,104,2,success,1,positive,,
40,technician,married,tertiary,no,no,no,cellular,16,sep,1702,3,105,2,success,1,positive,,
31,management,single,tertiary,no,no,no,cellular,16,sep,153,1,104,2,success,1,positive,,
29,management,single,tertiary,no,yes,no,cellular,16,sep,152,1,103,1,success,1,positive,,
52,housemaid,married,primary,no,no,no,cellular,16,sep,292,1,-1,0,unknown,1,positive,,
38,technician,married,secondary,no,no,no,cellular,16,sep,387,1,-1,0,unknown,1,positive,,
46,management,married,tertiary,no,no,no,cellular,17,sep,543,1,-1,0,unknown,1,positive,,
26,management,single,tertiary,no,no,no,cellular,18,sep,890,5,-1,0,unknown,1,positive,,
25,management,single,tertiary,no,no,no,cellular,18,sep,267,2,114,2,failure,1,positive,,
28,admin.,single,secondary,no,no,no,cellular,18,sep,115,3,-1,0,unknown,1,positive,,
70,retired,married,tertiary,no,no,no,cellular,18,sep,1104,2,88,2,other,1,positive,,
83,retired,married,primary,no,no,no,telephone,22,sep,773,1,92,2,success,1,positive,,
43,management,divorced,tertiary,no,no,no,cellular,22,sep,83,1,113,3,success,1,positive,,
45,blue-collar,married,secondary,no,no,no,cellular,22,sep,173,1,141,2,success,1,positive,,
37,admin.,single,tertiary,no,yes,no,cellular,22,sep,239,1,99,2,success,1,positive,,
71,retired,divorced,secondary,no,no,no,cellular,22,sep,369,1,-1,0,unknown,1,positive,,
27,management,single,tertiary,no,no,no,cellular,23,sep,299,1,100,1,success,1,positive,,
47,admin.,married,secondary,no,no,no,cellular,24,sep,261,1,-1,0,unknown,1,positive,,
42,management,divorced,tertiary,no,no,no,cellular,25,sep,692,1,-1,0,unknown,1,positive,,
77,retired,divorced,secondary,no,no,no,cellular,25,sep,210,1,-1,0,unknown,1,negative,,
61,management,married,tertiary,no,no,no,cellular,28,sep,299,2,-1,0,unknown,1,positive,,
28,student,single,tertiary,no,no,no,cellular,28,sep,294,2,105,7,other,1,negative,,
57,management,married,tertiary,no,no,no,cellular,28,sep,341,3,98,3,success,1,positive,,
34,management,married,tertiary,no,yes,no,telephone,29,sep,316,1,119,1,other,1,positive,,
50,technician,divorced,secondary,no,no,no,cellular,29,sep,159,1,120,2,failure,1,negative,,
40,blue-collar,married,secondary,no,no,no,cellular,30,sep,117,1,121,1,success,1,positive,,
38,technician,single,secondary,no,no,no,telephone,30,sep,234,1,-1,0,unknown,1,positive,,
84,entrepreneur,married,secondary,no,no,no,telephone,30,sep,992,2,-1,0,unknown,1,negative,,
35,management,married,tertiary,no,no,no,cellular,1,oct,305,2,121,1,success,1,positive,,
26,student,single,secondary,no,no,no,cellular,1,oct,194,1,119,1,success,1,positive,,
37,technician,married,unknown,no,no,no,cellular,1,oct,238,1,107,2,success,1,positive,,
47,management,married,tertiary,no,no,no,cellular,1,oct,101,1,-1,0,unknown,1,positive,,
37,management,single,tertiary,no,yes,no,cellular,1,oct,137,1,119,1,failure,1,positive,,
28,management,single,tertiary,no,no,no,cellular,1,oct,502,1,115,3,other,1,positive,,
54,management,married,tertiary,no,no,no,cellular,2,oct,194,2,94,1,success,1,positive,,
54,management,married,tertiary,no,no,no,cellular,2,oct,849,2,119,1,success,1,positive,,
61,retired,married,secondary,no,no,no,cellular,6,oct,215,1,-1,0,unknown,1,positive,,
30,technician,single,secondary,no,no,no,cellular,6,oct,144,1,-1,0,unknown,1,positive,,
60,retired,married,primary,no,no,no,cellular,6,oct,728,1,-1,0,unknown,1,positive,,
30,technician,single,tertiary,no,no,no,cellular,6,oct,384,2,-1,0,unknown,1,positive,,
57,management,divorced,unknown,no,no,no,cellular,6,oct,480,1,40,5,success,1,positive,,
44,management,married,unknown,no,no,no,cellular,6,oct,296,3,-1,0,unknown,1,positive,,
37,blue-collar,married,secondary,no,yes,no,cellular,7,oct,371,1,495,1,failure,1,positive,,
33,management,single,tertiary,no,no,no,cellular,7,oct,201,1,58,3,failure,1,positive,,
25,admin.,single,tertiary,no,no,no,cellular,7,oct,290,1,114,1,failure,1,positive,,
54,unknown,married,unknown,no,no,no,cellular,7,oct,335,1,-1,0,unknown,1,positive,,
24,blue-collar,single,secondary,no,yes,no,cellular,8,oct,147,1,92,5,other,1,positive,,
36,technician,married,tertiary,no,yes,no,cellular,8,oct,234,2,175,2,success,1,positive,,
42,management,married,unknown,no,yes,no,cellular,8,oct,667,1,321,1,other,1,positive,,
29,admin.,single,secondary,no,no,no,cellular,8,oct,137,1,-1,0,unknown,1,positive,,
58,retired,married,primary,no,no,no,telephone,8,oct,153,1,93,1,success,1,positive,,
33,management,single,tertiary,no,no,no,cellular,8,oct,611,2,183,1,success,1,positive,,
27,admin.,married,secondary,no,no,no,cellular,9,oct,266,3,184,1,success,1,positive,,
79,retired,divorced,primary,no,no,no,cellular,9,oct,1106,2,-1,0,unknown,1,positive,,
60,admin.,divorced,secondary,no,no,no,telephone,12,oct,261,1,187,1,success,1,positive,,
47,housemaid,married,secondary,no,no,no,cellular,12,oct,105,1,-1,0,unknown,1,positive,,
56,unemployed,married,secondary,no,no,no,cellular,12,oct,511,3,187,1,failure,1,positive,,
25,technician,single,secondary,no,no,yes,cellular,12,oct,138,1,-1,0,unknown,1,positive,,
21,student,single,secondary,no,no,no,cellular,12,oct,180,1,-1,0,unknown,1,positive,,
73,retired,divorced,secondary,no,yes,no,cellular,12,oct,146,1,-1,0,unknown,1,positive,,
67,management,divorced,tertiary,no,no,no,cellular,13,oct,411,2,-1,0,unknown,1,positive,,
51,entrepreneur,divorced,tertiary,no,no,no,cellular,13,oct,79,2,-1,0,unknown,1,positive,,
48,management,married,tertiary,no,yes,yes,cellular,13,oct,1226,2,-1,0,unknown,1,positive,,
39,technician,divorced,secondary,no,no,no,cellular,13,oct,242,1,48,2,failure,1,positive,,
35,management,single,tertiary,no,no,no,cellular,13,oct,221,1,182,1,success,1,positive,,
61,self-employed,divorced,tertiary,no,yes,no,cellular,13,oct,210,1,182,2,success,1,positive,,
62,retired,married,secondary,no,no,no,cellular,13,oct,896,1,57,2,success,1,positive,,
35,technician,single,tertiary,no,no,no,cellular,13,oct,301,2,-1,0,unknown,1,positive,,
36,admin.,divorced,secondary,no,no,no,cellular,13,oct,204,2,99,5,failure,1,positive,,
83,retired,single,primary,no,no,no,telephone,13,oct,1003,3,-1,0,unknown,1,positive,,
32,technician,married,tertiary,no,no,no,cellular,14,oct,216,1,57,1,failure,1,positive,,
23,student,single,secondary,no,no,no,cellular,14,oct,84,1,183,1,success,1,positive,,
50,management,married,primary,no,no,no,telephone,14,oct,958,1,-1,0,unknown,1,positive,,
66,housemaid,married,primary,no,no,no,telephone,14,oct,290,2,-1,0,unknown,1,positive,,
58,technician,married,primary,no,no,no,cellular,15,oct,441,5,246,5,failure,1,positive,,
30,management,single,tertiary,no,no,no,cellular,15,oct,244,1,105,1,success,1,positive,,
54,blue-collar,married,primary,no,no,no,telephone,15,oct,485,3,184,3,failure,1,positive,,
26,admin.,single,secondary,no,no,no,cellular,15,oct,457,2,-1,0,unknown,1,positive,,
62,housemaid,married,tertiary,no,no,no,cellular,15,oct,134,2,184,1,success,1,positive,,
43,services,married,primary,no,yes,no,telephone,15,oct,166,3,183,5,success,1,positive,,
40,unemployed,single,tertiary,no,no,no,cellular,15,oct,570,1,135,1,failure,1,positive,,
57,management,married,tertiary,no,no,no,cellular,16,oct,115,1,185,2,failure,1,positive,,
75,retired,married,secondary,no,no,no,telephone,16,oct,186,1,183,1,failure,1,positive,,
77,retired,married,tertiary,no,no,no,cellular,16,oct,847,1,60,1,success,1,negative,,
31,management,married,tertiary,no,no,no,cellular,16,oct,154,2,119,5,failure,1,positive,,
22,services,single,secondary,no,no,no,cellular,16,oct,258,1,-1,0,unknown,1,positive,,
50,management,married,tertiary,no,no,no,cellular,16,oct,170,1,183,1,success,1,positive,,
27,management,married,tertiary,no,no,no,cellular,16,oct,154,2,-1,0,unknown,1,positive,,
34,services,single,tertiary,no,no,no,cellular,16,oct,306,1,-1,0,unknown,1,positive,,
73,retired,married,unknown,no,no,no,telephone,16,oct,434,1,57,1,failure,1,positive,,
40,technician,married,secondary,no,no,no,cellular,16,oct,447,1,147,5,failure,1,positive,,
37,services,married,secondary,no,no,no,cellular,16,oct,156,1,-1,0,unknown,1,positive,,
44,technician,single,tertiary,no,no,no,cellular,16,oct,324,1,143,3,failure,1,positive,,
40,technician,married,secondary,no,no,no,cellular,16,oct,717,2,-1,0,unknown,1,positive,,
61,management,married,tertiary,no,no,no,cellular,16,oct,136,2,-1,0,unknown,1,negative,,
74,retired,divorced,secondary,no,no,no,cellular,19,oct,343,3,-1,0,unknown,1,positive,,
61,technician,divorced,secondary,no,no,no,cellular,19,oct,131,1,-1,0,unknown,1,positive,,
47,blue-collar,married,secondary,no,no,no,cellular,19,oct,98,1,-1,0,unknown,1,positive,,
47,services,single,unknown,no,no,no,cellular,19,oct,385,2,-1,0,unknown,1,positive,,
76,housemaid,divorced,primary,no,no,no,telephone,19,oct,233,2,187,3,success,1,positive,,
30,student,single,tertiary,no,no,no,cellular,19,oct,328,1,-1,0,unknown,1,positive,,
22,student,single,primary,no,no,no,cellular,20,oct,332,1,183,3,failure,1,positive,,
39,technician,married,tertiary,no,no,no,cellular,20,oct,148,2,195,2,success,1,positive,,
72,retired,married,primary,no,no,no,telephone,20,oct,513,1,-1,0,unknown,1,positive,,
77,retired,married,unknown,no,no,no,telephone,20,oct,373,1,-1,0,unknown,1,positive,,
36,technician,married,secondary,no,no,no,cellular,20,oct,213,1,-1,0,unknown,1,positive,,
65,retired,married,secondary,no,yes,no,cellular,20,oct,349,1,183,2,success,1,positive,,
54,technician,married,secondary,no,no,yes,cellular,20,oct,595,2,187,2,success,1,positive,,
46,admin.,single,secondary,no,yes,no,cellular,20,oct,427,1,-1,0,unknown,1,positive,,
28,management,single,tertiary,no,no,no,cellular,20,oct,676,2,146,2,failure,1,positive,,
61,management,married,tertiary,no,no,no,cellular,21,oct,192,3,184,1,success,1,positive,,
53,housemaid,married,primary,no,no,no,cellular,21,oct,828,1,189,1,failure,1,positive,,
38,blue-collar,divorced,secondary,no,yes,no,cellular,21,oct,576,1,183,4,success,1,negative,,
27,student,single,tertiary,no,no,no,cellular,21,oct,825,1,183,4,success,1,positive,,
55,unemployed,divorced,secondary,no,no,no,cellular,21,oct,467,2,184,1,success,1,positive,,
33,management,single,tertiary,no,no,no,cellular,21,oct,512,2,184,1,success,1,positive,,
87,retired,divorced,primary,no,no,no,telephone,21,oct,749,1,-1,0,unknown,1,positive,,
57,management,married,tertiary,no,no,no,cellular,21,oct,135,1,-1,0,unknown,1,positive,,
33,self-employed,single,tertiary,no,yes,no,cellular,21,oct,307,1,208,1,success,1,positive,,
51,technician,married,secondary,no,yes,yes,cellular,21,oct,287,1,-1,0,unknown,1,positive,,
76,retired,divorced,primary,no,no,no,cellular,21,oct,107,2,-1,0,unknown,1,positive,,
64,management,married,tertiary,no,no,no,cellular,21,oct,200,1,-1,0,unknown,1,positive,,
19,student,single,secondary,no,no,no,cellular,22,oct,252,2,-1,0,unknown,1,positive,,
33,admin.,married,tertiary,no,yes,no,cellular,22,oct,249,2,335,2,failure,1,positive,,
55,management,divorced,tertiary,no,no,no,cellular,22,oct,360,5,-1,0,unknown,1,negative,,
31,blue-collar,single,unknown,no,no,no,cellular,22,oct,257,1,128,3,other,1,positive,,
92,retired,married,unknown,no,no,no,cellular,22,oct,313,3,-1,0,unknown,1,positive,,
35,technician,married,secondary,no,no,no,cellular,22,oct,118,2,-1,0,unknown,1,positive,,
30,technician,single,tertiary,no,no,no,cellular,22,oct,127,3,149,2,failure,1,positive,,
68,retired,single,tertiary,no,no,no,cellular,22,oct,277,1,184,2,success,1,positive,,
42,admin.,divorced,secondary,no,no,yes,cellular,22,oct,181,1,185,1,success,1,positive,,
41,technician,single,tertiary,no,no,no,cellular,22,oct,133,1,107,2,success,1,positive,,
29,self-employed,married,secondary,no,no,yes,cellular,22,oct,247,1,184,3,success,1,positive,,
27,blue-collar,single,secondary,no,no,no,cellular,22,oct,504,1,183,2,success,1,positive,,
78,retired,married,unknown,no,no,no,telephone,22,oct,1002,4,-1,0,unknown,1,positive,,
82,retired,married,primary,no,no,no,cellular,22,oct,306,3,107,1,success,1,positive,,
29,technician,single,tertiary,no,no,no,cellular,22,oct,260,2,139,1,other,1,positive,,
78,retired,divorced,primary,no,no,no,telephone,22,oct,97,1,-1,0,unknown,1,positive,,
76,retired,married,tertiary,no,no,no,cellular,22,oct,344,1,183,1,success,1,positive,,
38,management,married,tertiary,no,no,no,cellular,23,oct,336,2,184,5,failure,1,positive,,
60,technician,married,secondary,no,no,no,cellular,23,oct,270,3,185,1,success,1,positive,,
33,services,divorced,secondary,no,yes,no,cellular,23,oct,130,1,161,1,failure,1,positive,,
43,blue-collar,married,secondary,no,no,no,cellular,23,oct,210,1,-1,0,unknown,1,positive,,
61,retired,married,secondary,no,no,no,cellular,23,oct,149,1,-1,0,unknown,1,positive,,
43,technician,single,unknown,no,no,no,cellular,23,oct,476,1,74,2,success,1,positive,,
73,retired,married,primary,no,no,no,cellular,23,oct,427,1,182,2,failure,1,positive,,
57,management,married,primary,no,no,no,cellular,23,oct,255,4,185,2,failure,1,positive,,
33,management,married,tertiary,no,no,no,cellular,23,oct,438,1,430,2,failure,1,positive,,
77,management,married,unknown,no,yes,no,cellular,23,oct,221,2,183,3,success,1,positive,,
35,technician,single,secondary,no,no,no,cellular,23,oct,281,1,52,4,failure,1,positive,,
59,retired,married,primary,no,no,no,telephone,23,oct,257,2,126,3,success,1,positive,,
76,retired,married,secondary,no,no,no,telephone,23,oct,282,2,-1,0,unknown,1,positive,,
73,retired,married,primary,no,no,no,cellular,26,oct,355,1,180,5,failure,1,positive,,
81,retired,married,primary,no,no,no,cellular,27,oct,131,1,-1,0,unknown,1,positive,,
41,unknown,single,unknown,no,no,no,cellular,27,oct,143,1,188,1,success,1,positive,,
57,technician,married,secondary,no,no,no,cellular,27,oct,207,1,-1,0,unknown,1,positive,,
28,technician,single,unknown,no,yes,no,cellular,27,oct,96,1,267,1,failure,1,negative,,
38,blue-collar,single,secondary,no,no,no,cellular,27,oct,297,1,75,3,failure,1,negative,,
30,management,single,tertiary,no,no,no,cellular,27,oct,102,1,180,3,success,1,positive,,
52,services,married,secondary,no,yes,no,cellular,27,oct,424,1,515,1,failure,1,positive,,
22,student,single,secondary,no,no,no,cellular,27,oct,137,1,-1,0,unknown,1,positive,,
53,unknown,married,primary,no,no,no,cellular,27,oct,759,2,-1,0,unknown,1,positive,,
60,admin.,married,unknown,no,yes,no,cellular,27,oct,624,1,-1,0,unknown,1,positive,,
56,management,married,secondary,no,no,no,cellular,27,oct,298,1,111,8,other,1,negative,,
38,housemaid,divorced,secondary,no,no,no,cellular,27,oct,255,3,148,1,success,1,positive,,
44,management,single,tertiary,no,no,no,cellular,27,oct,418,2,-1,0,unknown,1,positive,,
69,retired,divorced,secondary,no,no,no,telephone,27,oct,146,2,56,1,other,1,positive,,
29,services,single,tertiary,no,no,no,cellular,27,oct,353,1,-1,0,unknown,1,positive,,
52,services,married,secondary,no,no,no,cellular,27,oct,113,1,-1,0,unknown,1,positive,,
36,student,single,tertiary,no,no,no,cellular,27,oct,149,1,-1,0,unknown,1,positive,,
50,management,married,tertiary,no,no,yes,cellular,28,oct,96,1,-1,0,unknown,1,positive,,
75,self-employed,married,unknown,no,no,no,telephone,28,oct,509,1,-1,0,unknown,1,positive,,
65,retired,married,primary,no,no,no,cellular,28,oct,371,1,-1,0,unknown,1,positive,,
64,retired,married,secondary,no,no,no,cellular,28,oct,501,1,-1,0,unknown,1,positive,,
30,admin.,single,secondary,no,yes,no,cellular,28,oct,524,3,272,1,failure,1,positive,,
57,housemaid,married,tertiary,no,no,no,cellular,28,oct,207,1,194,1,success,1,positive,,
31,management,married,tertiary,no,yes,no,cellular,29,oct,164,2,-1,0,unknown,1,positive,,
52,blue-collar,married,secondary,no,no,no,cellular,29,oct,423,3,-1,0,unknown,1,positive,,
36,management,married,tertiary,no,no,no,cellular,29,oct,139,1,-1,0,unknown,1,positive,,
64,management,married,tertiary,no,no,no,cellular,29,oct,164,1,-1,0,unknown,1,positive,,
54,technician,married,unknown,no,yes,no,cellular,29,oct,142,1,-1,0,unknown,1,positive,,
26,admin.,single,secondary,no,no,no,cellular,29,oct,209,1,188,2,unknown,1,positive,,
51,self-employed,single,secondary,no,no,no,cellular,29,oct,1707,2,-1,0,unknown,1,negative,,
72,retired,married,secondary,no,no,no,cellular,29,oct,189,3,-1,0,unknown,1,negative,,
30,management,married,tertiary,no,no,no,cellular,29,oct,251,2,-1,0,unknown,1,positive,,
60,blue-collar,married,primary,no,no,no,cellular,29,oct,401,1,-1,0,unknown,1,positive,,
30,management,single,tertiary,no,no,no,cellular,29,oct,215,3,80,5,success,1,positive,,
45,admin.,divorced,secondary,no,no,no,cellular,29,oct,264,1,-1,0,unknown,1,negative,,
66,retired,married,tertiary,no,no,no,cellular,29,oct,106,2,269,2,failure,1,positive,,
50,technician,married,secondary,no,no,no,cellular,29,oct,215,2,78,2,other,1,positive,,
54,housemaid,married,secondary,no,yes,no,cellular,29,oct,288,3,-1,0,unknown,1,positive,,
47,management,single,tertiary,no,no,no,cellular,29,oct,124,1,-1,0,unknown,1,positive,,
53,technician,married,tertiary,no,no,no,cellular,29,oct,136,1,148,1,failure,1,positive,,
47,management,single,tertiary,no,no,no,telephone,29,oct,220,3,155,3,other,1,positive,,
80,retired,married,primary,no,no,no,cellular,29,oct,746,2,86,1,other,1,positive,,
61,management,married,tertiary,no,yes,no,cellular,29,oct,377,1,520,1,other,1,positive,,
47,management,married,tertiary,no,no,no,cellular,29,oct,424,2,213,3,success,1,positive,,
30,technician,single,secondary,no,no,no,cellular,29,oct,279,1,148,1,failure,1,positive,,
21,student,single,primary,no,no,no,cellular,29,oct,445,1,-1,0,unknown,1,positive,,
62,management,married,tertiary,no,no,no,cellular,30,oct,212,2,-1,0,unknown,1,positive,,
41,unemployed,married,tertiary,no,no,no,cellular,30,oct,373,3,-1,0,unknown,1,negative,,
49,management,divorced,tertiary,no,no,no,cellular,30,oct,125,1,-1,0,unknown,1,positive,,
26,technician,single,secondary,no,no,no,cellular,30,oct,217,1,-1,0,unknown,1,positive,,
36,blue-collar,married,secondary,no,no,no,cellular,30,oct,640,1,-1,0,unknown,1,positive,,
87,retired,married,primary,no,no,no,cellular,30,oct,144,1,-1,0,unknown,1,positive,,
61,retired,married,primary,no,no,no,cellular,30,oct,480,1,-1,0,unknown,1,positive,,
70,retired,married,secondary,no,no,no,cellular,30,oct,196,2,-1,0,unknown,1,positive,,
60,management,married,tertiary,no,no,no,cellular,30,oct,294,1,270,1,failure,1,positive,,
41,services,married,tertiary,no,no,no,cellular,30,oct,257,3,-1,0,unknown,1,positive,,
46,housemaid,married,primary,no,no,no,cellular,30,oct,175,1,197,1,failure,1,positive,,
22,student,single,secondary,no,no,no,cellular,30,oct,368,2,-1,0,unknown,1,positive,,
60,retired,divorced,secondary,no,no,no,cellular,30,oct,416,2,-1,0,unknown,1,positive,,
54,technician,married,secondary,no,no,yes,cellular,2,nov,182,1,81,1,failure,1,positive,,
35,self-employed,single,tertiary,no,no,no,cellular,2,nov,188,1,186,1,success,1,positive,,
59,management,married,secondary,no,no,no,cellular,2,nov,162,2,-1,0,unknown,1,positive,,
55,management,divorced,tertiary,no,no,no,cellular,2,nov,209,2,273,1,failure,1,positive,,
29,student,single,unknown,no,no,no,cellular,2,nov,46,3,-1,0,unknown,1,positive,,
35,management,married,tertiary,no,yes,no,cellular,3,nov,102,1,-1,0,unknown,1,positive,,
44,admin.,married,secondary,no,no,no,cellular,3,nov,289,1,-1,0,unknown,1,positive,,
48,management,married,secondary,no,yes,yes,cellular,3,nov,1233,1,351,2,failure,1,negative,,
35,admin.,divorced,secondary,no,yes,no,cellular,3,nov,187,1,-1,0,unknown,1,positive,,
37,management,married,tertiary,no,no,no,cellular,3,nov,149,1,-1,0,unknown,1,positive,,
36,management,single,tertiary,no,yes,no,cellular,3,nov,566,1,182,7,failure,1,positive,,
52,admin.,single,secondary,no,yes,no,cellular,3,nov,412,1,-1,0,unknown,1,positive,,
67,retired,divorced,secondary,no,no,no,cellular,3,nov,537,1,-1,0,unknown,1,positive,,
36,self-employed,married,tertiary,no,no,no,cellular,3,nov,217,1,70,2,failure,1,positive,,
64,management,married,unknown,no,no,no,cellular,3,nov,181,4,183,7,success,1,positive,,
45,housemaid,married,secondary,no,no,no,cellular,3,nov,215,1,-1,0,unknown,1,positive,,
29,technician,single,secondary,no,no,no,cellular,3,nov,358,1,-1,0,unknown,1,positive,,
33,services,married,secondary,no,no,no,cellular,3,nov,179,1,-1,0,unknown,1,positive,,
62,housemaid,married,secondary,no,no,no,cellular,3,nov,322,1,-1,0,unknown,1,positive,,
27,management,single,tertiary,no,no,no,cellular,3,nov,284,2,273,1,failure,1,positive,,
76,retired,married,primary,no,no,no,telephone,3,nov,383,1,-1,0,unknown,1,positive,,
34,management,married,tertiary,no,no,no,cellular,4,nov,358,1,162,2,failure,1,positive,,
54,technician,married,secondary,no,no,no,cellular,6,nov,464,5,192,8,other,1,negative,,
67,retired,married,primary,no,no,no,cellular,6,nov,455,2,84,2,other,1,positive,,
24,technician,married,secondary,no,yes,no,cellular,6,nov,368,2,80,2,success,1,positive,,
33,technician,married,tertiary,no,no,no,cellular,6,nov,178,2,94,1,success,1,positive,,
53,admin.,married,secondary,no,no,no,cellular,9,nov,178,1,-1,0,unknown,1,positive,,
33,student,married,secondary,no,no,no,cellular,9,nov,262,1,94,2,success,1,positive,,
24,student,single,tertiary,no,no,no,cellular,9,nov,118,1,-1,0,unknown,1,positive,,
32,management,single,tertiary,no,no,no,cellular,9,nov,165,1,91,7,success,1,positive,,
60,self-employed,married,tertiary,no,no,no,cellular,9,nov,98,1,91,2,failure,1,positive,,
64,entrepreneur,married,tertiary,no,no,no,telephone,9,nov,201,1,-1,0,unknown,1,positive,,
34,admin.,married,secondary,no,yes,no,cellular,9,nov,161,1,209,2,failure,1,positive,,
35,management,single,tertiary,no,no,no,cellular,9,nov,696,2,88,12,failure,1,positive,,
24,student,single,secondary,no,no,no,cellular,9,nov,263,1,90,1,failure,1,positive,,
38,management,single,tertiary,no,no,no,cellular,9,nov,347,4,189,2,success,1,positive,,
45,management,married,tertiary,no,no,no,cellular,10,nov,182,2,194,1,success,1,positive,,
42,management,married,tertiary,no,no,no,cellular,10,nov,193,2,-1,0,unknown,1,positive,,
63,retired,divorced,primary,no,no,no,cellular,10,nov,406,2,-1,0,unknown,1,positive,,
40,management,married,tertiary,no,no,no,cellular,10,nov,147,1,96,8,success,1,negative,,
31,self-employed,married,tertiary,no,no,no,cellular,10,nov,318,2,97,6,success,1,positive,,
44,admin.,single,secondary,no,no,no,cellular,10,nov,95,1,95,3,success,1,positive,,
61,retired,married,tertiary,no,yes,no,cellular,10,nov,89,1,91,4,success,1,positive,,
67,management,married,tertiary,no,no,no,cellular,10,nov,344,2,95,2,success,1,positive,,
33,management,married,tertiary,no,yes,no,cellular,10,nov,266,2,92,3,failure,1,positive,,
57,management,married,secondary,no,no,yes,cellular,10,nov,144,3,91,2,failure,1,positive,,
71,housemaid,divorced,primary,no,no,no,cellular,10,nov,301,2,91,1,success,1,positive,,
79,retired,married,secondary,no,no,no,cellular,10,nov,254,5,-1,0,unknown,1,positive,,
52,unemployed,married,secondary,no,no,no,cellular,10,nov,293,3,190,10,failure,1,positive,,
48,unemployed,divorced,secondary,no,no,no,cellular,10,nov,594,1,91,1,success,1,positive,,
47,admin.,married,secondary,no,no,no,cellular,10,nov,213,1,190,1,other,1,negative,,
27,admin.,single,secondary,no,yes,no,cellular,10,nov,131,4,89,3,failure,1,positive,,
49,management,married,primary,no,no,no,cellular,11,nov,269,2,-1,0,unknown,1,positive,,
23,technician,single,secondary,no,no,no,cellular,11,nov,406,1,195,1,failure,1,positive,,
26,management,single,tertiary,no,no,no,cellular,11,nov,166,1,195,1,success,1,positive,,
40,management,married,tertiary,no,no,no,cellular,11,nov,69,3,-1,0,unknown,1,positive,,
32,technician,single,tertiary,no,no,no,cellular,11,nov,199,1,-1,0,unknown,1,positive,,
33,services,married,secondary,no,no,no,cellular,11,nov,131,1,96,5,failure,1,positive,,
35,management,married,tertiary,no,yes,no,cellular,11,nov,229,2,96,3,success,1,negative,,
53,management,married,tertiary,no,no,no,cellular,11,nov,166,3,97,7,success,1,positive,,
20,student,single,unknown,no,no,no,cellular,11,nov,244,2,-1,0,unknown,1,positive,,
44,self-employed,divorced,tertiary,no,yes,no,cellular,11,nov,172,1,91,5,success,1,positive,,
53,blue-collar,divorced,primary,no,no,no,telephone,11,nov,241,1,92,1,success,1,positive,,
21,student,single,secondary,no,no,no,telephone,11,nov,513,1,91,1,success,1,positive,,
36,blue-collar,single,secondary,no,no,no,unknown,12,nov,71,1,378,1,success,1,positive,,
31,management,single,tertiary,no,no,no,cellular,12,nov,90,3,93,6,success,1,positive,,
42,technician,married,secondary,no,yes,no,cellular,12,nov,227,3,93,6,success,1,positive,,
27,self-employed,single,tertiary,no,no,no,cellular,12,nov,123,1,196,1,success,1,positive,,
33,services,married,secondary,no,no,no,cellular,12,nov,253,1,92,4,failure,1,positive,,
29,management,single,tertiary,no,no,no,cellular,12,nov,226,1,92,1,other,1,positive,,
54,housemaid,single,secondary,no,no,no,cellular,12,nov,241,1,-1,0,unknown,1,positive,,
30,unemployed,single,secondary,no,no,no,cellular,12,nov,110,1,279,1,failure,1,positive,,
51,management,married,tertiary,no,no,no,cellular,12,nov,134,2,192,3,failure,1,positive,,
32,management,married,tertiary,no,no,no,cellular,12,nov,126,1,92,5,failure,1,positive,,
54,unknown,married,secondary,no,no,no,cellular,12,nov,104,1,99,2,other,1,positive,,
82,retired,divorced,tertiary,no,no,no,telephone,12,nov,226,1,-1,0,unknown,1,negative,,
47,management,married,tertiary,no,no,yes,cellular,12,nov,89,1,97,3,success,1,positive,,
48,blue-collar,married,secondary,no,yes,no,cellular,12,nov,169,1,196,2,success,1,positive,,
77,retired,divorced,secondary,no,no,no,cellular,12,nov,134,1,-1,0,unknown,1,positive,,
36,entrepreneur,married,secondary,no,no,no,cellular,12,nov,247,1,97,8,failure,1,positive,,
38,admin.,married,secondary,no,yes,no,cellular,12,nov,893,7,-1,0,unknown,1,positive,,
27,student,single,tertiary,no,no,no,cellular,12,nov,192,2,92,2,failure,1,positive,,
43,services,single,secondary,no,yes,no,cellular,12,nov,707,2,97,2,success,1,positive,,
33,technician,married,secondary,no,no,no,cellular,12,nov,627,2,192,1,success,1,positive,,
27,admin.,single,secondary,no,no,no,telephone,12,nov,411,4,192,1,other,1,positive,,
50,admin.,married,secondary,no,yes,no,cellular,13,nov,176,2,197,2,success,1,positive,,
45,blue-collar,married,unknown,no,yes,no,cellular,13,nov,181,1,197,1,success,1,positive,,
76,retired,married,primary,no,no,no,cellular,13,nov,122,1,92,3,success,1,positive,,
63,management,married,tertiary,no,no,no,telephone,13,nov,2184,2,95,3,failure,1,positive,,
81,retired,married,primary,no,no,no,telephone,13,nov,135,1,94,2,other,1,positive,,
77,retired,married,primary,no,no,no,telephone,13,nov,212,3,277,12,failure,1,positive,,
71,retired,married,primary,no,no,no,cellular,13,nov,186,2,98,1,success,1,positive,,
39,admin.,married,secondary,no,yes,no,cellular,13,nov,226,1,94,4,success,1,positive,,
18,student,single,primary,no,no,no,cellular,13,nov,210,1,93,1,success,1,positive,,
58,services,divorced,secondary,no,no,no,cellular,13,nov,495,1,93,1,success,1,positive,,
44,technician,divorced,secondary,no,no,no,cellular,13,nov,167,1,92,1,success,1,positive,,
67,retired,married,secondary,no,no,no,cellular,13,nov,259,1,92,2,failure,1,positive,,
31,services,single,secondary,no,no,no,cellular,13,nov,239,2,93,2,success,1,positive,,
61,retired,married,secondary,no,no,no,cellular,13,nov,381,1,-1,0,unknown,1,positive,,
36,technician,single,secondary,no,no,no,cellular,13,nov,193,1,92,1,success,1,positive,,
56,retired,married,primary,no,no,no,telephone,13,nov,271,2,92,4,success,1,positive,,
62,retired,divorced,tertiary,no,no,no,cellular,13,nov,227,2,-1,0,unknown,1,negative,,
33,management,married,tertiary,no,yes,no,cellular,13,nov,182,2,91,2,success,1,positive,,
24,student,single,secondary,no,no,no,cellular,13,nov,256,2,92,3,failure,1,positive,,
33,admin.,married,secondary,no,no,no,cellular,16,nov,130,1,95,2,failure,1,positive,,
34,blue-collar,single,unknown,no,yes,yes,cellular,16,nov,295,1,200,2,success,1,positive,,
58,admin.,married,secondary,no,no,no,cellular,16,nov,301,1,94,3,failure,1,positive,,
37,management,married,tertiary,no,no,no,cellular,16,nov,146,1,94,2,success,1,positive,,
64,retired,married,unknown,no,no,no,telephone,16,nov,167,1,-1,0,unknown,1,positive,,
27,blue-collar,single,secondary,no,no,no,cellular,16,nov,183,1,94,1,success,1,positive,,
63,management,married,tertiary,no,no,no,cellular,16,nov,432,5,-1,0,unknown,1,positive,,
23,student,single,secondary,no,no,no,cellular,16,nov,250,1,-1,0,unknown,1,positive,,
37,technician,single,tertiary,no,no,no,cellular,16,nov,175,1,200,1,success,1,positive,,
43,management,married,tertiary,no,no,no,cellular,16,nov,380,1,88,1,failure,1,positive,,
56,management,married,primary,no,no,no,cellular,16,nov,257,1,-1,0,unknown,1,positive,,
35,technician,married,tertiary,no,yes,no,cellular,16,nov,445,2,95,1,failure,1,positive,,
24,blue-collar,married,secondary,no,no,no,cellular,16,nov,105,2,94,2,success,1,positive,,
33,blue-collar,married,primary,no,no,no,cellular,16,nov,984,5,-1,0,unknown,1,positive,,
75,retired,married,tertiary,no,no,no,cellular,16,nov,1248,2,94,2,failure,1,positive,,
40,admin.,married,tertiary,no,yes,no,unknown,17,nov,85,1,-1,0,unknown,1,positive,,
62,retired,married,secondary,no,no,no,cellular,17,nov,709,2,-1,0,unknown,1,positive,,
52,management,married,tertiary,no,no,no,cellular,17,nov,209,1,91,2,failure,1,positive,,
55,technician,divorced,tertiary,no,no,no,cellular,17,nov,134,2,91,1,success,1,negative,,
71,retired,married,secondary,no,no,no,cellular,17,nov,747,2,-1,0,unknown,1,positive,,
59,self-employed,married,tertiary,no,no,no,cellular,17,nov,409,2,-1,0,unknown,1,positive,,
78,retired,married,tertiary,no,no,no,telephone,17,nov,135,1,-1,0,unknown,1,positive,,
35,technician,married,secondary,no,yes,no,cellular,17,nov,393,4,201,17,other,1,positive,,
52,technician,married,secondary,no,no,no,cellular,17,nov,255,1,-1,0,unknown,1,positive,,
29,unemployed,single,primary,no,no,no,cellular,17,nov,309,3,208,4,success,1,positive,,
42,management,married,tertiary,no,yes,no,cellular,17,nov,525,3,-1,0,unknown,1,positive,,
20,student,single,secondary,no,no,no,cellular,24,nov,325,1,95,5,success,1,positive,,
42,management,married,primary,no,yes,no,cellular,25,nov,968,2,97,4,success,1,positive,,
27,technician,single,tertiary,no,no,no,cellular,25,nov,285,2,97,7,success,1,positive,,
31,management,single,tertiary,no,no,no,cellular,25,nov,372,1,-1,0,unknown,1,positive,,
31,admin.,single,secondary,no,no,no,cellular,25,nov,234,1,-1,0,unknown,1,positive,,
38,management,married,unknown,no,no,no,cellular,25,nov,349,2,183,1,success,1,positive,,
28,student,single,secondary,no,no,no,cellular,25,nov,487,1,97,2,failure,1,positive,,
38,technician,married,secondary,no,no,no,cellular,25,nov,232,1,96,4,success,1,positive,,
72,retired,married,secondary,no,no,no,cellular,25,nov,208,1,91,1,success,1,positive,,
29,admin.,single,secondary,no,yes,no,cellular,25,nov,414,1,184,1,failure,1,positive,,
34,admin.,married,tertiary,no,no,yes,cellular,25,nov,296,1,205,2,failure,1,positive,,
61,retired,divorced,primary,no,no,no,cellular,25,nov,342,1,-1,0,unknown,1,positive,,
27,blue-collar,single,tertiary,no,no,no,cellular,25,nov,238,2,184,1,success,1,positive,,
46,housemaid,married,secondary,no,no,no,cellular,25,nov,541,1,-1,0,unknown,1,positive,,
53,technician,married,secondary,no,yes,yes,cellular,27,nov,160,1,-1,0,unknown,1,positive,,
58,technician,married,secondary,no,no,no,telephone,30,nov,1628,2,188,8,success,1,positive,,
22,student,single,tertiary,no,no,no,cellular,30,nov,260,5,103,1,success,1,positive,,
28,admin.,married,secondary,no,no,no,cellular,2,dec,357,1,188,3,other,1,positive,,
31,technician,married,secondary,no,no,no,cellular,2,dec,310,1,-1,0,unknown,1,positive,,
26,blue-collar,single,tertiary,no,no,no,cellular,2,dec,346,1,-1,0,unknown,1,positive,,
60,retired,divorced,tertiary,no,yes,no,cellular,2,dec,415,1,190,5,failure,1,positive,,
29,technician,single,secondary,no,no,no,cellular,3,dec,244,2,184,1,success,1,positive,,
36,admin.,divorced,tertiary,no,no,no,cellular,3,dec,284,1,171,1,failure,1,positive,,
68,retired,married,tertiary,no,no,no,cellular,3,dec,154,1,97,2,failure,1,positive,,
48,management,married,tertiary,no,no,no,cellular,3,dec,155,1,120,3,success,1,positive,,
53,unemployed,married,primary,no,yes,no,cellular,3,dec,352,1,-1,0,unknown,1,positive,,
39,technician,married,secondary,no,no,no,cellular,3,dec,472,1,-1,0,unknown,1,positive,,
28,services,single,secondary,no,no,no,cellular,3,dec,350,1,182,1,success,1,positive,,
29,housemaid,single,tertiary,no,no,no,cellular,3,dec,274,1,230,1,success,1,positive,,
72,retired,married,unknown,no,no,no,telephone,4,dec,705,2,-1,0,unknown,1,positive,,
29,management,single,tertiary,no,no,no,cellular,4,dec,271,2,-1,0,unknown,1,positive,,
26,student,single,tertiary,no,no,no,cellular,4,dec,208,2,-1,0,unknown,1,positive,,
49,management,married,tertiary,no,no,no,cellular,4,dec,439,3,185,5,success,1,positive,,
43,management,single,tertiary,no,no,no,cellular,4,dec,821,5,242,1,success,1,positive,,
28,student,single,unknown,no,no,no,cellular,4,dec,232,3,310,2,failure,1,positive,,
44,admin.,single,secondary,no,yes,no,cellular,4,dec,360,2,105,5,success,1,positive,,
73,retired,divorced,primary,no,no,no,cellular,4,dec,696,10,-1,0,unknown,1,positive,,
39,management,married,tertiary,no,no,no,cellular,7,dec,929,5,189,1,other,1,positive,,
45,technician,married,secondary,no,yes,no,cellular,7,dec,344,1,-1,0,unknown,1,negative,,
29,student,single,secondary,no,no,no,cellular,7,dec,415,2,116,4,failure,1,positive,,
51,admin.,married,secondary,no,no,no,cellular,7,dec,308,2,-1,0,unknown,1,positive,,
31,technician,married,secondary,no,yes,no,cellular,7,dec,620,3,-1,0,unknown,1,positive,,
30,student,single,secondary,no,no,no,cellular,7,dec,329,2,-1,0,unknown,1,positive,,
50,admin.,married,secondary,no,yes,no,cellular,7,dec,254,3,385,2,other,1,positive,,
42,management,married,tertiary,no,no,no,cellular,9,dec,288,7,183,4,success,1,positive,,
37,admin.,married,secondary,no,yes,no,cellular,9,dec,179,1,190,1,success,1,negative,,
34,technician,married,secondary,no,yes,no,cellular,9,dec,265,1,184,3,success,1,positive,,
49,technician,married,secondary,no,no,no,cellular,9,dec,854,1,-1,0,unknown,1,positive,,
59,unemployed,married,secondary,no,no,no,cellular,9,dec,479,2,-1,0,unknown,1,positive,,
80,retired,married,primary,no,no,no,telephone,9,dec,343,2,-1,0,unknown,1,positive,,
86,retired,single,secondary,no,no,no,telephone,9,dec,595,1,-1,0,unknown,1,positive,,
69,retired,married,unknown,no,no,no,telephone,9,dec,395,1,-1,0,unknown,1,positive,,
79,retired,married,secondary,no,no,no,cellular,9,dec,456,2,275,9,success,1,positive,,
41,unemployed,married,secondary,no,yes,yes,telephone,9,dec,207,3,387,2,failure,1,positive,,
36,services,married,secondary,no,no,no,cellular,9,dec,149,3,-1,0,unknown,1,positive,,
49,management,married,tertiary,no,no,no,cellular,10,dec,336,5,-1,0,unknown,1,positive,,
69,retired,married,secondary,no,yes,no,cellular,10,dec,429,1,-1,0,unknown,1,positive,,
66,retired,married,unknown,no,no,no,telephone,10,dec,441,2,156,1,other,1,positive,,
32,management,divorced,tertiary,no,yes,no,cellular,10,dec,798,1,185,5,other,1,positive,,
47,management,single,tertiary,no,no,no,telephone,10,dec,805,1,190,1,other,1,positive,,
58,management,married,tertiary,no,no,no,cellular,10,dec,422,1,188,3,success,1,positive,,
64,retired,married,primary,no,no,no,cellular,10,dec,232,1,-1,0,unknown,1,positive,,
72,retired,married,primary,no,no,no,cellular,10,dec,582,4,115,1,other,1,positive,,
30,services,married,secondary,no,no,no,cellular,11,dec,141,2,-1,0,unknown,1,positive,,
79,retired,married,primary,no,no,no,cellular,11,dec,166,3,126,3,other,1,positive,,
30,technician,married,secondary,no,no,no,cellular,14,dec,420,1,175,2,failure,1,positive,,
36,management,married,tertiary,no,no,no,cellular,14,dec,321,3,189,4,success,1,positive,,
53,entrepreneur,married,tertiary,no,no,no,cellular,15,dec,351,1,-1,0,unknown,1,positive,,
53,admin.,married,secondary,no,no,no,telephone,15,dec,476,1,193,1,failure,1,positive,,
34,management,married,tertiary,no,no,no,cellular,15,dec,324,2,-1,0,unknown,1,positive,,
29,student,single,secondary,no,no,no,cellular,15,dec,279,3,189,19,other,1,positive,,
29,management,single,tertiary,no,no,no,cellular,16,dec,314,1,195,1,success,1,positive,,
81,retired,divorced,secondary,no,no,no,telephone,16,dec,443,1,-1,0,unknown,1,positive,,
57,retired,married,secondary,no,no,no,cellular,16,dec,283,2,196,1,success,1,positive,,
72,retired,married,secondary,no,no,no,cellular,16,dec,546,2,-1,0,unknown,1,positive,,
28,blue-collar,single,secondary,no,no,no,cellular,17,dec,412,2,-1,0,unknown,1,positive,,
34,services,married,secondary,no,no,no,cellular,17,dec,330,2,127,3,success,1,positive,,
57,management,divorced,unknown,no,no,no,cellular,17,dec,222,2,231,1,failure,1,positive,,
66,housemaid,married,primary,no,no,no,cellular,17,dec,726,3,-1,0,unknown,1,positive,,
32,admin.,married,secondary,no,no,no,cellular,17,dec,324,3,126,3,success,1,positive,,
51,blue-collar,married,secondary,no,no,yes,cellular,17,dec,221,3,-1,0,unknown,1,positive,,
27,student,single,secondary,no,no,no,cellular,18,dec,170,4,197,2,success,1,positive,,
50,management,married,tertiary,no,yes,no,cellular,18,dec,406,1,182,2,failure,1,positive,,
30,management,single,tertiary,no,yes,no,cellular,18,dec,364,3,-1,0,unknown,1,positive,,
75,retired,divorced,secondary,no,no,no,cellular,18,dec,415,7,-1,0,unknown,1,positive,,
50,services,married,secondary,no,no,no,telephone,21,dec,294,3,315,4,success,1,positive,,
32,admin.,single,secondary,no,yes,no,cellular,21,dec,322,1,189,1,success,1,positive,,
59,retired,married,primary,no,no,no,cellular,21,dec,467,1,186,2,success,1,positive,,
68,retired,married,secondary,no,no,no,telephone,21,dec,2062,2,257,1,success,1,positive,,
31,technician,married,tertiary,no,yes,no,cellular,21,dec,264,2,-1,0,unknown,1,positive,,
64,self-employed,married,tertiary,no,no,no,cellular,21,dec,367,2,294,2,failure,1,positive,,
54,management,divorced,tertiary,no,yes,no,cellular,21,dec,267,2,-1,0,unknown,1,positive,,
30,unemployed,divorced,secondary,no,no,no,cellular,22,dec,321,2,-1,0,unknown,1,positive,,
60,admin.,married,secondary,no,no,no,cellular,22,dec,190,1,188,9,success,1,positive,,
35,management,single,tertiary,no,no,no,cellular,22,dec,410,3,165,2,other,1,positive,,
72,retired,married,primary,no,no,no,cellular,22,dec,305,3,309,5,success,1,positive,,
30,blue-collar,married,primary,no,no,no,cellular,23,dec,282,1,203,1,success,1,positive,,
52,unemployed,divorced,secondary,no,no,no,cellular,24,dec,422,2,-1,0,unknown,1,positive,,
43,services,married,tertiary,no,no,no,cellular,24,dec,150,2,195,2,success,1,positive,,
33,management,married,tertiary,no,no,no,cellular,28,dec,250,3,-1,0,unknown,1,positive,,
84,retired,married,secondary,no,no,no,telephone,28,dec,679,1,313,2,other,1,positive,,
26,blue-collar,single,secondary,no,no,no,cellular,28,dec,1141,1,209,1,other,1,positive,,
43,management,married,tertiary,no,no,no,cellular,28,dec,206,2,196,2,success,1,positive,,
39,technician,single,tertiary,no,yes,no,cellular,28,dec,315,1,210,2,success,1,positive,,
27,services,single,secondary,no,no,no,telephone,28,dec,824,1,193,11,success,1,positive,,
25,technician,married,tertiary,no,no,no,cellular,28,dec,400,3,-1,0,unknown,1,positive,,
38,admin.,married,secondary,no,no,no,cellular,28,dec,473,2,216,2,failure,1,positive,,
44,management,married,unknown,no,no,no,cellular,28,dec,893,1,-1,0,unknown,1,positive,,
20,student,single,unknown,no,no,no,cellular,29,dec,284,1,-1,0,unknown,1,positive,,
32,management,single,tertiary,no,yes,no,cellular,29,dec,155,1,197,1,success,1,positive,,
23,services,single,secondary,no,no,no,cellular,29,dec,296,1,176,4,success,1,positive,,
35,unemployed,married,secondary,no,no,no,cellular,29,dec,1370,3,209,3,success,1,positive,,
30,self-employed,single,tertiary,no,no,no,cellular,29,dec,449,2,-1,0,unknown,1,positive,,
27,admin.,married,secondary,no,no,no,cellular,29,dec,196,2,197,2,success,1,positive,,
61,management,married,secondary,no,no,no,cellular,29,dec,63,3,200,9,success,1,positive,,
46,management,divorced,tertiary,no,no,no,cellular,30,dec,369,2,-1,0,unknown,1,positive,,
45,unemployed,married,secondary,no,yes,no,unknown,7,jan,118,1,-1,0,unknown,1,positive,,
27,management,single,secondary,no,no,no,cellular,8,jan,187,1,-1,0,unknown,1,positive,,
70,retired,married,primary,no,no,no,cellular,8,jan,301,2,-1,0,unknown,1,positive,,
25,technician,single,secondary,no,no,yes,cellular,11,jan,202,1,91,1,success,1,positive,,
57,retired,married,secondary,no,no,no,telephone,11,jan,585,1,192,2,success,1,positive,,
55,admin.,married,secondary,no,no,no,cellular,11,jan,210,1,192,2,success,1,positive,,
33,management,married,tertiary,no,yes,no,cellular,11,jan,170,1,343,1,other,1,positive,,
73,retired,married,primary,no,no,no,telephone,11,jan,767,2,83,1,success,1,positive,,
67,retired,married,primary,no,no,no,cellular,11,jan,499,2,91,3,failure,1,positive,,
35,management,married,tertiary,no,no,no,cellular,11,jan,261,2,-1,0,unknown,1,positive,,
34,unemployed,single,secondary,no,no,no,cellular,12,jan,377,1,-1,0,unknown,1,positive,,
47,services,divorced,tertiary,no,no,no,cellular,12,jan,349,1,-1,0,unknown,1,positive,,
66,self-employed,married,tertiary,no,no,no,telephone,12,jan,411,1,-1,0,unknown,1,positive,,
31,technician,single,secondary,no,no,no,cellular,12,jan,229,1,279,2,success,1,positive,,
25,technician,single,secondary,no,no,no,cellular,12,jan,227,1,-1,0,unknown,1,positive,,
28,services,single,secondary,no,no,no,cellular,12,jan,387,1,194,1,other,1,positive,,
25,blue-collar,single,secondary,no,no,no,cellular,12,jan,265,2,-1,0,unknown,1,positive,,
47,admin.,single,secondary,no,no,no,cellular,12,jan,758,4,-1,0,unknown,1,positive,,
30,technician,married,tertiary,no,no,no,cellular,12,jan,316,2,-1,0,unknown,1,positive,,
28,self-employed,single,tertiary,no,no,no,cellular,12,jan,409,2,-1,0,unknown,1,positive,,
49,management,married,tertiary,no,yes,yes,cellular,12,jan,243,2,91,2,success,1,positive,,
21,student,single,secondary,no,no,no,telephone,12,jan,661,2,92,1,success,1,positive,,
87,retired,married,primary,no,no,no,telephone,12,jan,512,2,-1,0,unknown,1,positive,,
22,student,single,secondary,no,no,no,cellular,13,jan,143,2,-1,0,unknown,1,positive,,
28,self-employed,single,tertiary,no,no,no,cellular,13,jan,163,1,91,3,failure,1,positive,,
31,unemployed,married,tertiary,no,no,no,cellular,13,jan,260,1,194,2,success,1,positive,,
60,retired,married,secondary,no,no,no,cellular,13,jan,380,3,-1,0,unknown,1,positive,,
41,technician,single,unknown,no,yes,no,cellular,13,jan,248,3,-1,0,unknown,1,positive,,
21,student,single,secondary,no,no,no,cellular,13,jan,169,2,-1,0,unknown,1,positive,,
24,student,single,secondary,no,no,no,cellular,13,jan,108,2,-1,0,unknown,1,positive,,
54,management,divorced,tertiary,no,no,no,cellular,13,jan,452,3,-1,0,unknown,1,positive,,
80,retired,married,primary,no,no,no,cellular,13,jan,330,3,-1,0,unknown,1,positive,,
35,technician,single,tertiary,no,no,no,cellular,14,jan,187,7,-1,0,unknown,1,negative,,
70,retired,divorced,primary,no,no,no,telephone,14,jan,372,1,196,2,success,1,positive,,
62,blue-collar,married,secondary,no,no,no,cellular,14,jan,183,1,90,4,other,1,positive,,
59,technician,married,primary,no,no,no,cellular,14,jan,309,1,91,10,success,1,positive,,
48,unemployed,married,secondary,no,no,no,cellular,14,jan,517,1,282,4,success,1,positive,,
45,admin.,married,secondary,no,no,no,cellular,14,jan,233,1,-1,0,unknown,1,positive,,
32,admin.,married,secondary,no,yes,yes,cellular,14,jan,203,1,87,2,other,1,positive,,
36,admin.,married,unknown,no,no,no,cellular,14,jan,589,2,-1,0,unknown,1,positive,,
33,services,single,secondary,no,no,no,cellular,14,jan,305,2,274,1,success,1,positive,,
64,housemaid,married,primary,no,no,no,cellular,14,jan,371,1,-1,0,unknown,1,positive,,
30,management,single,tertiary,no,no,no,cellular,14,jan,362,2,91,2,success,1,positive,,
59,services,single,secondary,no,no,no,cellular,14,jan,408,1,-1,0,unknown,1,positive,,
32,admin.,married,secondary,no,no,no,cellular,14,jan,366,2,-1,0,unknown,1,positive,,
60,retired,divorced,tertiary,no,yes,no,cellular,15,jan,295,3,347,1,failure,1,positive,,
39,management,married,tertiary,no,no,no,cellular,15,jan,348,2,-1,0,unknown,1,positive,,
37,management,married,tertiary,no,no,no,cellular,15,jan,426,2,196,1,other,1,negative,,
37,admin.,single,secondary,no,no,no,cellular,15,jan,396,2,-1,0,unknown,1,positive,,
55,management,married,tertiary,no,no,no,cellular,15,jan,441,1,-1,0,unknown,1,positive,,
30,management,single,tertiary,no,no,no,cellular,15,jan,1265,4,210,4,other,1,positive,,
85,retired,married,primary,no,no,no,cellular,15,jan,233,3,-1,0,unknown,1,positive,,
79,retired,married,primary,no,no,no,telephone,18,jan,326,2,272,2,success,1,positive,,
64,retired,married,secondary,no,no,no,cellular,18,jan,366,1,91,2,failure,1,positive,,
42,technician,married,secondary,no,yes,no,cellular,18,jan,453,1,67,9,success,1,positive,,
47,blue-collar,married,secondary,no,no,no,cellular,18,jan,262,1,91,1,success,1,positive,,
21,student,single,primary,no,no,no,telephone,18,jan,287,5,285,5,success,1,positive,,
66,retired,married,secondary,no,no,no,cellular,18,jan,353,1,195,1,success,1,positive,,
61,retired,married,secondary,no,no,no,cellular,25,jan,639,1,94,1,success,1,positive,,
50,management,married,tertiary,no,no,no,cellular,25,jan,455,1,544,2,failure,1,positive,,
27,admin.,married,tertiary,no,no,no,cellular,25,jan,240,1,301,3,failure,1,positive,,
63,retired,married,secondary,no,no,no,cellular,25,jan,423,1,-1,0,unknown,1,positive,,
36,management,married,tertiary,no,no,no,cellular,25,jan,255,1,88,1,success,1,positive,,
38,unemployed,married,primary,no,yes,no,cellular,25,jan,696,1,202,2,success,1,positive,,
92,retired,married,unknown,no,no,no,cellular,26,jan,164,4,96,3,success,1,positive,,
77,retired,married,secondary,no,no,no,telephone,26,jan,1616,1,95,2,success,1,positive,,
68,retired,single,tertiary,no,no,no,cellular,26,jan,708,1,96,3,success,1,positive,,
30,admin.,single,secondary,no,no,no,cellular,27,jan,143,1,-1,0,unknown,1,positive,,
81,retired,married,primary,no,no,no,cellular,27,jan,340,1,92,1,success,1,positive,,
42,unknown,single,unknown,no,no,no,cellular,27,jan,245,1,92,2,success,1,positive,,
48,admin.,divorced,secondary,no,no,no,cellular,27,jan,142,1,238,3,other,1,positive,,
52,services,married,secondary,no,yes,no,cellular,27,jan,342,1,92,2,success,1,positive,,
38,housemaid,divorced,secondary,no,no,no,cellular,27,jan,164,4,92,4,success,1,positive,,
61,admin.,married,unknown,no,yes,no,cellular,27,jan,181,1,92,1,success,1,positive,,
20,student,single,unknown,no,no,no,cellular,27,jan,196,3,202,2,success,1,positive,,
54,admin.,married,secondary,no,no,no,cellular,27,jan,565,1,-1,0,unknown,1,negative,,
39,admin.,married,secondary,no,no,no,cellular,27,jan,366,1,436,10,failure,1,negative,,
44,technician,married,secondary,no,yes,no,cellular,27,jan,701,1,-1,0,unknown,1,positive,,
73,retired,married,primary,no,no,no,cellular,28,jan,399,3,-1,0,unknown,1,positive,,
36,student,single,tertiary,no,no,no,cellular,28,jan,918,1,93,1,success,1,positive,,
48,management,married,tertiary,no,no,no,cellular,28,jan,417,4,-1,0,unknown,1,positive,,
52,services,married,secondary,no,no,no,cellular,28,jan,390,4,93,1,success,1,positive,,
30,blue-collar,married,secondary,no,no,no,cellular,28,jan,293,2,-1,0,unknown,1,positive,,
36,management,married,tertiary,no,no,no,cellular,28,jan,130,2,-1,0,unknown,1,positive,,
49,technician,divorced,unknown,no,no,no,cellular,28,jan,325,1,-1,0,unknown,1,positive,,
42,management,single,tertiary,no,no,no,cellular,28,jan,132,1,-1,0,unknown,1,positive,,
80,retired,married,primary,no,no,no,cellular,28,jan,151,1,91,3,success,1,positive,,
33,technician,married,tertiary,no,no,no,cellular,28,jan,202,1,83,3,success,1,positive,,
56,technician,married,tertiary,no,no,no,cellular,28,jan,186,1,433,1,failure,1,positive,,
64,management,married,tertiary,no,no,no,cellular,28,jan,134,1,91,1,success,1,positive,,
54,admin.,married,secondary,no,no,no,cellular,28,jan,161,1,98,2,failure,1,negative,,
52,technician,married,tertiary,no,no,no,cellular,28,jan,134,5,204,2,success,1,positive,,
34,admin.,married,tertiary,no,no,no,cellular,28,jan,155,2,-1,0,unknown,1,negative,,
50,management,married,tertiary,no,no,no,cellular,28,jan,816,2,149,1,other,1,positive,,
66,retired,married,tertiary,no,no,no,cellular,28,jan,216,1,91,4,success,1,positive,,
52,blue-collar,married,primary,no,no,no,cellular,28,jan,223,1,-1,0,unknown,1,positive,,
62,entrepreneur,married,secondary,no,no,no,telephone,29,jan,403,2,-1,0,unknown,1,positive,,
60,retired,married,secondary,no,yes,no,cellular,29,jan,177,2,-1,0,unknown,1,positive,,
28,admin.,single,secondary,no,yes,yes,cellular,29,jan,254,3,142,6,success,1,positive,,
26,technician,single,secondary,no,no,no,cellular,29,jan,146,1,-1,0,unknown,1,positive,,
56,retired,divorced,primary,no,no,no,cellular,29,jan,144,1,102,1,other,1,positive,,
36,technician,married,tertiary,no,no,no,cellular,29,jan,313,1,120,3,failure,1,positive,,
60,blue-collar,married,primary,no,no,no,cellular,29,jan,533,1,92,1,success,1,positive,,
45,management,single,tertiary,no,no,no,cellular,29,jan,479,11,-1,0,unknown,1,positive,,
60,management,married,unknown,no,no,no,telephone,1,feb,265,1,-1,0,unknown,1,positive,,
33,entrepreneur,single,secondary,no,no,no,cellular,1,feb,563,5,-1,0,unknown,1,positive,,
77,retired,married,tertiary,no,no,no,telephone,1,feb,483,2,-1,0,unknown,1,positive,,
66,retired,married,primary,no,no,no,cellular,2,feb,474,1,172,2,other,1,positive,,
45,management,married,tertiary,no,no,no,cellular,2,feb,577,1,-1,0,unknown,1,positive,,
30,student,single,unknown,no,no,no,cellular,2,feb,204,1,-1,0,unknown,1,positive,,
56,services,married,secondary,no,no,no,cellular,3,feb,336,2,281,2,failure,1,positive,,
64,housemaid,married,unknown,no,no,no,telephone,3,feb,219,2,-1,0,unknown,1,positive,,
30,technician,single,tertiary,no,no,no,cellular,3,feb,179,1,93,1,other,1,positive,,
33,technician,married,secondary,no,yes,no,cellular,3,feb,355,1,301,5,success,1,positive,,
72,retired,married,primary,no,no,no,cellular,3,feb,443,2,82,3,success,1,positive,,
44,technician,married,tertiary,no,yes,yes,cellular,3,feb,508,1,92,4,failure,1,positive,,
37,admin.,single,secondary,no,no,no,cellular,3,feb,129,1,174,2,other,1,positive,,
31,unemployed,single,tertiary,no,no,no,cellular,3,feb,349,1,357,3,success,1,positive,,
52,blue-collar,married,secondary,no,no,yes,cellular,3,feb,153,1,48,3,success,1,positive,,
37,technician,single,secondary,no,yes,yes,cellular,3,feb,140,1,366,2,failure,1,positive,,
34,management,married,tertiary,no,no,no,cellular,3,feb,301,3,-1,0,unknown,1,positive,,
78,retired,married,unknown,no,no,no,telephone,3,feb,892,2,104,4,success,1,positive,,
45,admin.,married,secondary,no,no,no,cellular,3,feb,373,1,92,1,success,1,positive,,
37,management,married,tertiary,no,no,no,cellular,3,feb,185,1,92,1,success,1,positive,,
29,technician,married,secondary,no,no,yes,cellular,3,feb,172,3,-1,0,unknown,1,positive,,
68,retired,married,tertiary,no,no,no,cellular,3,feb,279,2,181,1,failure,1,positive,,
38,admin.,single,secondary,no,no,no,cellular,3,feb,315,2,180,6,failure,1,positive,,
53,management,married,tertiary,no,no,no,cellular,3,feb,208,1,-1,0,unknown,1,positive,,
39,services,married,secondary,no,no,no,cellular,4,feb,658,3,-1,0,unknown,1,positive,,
55,management,divorced,tertiary,no,no,no,cellular,4,feb,305,2,94,3,success,1,positive,,
32,student,single,tertiary,no,no,no,cellular,4,feb,233,3,276,2,failure,1,negative,,
62,retired,married,secondary,no,no,no,cellular,4,feb,94,5,184,1,success,1,positive,,
76,retired,married,primary,no,no,no,telephone,4,feb,429,1,-1,0,unknown,1,positive,,
35,admin.,divorced,secondary,no,no,no,cellular,4,feb,195,6,97,12,other,1,positive,,
55,admin.,married,secondary,no,no,no,cellular,4,feb,390,2,150,6,success,1,positive,,
41,technician,single,tertiary,no,yes,no,cellular,4,feb,261,1,184,6,success,1,positive,,
35,unemployed,single,tertiary,no,no,no,cellular,4,feb,649,1,176,1,failure,1,positive,,
80,retired,married,secondary,no,no,no,telephone,4,feb,739,1,181,2,failure,1,positive,,
38,technician,married,secondary,no,no,no,cellular,4,feb,383,1,181,5,failure,1,positive,,
48,blue-collar,married,secondary,no,yes,no,cellular,4,feb,489,1,178,2,failure,1,positive,,
25,management,married,unknown,no,no,no,cellular,5,feb,151,1,297,1,success,1,positive,,
36,admin.,single,tertiary,no,no,no,cellular,5,feb,195,1,176,5,failure,1,positive,,
29,housemaid,single,tertiary,no,no,no,cellular,5,feb,110,2,64,2,success,1,positive,,
58,unemployed,married,secondary,no,no,no,cellular,5,feb,286,2,-1,0,unknown,1,positive,,
32,technician,married,tertiary,no,yes,no,cellular,5,feb,783,1,175,5,failure,1,positive,,
46,blue-collar,married,secondary,no,yes,no,cellular,8,feb,376,2,129,3,other,1,positive,,
23,admin.,single,tertiary,no,yes,no,cellular,8,feb,190,2,280,8,failure,1,positive,,
67,retired,divorced,secondary,no,no,no,cellular,8,feb,186,2,97,1,success,1,positive,,
30,management,married,tertiary,no,no,no,cellular,8,feb,1133,3,101,1,other,1,positive,,
22,student,single,secondary,no,no,no,cellular,8,feb,363,1,187,1,success,1,positive,,
24,technician,married,secondary,no,yes,no,cellular,8,feb,278,1,94,4,success,1,positive,,
45,admin.,married,secondary,no,no,no,telephone,8,feb,309,1,446,3,failure,1,positive,,
40,management,married,tertiary,no,no,no,telephone,8,feb,78,6,-1,0,unknown,1,positive,,
35,management,married,tertiary,no,no,no,cellular,8,feb,469,2,185,2,failure,1,positive,,
52,management,married,tertiary,no,no,no,cellular,8,feb,341,8,-1,0,unknown,1,positive,,
33,student,married,secondary,no,no,no,cellular,9,feb,359,1,92,3,success,1,positive,,
60,technician,married,secondary,no,yes,no,cellular,9,feb,127,1,558,7,other,1,positive,,
24,student,single,tertiary,no,no,no,cellular,9,feb,98,1,92,1,success,1,positive,,
18,student,single,unknown,no,no,no,cellular,9,feb,92,1,183,1,success,1,positive,,
65,entrepreneur,married,tertiary,no,no,no,telephone,9,feb,290,1,92,1,success,1,positive,,
25,student,single,secondary,no,no,no,cellular,9,feb,215,1,92,2,success,1,positive,,
36,technician,single,secondary,no,yes,no,cellular,9,feb,631,1,260,2,success,1,positive,,
27,management,single,tertiary,no,no,no,cellular,9,feb,120,2,104,2,failure,1,positive,,
35,admin.,single,secondary,no,no,yes,cellular,9,feb,63,4,182,5,failure,1,negative,,
39,blue-collar,single,tertiary,no,yes,no,cellular,9,feb,125,2,183,2,failure,1,positive,,
53,admin.,married,secondary,no,no,no,cellular,9,feb,164,2,92,1,success,1,positive,,
23,student,single,secondary,no,no,no,cellular,9,feb,742,2,182,1,failure,1,positive,,
34,admin.,married,secondary,no,yes,no,cellular,9,feb,243,2,92,3,success,1,positive,,
33,management,single,tertiary,no,no,no,cellular,9,feb,385,2,92,8,success,1,positive,,
33,technician,single,secondary,no,no,no,cellular,9,feb,501,2,-1,0,unknown,1,positive,,
36,management,single,tertiary,no,no,no,cellular,9,feb,629,2,-1,0,unknown,1,positive,,
52,unemployed,married,secondary,no,no,no,cellular,10,feb,153,1,92,13,success,1,positive,,
36,student,single,unknown,no,no,no,cellular,10,feb,151,1,-1,0,unknown,1,positive,,
55,technician,divorced,secondary,no,no,no,cellular,10,feb,169,1,183,1,failure,1,positive,,
60,retired,married,secondary,no,no,no,cellular,10,feb,234,1,183,1,success,1,positive,,
61,retired,married,tertiary,no,yes,no,cellular,10,feb,158,2,92,5,success,1,positive,,
58,technician,married,secondary,no,yes,no,cellular,10,feb,511,3,183,6,success,1,positive,,
48,unemployed,divorced,secondary,no,no,no,cellular,10,feb,406,2,92,2,success,1,positive,,
35,technician,married,tertiary,no,no,no,cellular,10,feb,278,3,187,1,success,1,positive,,
34,management,divorced,tertiary,no,no,no,cellular,10,feb,314,2,156,4,other,1,positive,,
58,management,married,secondary,no,no,yes,cellular,10,feb,135,2,92,5,success,1,positive,,
39,technician,divorced,secondary,no,yes,no,cellular,10,feb,691,2,180,5,failure,1,positive,,
44,management,married,tertiary,no,no,no,cellular,11,feb,71,1,190,1,success,1,positive,,
54,unknown,married,secondary,no,no,no,cellular,11,feb,449,1,91,3,success,1,positive,,
27,student,single,tertiary,no,no,no,cellular,11,feb,293,1,91,4,success,1,positive,,
33,unemployed,married,secondary,no,no,no,cellular,11,feb,535,1,188,1,success,1,positive,,
77,retired,married,secondary,no,no,no,cellular,11,feb,288,1,188,1,success,1,positive,,
30,admin.,single,secondary,no,no,no,cellular,11,feb,112,8,-1,0,unknown,1,positive,,
31,management,single,tertiary,no,no,no,cellular,11,feb,144,1,91,9,success,1,positive,,
61,retired,married,tertiary,no,no,no,cellular,11,feb,226,3,-1,0,unknown,1,positive,,
76,retired,married,primary,no,no,no,cellular,11,feb,309,1,90,4,success,1,positive,,
28,blue-collar,married,secondary,no,yes,no,cellular,11,feb,253,1,174,4,success,1,positive,,
35,management,married,tertiary,no,yes,no,cellular,11,feb,391,2,92,5,success,1,negative,,
59,technician,married,secondary,no,no,no,cellular,11,feb,268,1,183,7,success,1,positive,,
42,blue-collar,married,secondary,no,yes,no,cellular,11,feb,456,2,184,2,success,1,positive,,
35,self-employed,single,tertiary,no,no,no,cellular,11,feb,352,1,183,1,success,1,positive,,
48,entrepreneur,single,secondary,no,no,no,unknown,11,feb,271,1,-1,0,unknown,1,positive,,
71,retired,married,secondary,no,no,no,cellular,11,feb,660,1,-1,0,unknown,1,positive,,
60,retired,married,secondary,no,no,no,cellular,11,feb,467,1,182,3,success,1,positive,,
34,blue-collar,married,secondary,no,yes,no,cellular,11,feb,231,2,297,2,failure,1,positive,,
57,retired,married,primary,no,no,no,cellular,11,feb,981,1,90,6,success,1,positive,,
75,retired,married,secondary,no,no,no,cellular,11,feb,515,1,183,1,failure,1,positive,,
39,blue-collar,married,secondary,no,yes,no,cellular,11,feb,397,2,-1,0,unknown,1,positive,,
64,retired,married,tertiary,no,no,no,cellular,11,feb,671,1,181,3,failure,1,positive,,
36,technician,married,tertiary,no,no,no,cellular,12,feb,419,2,183,1,success,1,positive,,
29,technician,single,secondary,no,no,no,cellular,12,feb,328,2,183,4,success,1,positive,,
34,management,single,tertiary,no,no,no,cellular,12,feb,637,1,183,1,success,1,positive,,
26,unemployed,single,secondary,no,no,no,cellular,12,feb,218,1,-1,0,unknown,1,positive,,
41,management,married,tertiary,no,no,no,cellular,12,feb,138,2,184,3,success,1,positive,,
47,blue-collar,married,secondary,no,no,no,cellular,12,feb,171,2,182,4,other,1,positive,,
52,management,married,tertiary,no,no,no,cellular,12,feb,181,3,-1,0,unknown,1,positive,,
32,technician,married,secondary,no,no,no,cellular,12,feb,375,1,374,1,other,1,positive,,
51,management,married,tertiary,no,no,no,cellular,12,feb,122,1,92,5,success,1,positive,,
34,management,married,tertiary,no,no,no,cellular,12,feb,291,1,260,2,failure,1,positive,,
21,student,single,secondary,no,no,no,telephone,12,feb,379,5,93,2,success,1,positive,,
54,technician,married,secondary,no,no,no,cellular,12,feb,251,1,186,3,success,1,positive,,
29,management,single,tertiary,no,no,no,cellular,12,feb,138,2,92,2,success,1,positive,,
32,management,married,tertiary,no,no,no,cellular,12,feb,666,4,-1,0,unknown,1,positive,,
38,services,married,secondary,no,no,no,cellular,12,feb,1835,3,182,2,success,1,positive,,
48,unemployed,married,secondary,no,no,no,cellular,15,feb,382,4,185,6,success,1,positive,,
46,management,married,tertiary,no,no,no,cellular,15,feb,295,2,616,1,failure,1,positive,,
32,technician,married,secondary,no,yes,no,cellular,15,feb,83,6,187,3,success,1,positive,,
49,services,married,primary,no,yes,no,cellular,15,feb,136,1,-1,0,unknown,1,positive,,
37,management,married,tertiary,no,yes,no,cellular,15,feb,93,1,91,9,failure,1,positive,,
37,technician,single,tertiary,no,no,no,cellular,15,feb,531,1,91,2,success,1,positive,,
23,student,single,secondary,no,no,no,cellular,15,feb,201,3,186,2,success,1,positive,,
58,admin.,married,secondary,no,no,no,cellular,15,feb,216,1,91,4,success,1,positive,,
45,management,married,tertiary,no,yes,no,cellular,15,feb,91,4,185,6,success,1,positive,,
30,unemployed,single,secondary,no,no,no,cellular,15,feb,337,1,95,2,success,1,positive,,
23,student,single,secondary,no,no,no,cellular,15,feb,379,1,91,1,success,1,positive,,
34,management,married,tertiary,no,yes,no,cellular,15,feb,308,1,94,4,success,1,positive,,
27,management,single,tertiary,no,yes,no,cellular,15,feb,205,3,-1,0,unknown,1,negative,,
28,student,single,tertiary,no,no,no,cellular,15,feb,659,4,-1,0,unknown,1,positive,,
61,self-employed,divorced,tertiary,no,no,no,cellular,15,feb,394,3,189,1,success,1,positive,,
27,blue-collar,single,secondary,no,no,no,cellular,15,feb,171,1,91,2,success,1,positive,,
34,management,single,tertiary,no,no,no,unknown,18,feb,386,1,-1,0,unknown,1,positive,,
58,management,married,tertiary,no,no,no,cellular,18,feb,1109,1,262,1,success,1,positive,,
52,technician,married,secondary,no,yes,no,cellular,18,feb,220,1,63,5,failure,1,positive,,
48,admin.,married,secondary,no,no,no,cellular,18,feb,318,1,561,2,success,1,positive,,
28,technician,single,secondary,no,yes,no,cellular,18,feb,416,2,-1,0,unknown,1,positive,,
35,management,single,tertiary,no,no,no,cellular,18,feb,737,1,561,2,success,1,positive,,
66,retired,married,secondary,no,no,yes,cellular,18,feb,232,1,181,1,success,1,positive,,
52,services,married,secondary,no,no,yes,cellular,18,feb,222,1,553,4,failure,1,positive,,
26,admin.,single,tertiary,no,yes,yes,cellular,18,feb,269,1,-1,0,unknown,1,positive,,
38,management,single,tertiary,no,yes,no,cellular,19,feb,255,2,555,6,success,1,positive,,
59,self-employed,married,tertiary,no,no,no,cellular,19,feb,222,4,94,2,success,1,positive,,
47,blue-collar,married,secondary,no,yes,no,cellular,19,feb,388,1,262,7,success,1,positive,,
48,management,married,tertiary,no,no,yes,cellular,19,feb,204,4,182,1,success,1,negative,,
22,student,single,unknown,no,no,no,cellular,19,feb,145,3,192,1,failure,1,positive,,
82,retired,married,secondary,no,no,no,telephone,19,feb,330,1,-1,0,unknown,1,positive,,
27,blue-collar,single,primary,no,no,no,cellular,19,feb,645,2,-1,0,unknown,1,positive,,
60,retired,divorced,secondary,no,no,no,cellular,19,feb,302,1,184,1,success,1,positive,,
53,management,married,tertiary,no,no,no,unknown,22,feb,392,1,-1,0,unknown,1,positive,,
39,management,single,tertiary,no,no,no,cellular,22,feb,543,1,189,1,failure,1,positive,,
27,unknown,single,unknown,no,no,no,cellular,22,feb,326,1,-1,0,unknown,1,positive,,
55,retired,divorced,secondary,no,no,no,cellular,22,feb,261,1,264,1,failure,1,positive,,
35,management,married,tertiary,no,no,no,cellular,23,feb,155,1,-1,0,unknown,1,positive,,
23,student,single,secondary,no,no,no,cellular,23,feb,696,1,189,2,other,1,positive,,
80,housemaid,married,primary,no,no,no,cellular,23,feb,639,1,189,1,failure,1,negative,,
29,student,single,secondary,no,no,no,cellular,23,feb,211,1,187,5,success,1,positive,,
47,admin.,married,secondary,no,no,no,cellular,23,feb,269,1,187,5,success,1,positive,,
72,retired,divorced,tertiary,no,no,no,cellular,23,feb,279,1,-1,0,unknown,1,positive,,
45,management,single,tertiary,no,no,no,cellular,23,feb,95,2,265,11,other,1,positive,,
37,unemployed,married,tertiary,no,no,no,telephone,23,feb,367,1,176,6,failure,1,positive,,
29,self-employed,single,tertiary,no,no,no,cellular,23,feb,132,1,103,7,failure,1,positive,,
40,management,single,tertiary,no,yes,no,cellular,23,feb,228,2,182,6,failure,1,negative,,
32,technician,single,secondary,no,no,yes,cellular,23,feb,432,1,-1,0,unknown,1,positive,,
32,management,married,tertiary,no,yes,yes,unknown,23,feb,61,1,384,2,failure,1,positive,,
20,student,single,secondary,no,no,no,cellular,24,feb,175,1,92,6,success,1,positive,,
48,housemaid,married,tertiary,no,no,no,cellular,24,feb,127,2,184,2,success,1,positive,,
60,admin.,married,secondary,no,no,no,cellular,24,feb,137,1,187,4,success,1,positive,,
70,retired,married,primary,no,no,no,cellular,24,feb,694,1,184,5,failure,1,positive,,
78,retired,divorced,secondary,no,no,no,cellular,24,feb,151,1,-1,0,unknown,1,positive,,
52,admin.,single,unknown,no,no,no,cellular,24,feb,242,2,-1,0,unknown,1,positive,,
61,self-employed,divorced,tertiary,no,no,no,cellular,24,feb,481,2,-1,0,unknown,1,positive,,
37,management,married,tertiary,no,no,no,cellular,24,feb,562,2,183,10,success,1,positive,,
27,services,single,secondary,no,yes,no,cellular,25,feb,416,3,-1,0,unknown,1,positive,,
56,management,married,unknown,no,no,no,cellular,25,feb,305,1,192,1,success,1,positive,,
63,technician,married,secondary,no,no,no,cellular,25,feb,318,1,388,1,success,1,positive,,
59,technician,married,secondary,no,yes,no,cellular,25,feb,1422,1,461,1,failure,1,positive,,
22,student,single,secondary,no,no,no,telephone,25,feb,169,1,191,3,success,1,positive,,
30,student,single,secondary,no,no,no,cellular,25,feb,217,1,191,2,success,1,positive,,
66,management,married,unknown,no,yes,no,cellular,25,feb,98,1,87,10,failure,1,positive,,
74,retired,married,primary,no,no,no,cellular,25,feb,385,2,-1,0,unknown,1,positive,,
52,technician,married,secondary,no,no,no,cellular,26,feb,959,3,186,6,success,1,positive,,
71,retired,divorced,secondary,no,no,no,cellular,26,feb,771,1,171,1,success,1,negative,,
33,management,married,tertiary,no,no,no,cellular,26,feb,335,3,102,2,failure,1,positive,,
56,technician,married,secondary,no,no,yes,cellular,26,feb,229,1,192,4,success,1,positive,,
30,management,single,tertiary,no,no,no,cellular,26,feb,427,1,191,3,success,1,positive,,
73,retired,married,unknown,no,no,no,telephone,26,feb,270,3,133,2,success,1,positive,,
65,unemployed,married,secondary,no,no,no,telephone,2,mar,904,1,-1,0,unknown,1,positive,,
59,management,married,tertiary,no,no,no,cellular,2,mar,591,1,176,2,failure,1,positive,,
37,management,married,tertiary,no,no,no,cellular,2,mar,229,1,182,1,success,1,positive,,
28,blue-collar,single,secondary,no,yes,no,cellular,2,mar,525,1,89,11,failure,1,negative,,
27,technician,single,tertiary,no,no,no,cellular,2,mar,658,1,-1,0,unknown,1,positive,,
49,admin.,single,tertiary,no,yes,no,cellular,2,mar,368,1,-1,0,unknown,1,positive,,
38,services,single,secondary,no,no,no,cellular,2,mar,207,1,-1,0,unknown,1,positive,,
28,technician,single,secondary,no,yes,no,cellular,2,mar,177,1,288,2,failure,1,positive,,
51,technician,married,tertiary,no,no,no,cellular,2,mar,539,2,-1,0,unknown,1,negative,,
56,retired,married,primary,no,no,no,cellular,2,mar,225,2,123,5,failure,1,positive,,
37,management,single,tertiary,no,yes,no,cellular,2,mar,313,1,152,2,success,1,positive,,
47,technician,married,primary,no,no,no,cellular,2,mar,136,2,203,1,other,1,positive,,
60,retired,divorced,tertiary,no,no,no,cellular,2,mar,228,4,390,2,other,1,positive,,
42,technician,married,secondary,no,yes,no,cellular,2,mar,311,2,-1,0,unknown,1,positive,,
27,student,single,tertiary,no,no,no,telephone,2,mar,187,3,322,1,other,1,positive,,
40,unemployed,single,tertiary,no,no,no,cellular,2,mar,263,2,180,2,success,1,positive,,
25,student,single,secondary,no,no,no,cellular,3,mar,141,1,180,2,failure,1,positive,,
90,retired,divorced,primary,no,no,no,telephone,3,mar,557,1,-1,0,unknown,1,positive,,
29,student,single,unknown,no,no,no,cellular,3,mar,145,2,198,1,failure,1,positive,,
29,technician,single,tertiary,no,yes,no,cellular,3,mar,355,1,86,5,failure,1,positive,,
68,retired,married,secondary,no,no,no,cellular,3,mar,153,2,110,3,success,1,positive,,
38,admin.,married,secondary,no,no,no,cellular,3,mar,136,2,280,1,failure,1,positive,,
66,housemaid,divorced,primary,no,no,no,telephone,3,mar,834,1,-1,0,unknown,1,positive,,
63,retired,married,secondary,no,no,no,cellular,4,mar,180,2,-1,0,unknown,1,positive,,
32,management,single,tertiary,no,no,no,cellular,4,mar,177,2,133,5,other,1,positive,,
32,management,married,tertiary,no,yes,no,cellular,4,mar,251,1,181,4,failure,1,positive,,
42,management,married,tertiary,no,no,no,cellular,4,mar,148,1,87,4,failure,1,positive,,
26,admin.,single,tertiary,no,yes,no,cellular,4,mar,456,2,281,5,success,1,positive,,
73,retired,single,secondary,no,no,no,cellular,4,mar,562,3,181,2,failure,1,positive,,
26,student,single,secondary,no,no,no,cellular,5,mar,229,1,205,1,failure,1,positive,,
60,admin.,married,secondary,no,no,no,cellular,5,mar,115,1,-1,0,unknown,1,positive,,
25,blue-collar,single,secondary,no,no,no,cellular,5,mar,418,1,-1,0,unknown,1,positive,,
64,retired,married,tertiary,no,no,no,telephone,5,mar,341,4,179,4,success,1,positive,,
26,student,single,tertiary,no,no,no,cellular,5,mar,87,1,91,2,success,1,positive,,
68,retired,married,primary,no,no,no,cellular,5,mar,373,1,-1,0,unknown,1,positive,,
39,services,married,secondary,no,no,no,unknown,5,mar,257,1,394,1,failure,1,positive,,
54,housemaid,married,tertiary,no,no,no,cellular,5,mar,607,2,-1,0,unknown,1,positive,,
40,unemployed,single,secondary,no,no,no,cellular,5,mar,219,1,91,6,other,1,positive,,
37,management,married,tertiary,no,no,no,cellular,5,mar,319,1,-1,0,unknown,1,positive,,
36,services,married,secondary,no,yes,no,cellular,5,mar,498,2,179,7,success,1,positive,,
33,management,divorced,tertiary,no,no,no,cellular,8,mar,264,2,278,1,success,1,positive,,
83,retired,married,tertiary,no,no,no,telephone,8,mar,659,1,-1,0,unknown,1,positive,,
45,student,single,unknown,no,no,no,cellular,8,mar,132,1,-1,0,unknown,1,positive,,
31,technician,married,tertiary,no,yes,no,cellular,8,mar,277,4,286,1,failure,1,positive,,
51,admin.,married,tertiary,no,yes,yes,cellular,8,mar,124,2,-1,0,unknown,1,negative,,
64,unemployed,divorced,secondary,no,no,no,cellular,8,mar,409,1,-1,0,unknown,1,positive,,
59,unemployed,married,secondary,no,no,no,cellular,8,mar,301,1,89,2,success,1,positive,,
33,management,single,tertiary,no,no,no,cellular,8,mar,241,2,-1,0,unknown,1,positive,,
35,management,married,tertiary,no,no,no,cellular,9,mar,139,2,181,3,success,1,positive,,
69,retired,married,unknown,no,no,no,telephone,9,mar,225,1,90,1,success,1,positive,,
31,management,single,tertiary,no,no,no,cellular,9,mar,469,1,181,2,success,1,positive,,
73,retired,married,primary,no,no,no,cellular,9,mar,176,1,-1,0,unknown,1,positive,,
76,retired,divorced,primary,no,no,no,cellular,9,mar,241,1,181,5,success,1,positive,,
35,technician,married,secondary,no,yes,no,cellular,9,mar,301,1,90,4,success,1,positive,,
28,management,single,tertiary,no,no,no,cellular,9,mar,236,1,-1,0,unknown,1,positive,,
34,management,married,tertiary,no,no,no,cellular,9,mar,212,3,181,6,success,1,positive,,
33,management,married,tertiary,no,yes,no,cellular,9,mar,305,1,326,1,success,1,negative,,
36,services,married,secondary,no,no,no,cellular,9,mar,288,2,90,3,success,1,positive,,
44,management,married,unknown,no,no,no,cellular,9,mar,700,2,154,3,success,1,positive,,
19,student,single,unknown,no,no,no,cellular,9,mar,273,2,182,1,success,1,positive,,
28,management,single,tertiary,no,no,no,cellular,9,mar,295,1,-1,0,unknown,1,positive,,
51,blue-collar,married,primary,no,no,no,telephone,9,mar,450,3,181,6,success,1,positive,,
52,unemployed,married,secondary,no,no,no,cellular,10,mar,436,2,182,1,success,1,positive,,
61,retired,married,secondary,no,yes,yes,cellular,10,mar,239,1,-1,0,unknown,1,positive,,
39,management,married,tertiary,no,no,no,cellular,10,mar,106,2,478,3,failure,1,positive,,
37,unemployed,married,secondary,no,no,no,cellular,11,mar,335,1,-1,0,unknown,1,positive,,
80,retired,married,primary,no,no,no,telephone,12,mar,290,1,93,2,success,1,positive,,
46,blue-collar,married,secondary,no,yes,no,cellular,12,mar,215,1,182,4,success,1,positive,,
61,admin.,married,secondary,no,no,no,cellular,12,mar,212,1,-1,0,unknown,1,positive,,
72,retired,married,secondary,no,no,yes,cellular,12,mar,229,3,339,1,failure,1,positive,,
36,management,married,tertiary,no,no,no,cellular,12,mar,213,3,182,6,success,1,positive,,
77,retired,married,primary,no,no,no,cellular,15,mar,257,1,91,2,other,1,positive,,
74,retired,married,tertiary,no,no,no,cellular,15,mar,192,1,185,2,success,1,positive,,
35,blue-collar,married,secondary,no,no,no,cellular,15,mar,427,1,181,3,success,1,positive,,
82,retired,divorced,primary,no,no,no,telephone,15,mar,506,2,195,1,other,1,negative,,
67,retired,divorced,primary,no,no,no,cellular,15,mar,161,2,-1,0,unknown,1,positive,,
71,retired,married,tertiary,no,no,no,telephone,15,mar,577,7,-1,0,unknown,1,positive,,
41,admin.,divorced,secondary,no,yes,yes,telephone,15,mar,300,6,182,2,success,1,positive,,
38,housemaid,single,secondary,no,yes,no,cellular,16,mar,180,1,302,3,success,1,positive,,
38,management,married,unknown,no,no,no,cellular,16,mar,261,1,-1,0,unknown,1,positive,,
60,retired,married,secondary,no,no,no,cellular,16,mar,279,1,194,7,other,1,positive,,
60,retired,divorced,secondary,no,no,no,cellular,16,mar,263,1,124,9,other,1,positive,,
53,admin.,married,secondary,no,no,no,telephone,16,mar,295,1,91,2,success,1,positive,,
29,management,single,tertiary,no,yes,no,cellular,16,mar,231,1,181,2,success,1,positive,,
64,retired,married,primary,no,no,no,cellular,16,mar,881,3,155,2,failure,1,positive,,
35,unemployed,single,secondary,no,no,no,unknown,17,mar,473,1,-1,0,unknown,1,positive,,
22,self-employed,single,tertiary,no,no,no,cellular,17,mar,272,3,-1,0,unknown,1,positive,,
54,services,divorced,secondary,no,no,no,cellular,18,mar,362,1,290,3,success,1,negative,,
35,admin.,married,secondary,no,no,no,cellular,18,mar,237,1,-1,0,unknown,1,positive,,
46,management,divorced,tertiary,no,no,no,cellular,18,mar,420,1,276,1,other,1,positive,,
25,blue-collar,single,secondary,no,no,no,cellular,18,mar,265,1,-1,0,unknown,1,positive,,
46,management,married,tertiary,no,yes,no,cellular,18,mar,910,2,184,4,success,1,positive,,
59,management,married,tertiary,no,no,no,cellular,18,mar,467,2,188,6,other,1,positive,,
35,technician,single,secondary,no,no,no,cellular,18,mar,593,4,90,6,other,1,positive,,
52,technician,single,secondary,no,no,yes,unknown,22,mar,95,1,-1,0,unknown,1,positive,,
22,technician,single,secondary,no,yes,no,cellular,22,mar,254,2,-1,0,unknown,1,positive,,
31,management,single,tertiary,no,no,no,cellular,22,mar,247,3,187,3,success,1,positive,,
43,management,divorced,tertiary,no,no,no,cellular,22,mar,173,2,181,4,success,1,positive,,
35,management,single,tertiary,no,yes,no,cellular,22,mar,215,1,-1,0,unknown,1,positive,,
60,admin.,married,secondary,no,no,no,cellular,22,mar,248,1,90,10,success,1,positive,,
54,management,married,secondary,no,no,no,cellular,22,mar,222,1,188,6,other,1,positive,,
72,retired,married,primary,no,no,no,telephone,23,mar,255,1,91,8,success,1,positive,,
29,self-employed,single,tertiary,no,no,no,cellular,23,mar,136,1,291,2,success,1,positive,,
29,self-employed,single,tertiary,no,no,no,cellular,23,mar,273,1,-1,0,unknown,1,positive,,
30,student,single,secondary,no,no,no,cellular,23,mar,128,1,106,2,success,1,positive,,
28,management,single,tertiary,no,no,no,cellular,23,mar,191,2,-1,0,unknown,1,positive,,
43,services,married,secondary,no,no,no,cellular,25,mar,101,1,421,1,success,1,positive,,
37,services,married,secondary,no,no,no,cellular,25,mar,156,1,-1,0,unknown,1,positive,,
62,management,married,tertiary,no,no,no,cellular,25,mar,187,1,178,2,success,1,positive,,
57,management,married,tertiary,no,no,no,cellular,25,mar,272,1,178,6,success,1,positive,,
33,management,single,tertiary,no,no,no,cellular,26,mar,288,3,-1,0,unknown,1,positive,,
47,management,single,tertiary,no,yes,no,cellular,26,mar,360,1,326,8,failure,1,positive,,
39,technician,single,tertiary,no,no,no,cellular,26,mar,281,1,-1,0,unknown,1,positive,,
30,self-employed,single,tertiary,no,no,no,cellular,29,mar,92,2,90,2,success,1,positive,,
28,admin.,single,tertiary,no,no,no,telephone,29,mar,433,3,342,1,failure,1,positive,,
57,management,divorced,tertiary,no,no,no,cellular,30,mar,277,2,337,1,success,1,positive,,
23,services,single,secondary,no,no,no,cellular,30,mar,236,1,92,2,other,1,positive,,
56,housemaid,single,tertiary,no,no,no,unknown,30,mar,110,1,-1,0,unknown,1,positive,,
33,admin.,single,tertiary,no,no,no,cellular,30,mar,238,4,-1,0,unknown,1,positive,,
44,admin.,divorced,tertiary,no,yes,no,cellular,31,mar,262,2,-1,0,unknown,1,positive,,
80,retired,divorced,primary,no,no,no,cellular,31,mar,577,1,223,3,other,1,positive,,
47,management,married,tertiary,no,no,no,cellular,31,mar,193,1,181,1,success,1,positive,,
27,student,single,secondary,no,no,no,cellular,31,mar,175,1,181,1,failure,1,positive,,
26,management,single,tertiary,no,yes,yes,cellular,1,apr,149,1,350,1,success,1,positive,,
50,technician,divorced,secondary,no,no,no,cellular,1,apr,280,1,184,3,success,1,negative,,
84,retired,married,secondary,no,no,no,telephone,1,apr,390,1,94,3,success,1,positive,,
86,retired,married,primary,no,no,no,telephone,1,apr,558,2,-1,0,unknown,1,positive,,
46,management,married,unknown,no,no,no,telephone,1,apr,216,3,370,1,failure,1,positive,,
45,technician,married,secondary,no,no,yes,cellular,1,apr,358,2,-1,0,unknown,1,positive,,
60,blue-collar,married,primary,no,no,no,unknown,1,apr,111,1,-1,0,unknown,1,positive,,
47,admin.,married,secondary,no,yes,no,cellular,5,apr,144,4,374,2,success,1,positive,,
53,admin.,married,secondary,no,no,no,cellular,5,apr,558,1,-1,0,unknown,1,positive,,
54,technician,single,tertiary,no,no,no,cellular,5,apr,280,1,-1,0,unknown,1,positive,,
54,technician,married,secondary,no,yes,no,cellular,5,apr,547,1,626,2,failure,1,positive,,
34,blue-collar,married,secondary,no,no,no,cellular,5,apr,144,1,-1,0,unknown,1,positive,,
19,student,single,secondary,no,no,no,cellular,5,apr,327,3,-1,0,unknown,1,positive,,
24,student,single,secondary,no,no,no,cellular,5,apr,907,4,185,7,failure,1,positive,,
39,management,divorced,tertiary,no,no,no,cellular,5,apr,208,1,-1,0,unknown,1,positive,,
53,technician,married,tertiary,no,no,no,cellular,5,apr,170,1,-1,0,unknown,1,positive,,
29,management,single,unknown,no,no,no,cellular,5,apr,459,1,307,1,failure,1,positive,,
30,management,married,tertiary,no,yes,no,cellular,5,apr,470,7,426,3,other,1,positive,,
50,blue-collar,married,primary,no,no,no,telephone,5,apr,456,1,-1,0,unknown,1,positive,,
32,management,single,secondary,no,yes,no,cellular,6,apr,317,1,363,2,success,1,positive,,
27,student,single,tertiary,no,yes,no,cellular,6,apr,661,1,314,2,failure,1,positive,,
33,self-employed,single,tertiary,no,yes,yes,cellular,6,apr,196,1,363,1,failure,1,positive,,
33,management,single,tertiary,no,yes,no,cellular,6,apr,122,1,98,2,success,1,positive,,
57,retired,married,unknown,no,no,no,cellular,6,apr,177,2,210,3,failure,1,positive,,
27,technician,single,tertiary,no,yes,no,cellular,6,apr,604,3,236,2,failure,1,negative,,
55,management,married,tertiary,no,yes,no,cellular,8,apr,222,2,-1,0,unknown,1,positive,,
78,retired,divorced,primary,no,no,no,cellular,8,apr,335,1,-1,0,unknown,1,positive,,
43,technician,divorced,unknown,no,no,no,cellular,8,apr,618,1,-1,0,unknown,1,positive,,
34,management,married,tertiary,no,no,no,cellular,8,apr,758,2,160,5,other,1,positive,,
36,management,single,tertiary,no,no,no,unknown,12,apr,481,1,-1,0,unknown,1,positive,,
36,technician,single,secondary,no,no,no,cellular,12,apr,158,2,-1,0,unknown,1,positive,,
26,management,single,tertiary,no,no,no,cellular,12,apr,524,4,206,5,success,1,positive,,
35,technician,married,secondary,no,no,no,telephone,12,apr,350,1,-1,0,unknown,1,positive,,
31,admin.,married,secondary,no,no,no,cellular,12,apr,176,1,-1,0,unknown,1,positive,,
25,unemployed,single,primary,no,no,no,cellular,12,apr,176,3,-1,0,unknown,1,positive,,
62,self-employed,divorced,tertiary,no,yes,no,cellular,13,apr,103,1,182,3,success,1,positive,,
49,admin.,married,secondary,no,yes,no,cellular,13,apr,223,1,182,2,failure,1,positive,,
30,management,single,tertiary,no,no,no,cellular,13,apr,1093,1,-1,0,unknown,1,positive,,
25,blue-collar,single,secondary,no,yes,no,cellular,13,apr,295,4,187,6,success,1,positive,,
32,management,single,tertiary,no,no,no,cellular,13,apr,232,1,348,1,success,1,positive,,
36,management,single,tertiary,no,no,no,cellular,13,apr,567,1,595,2,failure,1,positive,,
40,technician,married,tertiary,no,yes,no,cellular,13,apr,218,2,242,9,failure,1,positive,,
38,management,married,tertiary,no,no,no,cellular,13,apr,240,1,179,2,failure,1,positive,,
35,technician,single,tertiary,no,no,no,cellular,13,apr,278,4,182,2,success,1,positive,,
45,blue-collar,single,primary,no,no,no,unknown,13,apr,122,1,-1,0,unknown,1,positive,,
36,management,single,unknown,no,no,no,cellular,13,apr,398,2,-1,0,unknown,1,positive,,
23,student,single,secondary,no,no,no,cellular,13,apr,256,5,181,2,success,1,positive,,
38,technician,married,secondary,no,no,no,unknown,14,apr,173,1,-1,0,unknown,1,positive,,
44,services,married,primary,no,yes,no,cellular,14,apr,250,1,181,8,success,1,positive,,
35,management,single,tertiary,no,no,no,cellular,14,apr,133,8,183,2,success,1,positive,,
75,retired,married,secondary,no,no,no,telephone,15,apr,185,1,181,2,success,1,positive,,
26,technician,single,tertiary,no,no,no,cellular,15,apr,200,1,-1,0,unknown,1,positive,,
51,management,married,tertiary,no,no,no,cellular,15,apr,200,1,181,2,success,1,positive,,
59,technician,married,secondary,no,no,no,cellular,15,apr,159,2,378,3,failure,1,positive,,
30,management,single,tertiary,no,no,no,cellular,15,apr,141,1,-1,0,unknown,1,positive,,
36,blue-collar,married,primary,no,no,no,cellular,15,apr,330,1,311,4,success,1,positive,,
39,technician,married,secondary,no,no,yes,cellular,15,apr,214,1,-1,0,unknown,1,positive,,
24,management,single,tertiary,no,yes,no,cellular,15,apr,442,2,246,2,other,1,positive,,
22,services,single,secondary,no,no,no,cellular,15,apr,218,2,181,1,success,1,positive,,
36,management,married,tertiary,no,yes,no,cellular,16,apr,297,4,182,2,other,1,negative,,
22,management,single,tertiary,no,no,yes,cellular,16,apr,330,3,-1,0,unknown,1,positive,,
34,management,married,tertiary,no,no,no,cellular,19,apr,125,2,-1,0,unknown,1,positive,,
22,student,single,primary,no,no,no,cellular,19,apr,529,1,181,4,success,1,positive,,
27,services,single,secondary,no,no,no,cellular,19,apr,142,2,-1,0,unknown,1,positive,,
57,management,married,tertiary,no,yes,no,telephone,19,apr,1143,5,-1,0,unknown,1,positive,,
30,student,single,tertiary,no,no,no,cellular,20,apr,175,6,183,1,success,1,positive,,
55,unemployed,divorced,secondary,no,no,no,cellular,20,apr,167,1,181,3,success,1,positive,,
38,blue-collar,divorced,secondary,no,yes,no,telephone,20,apr,162,1,181,5,success,1,negative,,
39,blue-collar,single,secondary,no,yes,no,cellular,20,apr,462,1,648,1,failure,1,positive,,
38,technician,single,secondary,no,no,no,cellular,20,apr,379,3,202,1,success,1,positive,,
24,admin.,single,secondary,no,no,no,cellular,21,apr,476,1,-1,0,unknown,1,positive,,
30,student,single,secondary,no,no,no,telephone,21,apr,595,3,254,1,failure,1,positive,,
29,blue-collar,single,tertiary,no,no,no,telephone,21,apr,403,1,-1,0,unknown,1,positive,,
25,student,single,unknown,no,no,no,telephone,21,apr,623,2,-1,0,unknown,1,positive,,
31,housemaid,single,primary,no,no,no,cellular,21,apr,654,2,-1,0,unknown,1,positive,,
52,technician,married,secondary,no,yes,yes,cellular,21,apr,224,2,182,1,success,1,positive,,
58,entrepreneur,married,secondary,no,no,no,cellular,22,apr,132,1,-1,0,unknown,1,positive,,
26,management,single,tertiary,no,no,no,cellular,22,apr,407,2,-1,0,unknown,1,positive,,
62,management,married,tertiary,no,no,no,cellular,22,apr,554,1,304,2,success,1,positive,,
40,technician,married,tertiary,no,no,no,cellular,23,apr,499,6,185,4,success,1,positive,,
76,retired,married,secondary,no,no,no,telephone,23,apr,263,4,-1,0,unknown,1,positive,,
31,admin.,single,secondary,no,no,no,cellular,23,apr,342,1,-1,0,unknown,1,positive,,
42,self-employed,married,secondary,no,yes,no,cellular,23,apr,296,1,521,1,failure,1,positive,,
43,technician,single,unknown,no,no,no,cellular,23,apr,291,1,182,3,success,1,positive,,
73,retired,married,primary,no,no,no,cellular,23,apr,888,1,182,3,success,1,positive,,
41,management,divorced,tertiary,no,no,no,cellular,23,apr,252,9,185,5,other,1,positive,,
77,management,married,unknown,no,yes,no,cellular,23,apr,361,2,182,5,success,1,positive,,
46,admin.,divorced,primary,no,yes,no,cellular,26,apr,465,2,369,2,success,1,positive,,
35,technician,married,secondary,no,no,no,cellular,26,apr,182,2,186,2,success,1,positive,,
31,management,married,tertiary,no,yes,no,cellular,26,apr,688,2,-1,0,unknown,1,positive,,
26,management,single,tertiary,no,no,no,cellular,26,apr,192,1,334,1,failure,1,positive,,
45,blue-collar,single,secondary,no,yes,no,cellular,26,apr,1472,1,192,4,failure,1,negative,,
29,management,single,tertiary,no,no,no,cellular,26,apr,328,2,143,2,success,1,positive,,
30,technician,single,tertiary,no,no,no,cellular,26,apr,212,1,202,2,success,1,positive,,
26,unemployed,single,tertiary,no,no,no,cellular,26,apr,175,1,-1,0,unknown,1,positive,,
63,blue-collar,married,primary,no,no,no,telephone,27,apr,325,1,180,7,failure,1,positive,,
37,unemployed,single,secondary,no,no,no,telephone,27,apr,426,2,179,3,other,1,positive,,
26,management,single,tertiary,no,no,no,cellular,27,apr,321,1,449,1,other,1,positive,,
54,admin.,married,unknown,no,no,no,telephone,27,apr,473,2,182,2,failure,1,positive,,
30,admin.,single,secondary,no,yes,no,unknown,27,apr,370,1,-1,0,unknown,1,positive,,
61,retired,married,secondary,no,no,no,cellular,27,apr,159,3,-1,0,unknown,1,positive,,
69,retired,married,secondary,no,no,no,cellular,28,apr,184,2,126,2,other,1,negative,,
76,self-employed,married,unknown,no,no,no,telephone,28,apr,403,1,182,1,success,1,positive,,
30,management,single,tertiary,no,no,no,cellular,28,apr,545,2,181,8,success,1,positive,,
64,retired,married,secondary,no,no,no,cellular,28,apr,392,1,182,1,success,1,positive,,
55,housemaid,married,secondary,no,yes,no,cellular,28,apr,623,1,181,3,success,1,positive,,
55,technician,married,tertiary,no,no,no,cellular,28,apr,387,2,-1,0,unknown,1,positive,,
32,admin.,married,tertiary,no,yes,no,cellular,29,apr,717,3,-1,0,unknown,1,positive,,
39,management,single,tertiary,no,no,no,cellular,29,apr,218,4,-1,0,unknown,1,positive,,
29,management,single,tertiary,no,no,no,cellular,29,apr,226,2,-1,0,unknown,1,positive,,
41,unemployed,married,tertiary,no,no,no,cellular,29,apr,882,1,181,3,success,1,negative,,
59,management,married,tertiary,no,yes,no,cellular,29,apr,210,1,-1,0,unknown,1,positive,,
63,retired,married,primary,no,no,no,telephone,29,apr,660,1,191,1,failure,1,positive,,
45,admin.,married,secondary,no,no,no,cellular,29,apr,388,2,-1,0,unknown,1,positive,,
32,technician,single,tertiary,no,no,no,cellular,29,apr,250,3,-1,0,unknown,1,positive,,
33,management,single,tertiary,no,yes,no,cellular,29,apr,1241,5,-1,0,unknown,1,positive,,
41,self-employed,married,tertiary,no,yes,no,telephone,29,apr,395,3,426,1,other,1,negative,,
25,student,single,secondary,no,no,no,cellular,29,apr,305,3,-1,0,unknown,1,positive,,
37,management,married,secondary,no,no,no,cellular,29,apr,449,1,398,1,success,1,positive,,
19,student,single,secondary,no,no,no,cellular,30,apr,169,1,190,2,success,1,positive,,
61,retired,divorced,secondary,no,no,no,cellular,30,apr,315,1,182,2,success,1,positive,,
40,unemployed,single,tertiary,no,no,no,cellular,30,apr,463,1,-1,0,unknown,1,positive,,
30,management,married,tertiary,no,no,no,cellular,30,apr,262,3,189,11,other,1,positive,,
37,services,married,secondary,no,no,no,cellular,30,apr,665,2,196,1,success,1,positive,,
54,technician,married,tertiary,no,no,no,cellular,30,apr,183,1,183,2,success,1,positive,,
49,admin.,married,secondary,no,no,no,cellular,30,apr,551,1,-1,0,unknown,1,negative,,
45,admin.,married,secondary,no,no,no,cellular,4,may,552,1,90,2,success,1,positive,,
48,blue-collar,married,secondary,no,yes,no,cellular,4,may,361,1,89,3,success,1,positive,,
60,blue-collar,married,primary,no,no,no,cellular,4,may,494,1,95,2,success,1,positive,,
34,unemployed,single,secondary,no,no,no,telephone,4,may,714,1,-1,0,unknown,1,positive,,
29,housemaid,single,tertiary,no,no,no,cellular,4,may,268,1,88,4,success,1,positive,,
77,retired,married,tertiary,no,no,no,telephone,4,may,421,1,92,2,success,1,positive,,
33,services,married,secondary,no,no,no,cellular,4,may,489,1,182,1,success,1,positive,,
35,unemployed,single,tertiary,no,no,no,cellular,4,may,164,2,89,2,success,1,positive,,
64,management,married,unknown,no,no,no,cellular,4,may,153,2,182,11,success,1,positive,,
80,retired,married,primary,no,no,no,telephone,4,may,209,1,53,3,success,1,positive,,
26,technician,single,tertiary,no,no,no,cellular,5,may,188,2,-1,0,unknown,1,positive,,
33,admin.,married,tertiary,no,yes,no,cellular,5,may,389,1,195,4,success,1,positive,,
41,technician,single,tertiary,no,yes,no,cellular,5,may,258,1,90,7,success,1,positive,,
28,management,single,tertiary,no,no,no,cellular,5,may,338,1,-1,0,unknown,1,positive,,
74,retired,married,secondary,no,no,no,cellular,5,may,226,1,99,2,failure,1,positive,,
29,student,single,unknown,no,no,no,cellular,5,may,232,1,89,4,other,1,positive,,
72,retired,married,primary,no,no,no,telephone,5,may,510,4,-1,0,unknown,1,positive,,
18,student,single,unknown,no,no,no,cellular,5,may,443,4,-1,0,unknown,1,positive,,
46,blue-collar,married,secondary,no,yes,no,cellular,6,may,246,1,55,5,success,1,positive,,
37,technician,married,tertiary,no,no,no,cellular,6,may,195,1,90,3,other,1,positive,,
67,retired,divorced,secondary,no,no,no,cellular,6,may,613,1,87,3,success,1,positive,,
36,admin.,single,tertiary,no,no,no,cellular,6,may,211,1,90,6,success,1,positive,,
37,management,married,tertiary,no,no,no,cellular,6,may,243,2,98,2,failure,1,positive,,
32,technician,married,secondary,no,no,yes,cellular,7,may,292,3,-1,0,unknown,1,positive,,
51,technician,married,tertiary,no,no,no,cellular,7,may,662,2,66,2,success,1,negative,,
77,unknown,married,unknown,no,no,no,telephone,7,may,300,3,-1,0,unknown,1,positive,,
35,management,married,tertiary,no,no,no,cellular,7,may,226,2,88,4,success,1,positive,,
53,management,married,tertiary,no,no,no,cellular,7,may,211,4,88,8,success,1,positive,,
46,management,married,tertiary,no,yes,no,cellular,10,may,583,6,53,6,success,1,positive,,
44,services,single,secondary,no,no,no,cellular,12,may,193,1,-1,0,unknown,1,positive,,
78,retired,divorced,secondary,no,no,no,cellular,12,may,309,1,181,1,success,1,positive,,
42,management,married,tertiary,no,no,no,cellular,12,may,176,2,89,5,success,1,positive,,
34,services,married,secondary,no,no,no,cellular,12,may,152,1,182,6,success,1,positive,,
34,technician,married,secondary,no,no,no,cellular,12,may,171,2,181,3,success,1,positive,,
66,management,married,secondary,no,no,no,cellular,12,may,457,2,392,2,success,1,positive,,
54,management,married,tertiary,no,no,no,cellular,12,may,166,3,182,10,success,1,positive,,
31,blue-collar,married,secondary,no,no,no,cellular,12,may,228,2,267,1,failure,1,positive,,
33,services,married,secondary,no,no,no,cellular,12,may,317,1,181,5,success,1,positive,,
19,student,single,primary,no,no,no,cellular,12,may,236,1,180,2,success,1,positive,,
24,technician,single,secondary,no,no,no,cellular,12,may,762,1,182,2,success,1,positive,,
23,student,single,unknown,no,no,no,cellular,12,may,411,1,-1,0,unknown,1,positive,,
29,self-employed,single,tertiary,no,no,no,cellular,12,may,430,1,50,3,success,1,positive,,
28,admin.,single,secondary,no,no,no,telephone,12,may,360,1,181,5,success,1,positive,,
31,management,single,tertiary,no,no,no,telephone,12,may,372,1,90,10,success,1,positive,,
34,technician,single,tertiary,no,yes,no,cellular,13,may,620,3,-1,0,unknown,1,positive,,
54,blue-collar,divorced,primary,no,no,no,telephone,13,may,414,1,183,2,success,1,positive,,
32,unemployed,single,secondary,no,yes,no,cellular,13,may,289,1,-1,0,unknown,1,positive,,
54,unknown,married,secondary,no,no,no,cellular,13,may,260,1,91,4,success,1,positive,,
77,retired,married,primary,no,no,no,cellular,13,may,289,1,91,5,success,1,positive,,
40,admin.,married,secondary,no,yes,no,cellular,13,may,306,1,181,5,success,1,positive,,
63,retired,divorced,tertiary,no,no,no,cellular,13,may,263,1,181,2,success,1,negative,,
37,management,married,tertiary,no,yes,no,cellular,13,may,216,1,87,10,success,1,positive,,
48,blue-collar,married,secondary,no,yes,no,cellular,13,may,328,2,182,3,success,1,positive,,
27,blue-collar,single,secondary,no,no,no,cellular,13,may,159,1,87,3,success,1,positive,,
28,technician,single,secondary,no,no,no,cellular,13,may,624,1,-1,0,unknown,1,positive,,
35,management,married,tertiary,no,no,no,cellular,13,may,331,1,90,3,success,1,positive,,
29,management,single,tertiary,no,no,no,cellular,13,may,270,1,-1,0,unknown,1,negative,,
68,retired,married,secondary,no,no,no,cellular,13,may,356,1,71,5,success,1,positive,,
53,blue-collar,single,secondary,no,no,no,cellular,13,may,393,1,84,1,other,1,positive,,
37,technician,single,tertiary,no,no,no,cellular,13,may,234,1,87,3,success,1,positive,,
58,admin.,married,secondary,no,no,no,cellular,13,may,336,3,87,5,success,1,positive,,
37,management,married,tertiary,no,yes,no,cellular,14,may,567,3,275,4,failure,1,positive,,
37,admin.,married,tertiary,no,no,no,cellular,14,may,404,2,183,2,other,1,positive,,
34,admin.,married,secondary,no,no,no,cellular,14,may,526,3,179,3,success,1,positive,,
50,admin.,married,secondary,no,yes,no,cellular,14,may,196,8,182,4,success,1,positive,,
56,management,married,primary,no,no,no,cellular,14,may,220,1,179,1,success,1,positive,,
57,retired,married,primary,no,no,no,cellular,14,may,700,4,92,7,success,1,positive,,
29,unemployed,single,primary,no,no,no,cellular,14,may,1205,2,178,7,success,1,positive,,
75,retired,married,tertiary,no,no,no,cellular,14,may,809,1,179,4,success,1,positive,,
24,management,single,tertiary,no,no,no,cellular,14,may,396,5,-1,0,unknown,1,positive,,
46,management,married,tertiary,no,no,no,cellular,14,may,466,4,88,3,success,1,positive,,
56,blue-collar,married,secondary,no,yes,yes,cellular,17,may,556,1,181,2,other,1,positive,,
72,retired,married,secondary,no,no,no,cellular,17,may,1114,1,181,2,success,1,positive,,
27,student,single,tertiary,no,no,no,cellular,17,may,379,1,258,10,other,1,positive,,
52,management,married,tertiary,no,no,no,cellular,17,may,376,1,181,3,success,1,positive,,
38,management,married,tertiary,no,no,no,cellular,17,may,272,2,182,3,success,1,positive,,
33,management,single,tertiary,no,no,no,cellular,17,may,508,1,-1,0,unknown,1,positive,,
53,admin.,married,secondary,no,yes,no,cellular,18,may,387,1,-1,0,unknown,1,positive,,
64,retired,married,secondary,no,no,no,cellular,18,may,336,1,89,5,failure,1,positive,,
84,retired,divorced,primary,no,no,no,telephone,18,may,353,3,-1,0,unknown,1,positive,,
62,retired,married,secondary,no,no,no,cellular,18,may,243,2,186,1,success,1,positive,,
41,admin.,married,tertiary,no,yes,no,telephone,18,may,327,2,361,3,failure,1,positive,,
29,admin.,single,secondary,no,yes,no,unknown,19,may,30,1,357,1,other,1,positive,,
53,technician,married,secondary,no,yes,no,cellular,19,may,472,1,90,6,success,1,positive,,
30,technician,single,secondary,no,no,no,cellular,19,may,212,2,-1,0,unknown,1,positive,,
58,retired,married,secondary,no,no,no,cellular,20,may,420,1,87,1,failure,1,positive,,
35,technician,single,tertiary,no,no,no,cellular,20,may,154,1,-1,0,unknown,1,positive,,
37,management,married,tertiary,no,no,no,cellular,20,may,291,2,202,5,other,1,positive,,
78,retired,married,unknown,no,no,no,telephone,20,may,351,3,-1,0,unknown,1,positive,,
47,blue-collar,married,secondary,no,yes,no,cellular,21,may,226,3,91,8,success,1,positive,,
61,technician,married,secondary,no,no,no,cellular,21,may,214,4,-1,0,unknown,1,positive,,
47,admin.,married,secondary,no,no,no,cellular,21,may,403,1,87,6,success,1,positive,,
46,self-employed,married,secondary,no,no,no,cellular,21,may,588,1,386,3,failure,1,positive,,
51,management,married,tertiary,no,no,no,cellular,21,may,407,3,74,5,failure,1,positive,,
31,unemployed,single,secondary,no,no,no,cellular,21,may,374,1,185,2,other,1,positive,,
24,unemployed,single,secondary,no,no,no,cellular,24,may,375,2,-1,0,unknown,1,positive,,
21,student,single,secondary,no,no,no,cellular,24,may,382,1,89,7,success,1,positive,,
71,retired,married,primary,no,no,no,cellular,24,may,341,2,133,3,failure,1,positive,,
52,admin.,single,secondary,no,yes,no,cellular,24,may,699,1,378,9,failure,1,positive,,
27,technician,single,tertiary,no,yes,no,cellular,24,may,168,1,389,1,failure,1,positive,,
25,student,single,secondary,no,no,no,cellular,24,may,323,2,353,3,other,1,positive,,
33,services,single,secondary,no,yes,no,cellular,25,may,202,2,365,2,success,1,positive,,
60,technician,married,secondary,no,no,no,cellular,25,may,641,4,-1,0,unknown,1,negative,,
28,student,single,secondary,no,no,no,cellular,25,may,252,1,88,4,failure,1,positive,,
30,admin.,single,secondary,no,yes,no,cellular,25,may,681,1,181,2,success,1,positive,,
29,unemployed,single,tertiary,no,no,no,cellular,25,may,393,1,-1,0,unknown,1,positive,,
52,management,married,tertiary,no,no,no,cellular,25,may,272,1,-1,0,unknown,1,positive,,
59,management,married,primary,no,no,no,telephone,25,may,500,4,358,2,failure,1,positive,,
38,technician,married,secondary,no,no,no,cellular,26,may,332,1,-1,0,unknown,1,positive,,
56,management,married,tertiary,no,yes,no,cellular,26,may,410,1,551,5,other,1,positive,,
33,services,single,secondary,no,no,no,cellular,26,may,289,1,328,1,success,1,positive,,
31,technician,single,secondary,no,no,no,cellular,26,may,405,3,205,2,failure,1,positive,,
40,technician,married,secondary,no,no,no,cellular,26,may,175,3,89,7,other,1,positive,,
28,technician,married,secondary,no,no,no,cellular,26,may,236,1,-1,0,unknown,1,positive,,
66,management,married,unknown,no,yes,no,cellular,26,may,135,2,90,11,success,1,positive,,
27,blue-collar,single,tertiary,no,no,no,cellular,26,may,523,3,182,3,success,1,positive,,
32,admin.,single,secondary,no,no,no,cellular,26,may,530,2,-1,0,unknown,1,positive,,
67,retired,married,primary,no,no,no,telephone,26,may,283,2,135,5,success,1,positive,,
39,unemployed,divorced,secondary,no,yes,no,unknown,27,may,93,1,555,2,other,1,positive,,
46,housemaid,married,secondary,no,no,no,cellular,27,may,181,3,183,1,success,1,positive,,
54,retired,married,secondary,no,no,no,cellular,27,may,820,1,-1,0,unknown,1,positive,,
23,student,single,tertiary,no,no,no,cellular,27,may,1178,1,178,6,success,1,positive,,
47,services,divorced,unknown,no,no,no,cellular,27,may,489,1,479,1,failure,1,positive,,
28,services,single,tertiary,no,no,no,cellular,27,may,460,1,414,1,failure,1,positive,,
45,technician,married,secondary,no,no,no,cellular,27,may,275,2,-1,0,unknown,1,positive,,
63,blue-collar,married,secondary,no,no,no,cellular,27,may,417,2,-1,0,unknown,1,positive,,
60,unemployed,married,secondary,no,no,no,cellular,27,may,173,3,279,4,success,1,positive,,
29,blue-collar,single,tertiary,no,no,no,telephone,27,may,214,2,36,1,success,1,positive,,
29,management,married,tertiary,no,no,no,cellular,28,may,473,3,-1,0,unknown,1,positive,,
23,student,single,secondary,no,no,no,cellular,28,may,538,2,184,9,failure,1,positive,,
33,services,single,unknown,no,yes,no,unknown,28,may,86,1,-1,0,unknown,1,positive,,
48,housemaid,married,secondary,no,no,no,cellular,28,may,270,5,-1,0,unknown,1,negative,,
26,student,single,secondary,no,no,no,cellular,28,may,663,3,196,2,other,1,positive,,
26,technician,single,tertiary,no,no,no,cellular,31,may,775,1,-1,0,unknown,1,positive,,
55,admin.,married,secondary,no,no,no,cellular,1,jun,201,1,-1,0,unknown,1,positive,,
30,admin.,married,secondary,no,no,no,cellular,1,jun,318,1,-1,0,unknown,1,negative,,
36,technician,married,secondary,no,no,no,cellular,1,jun,516,1,292,5,failure,1,positive,,
33,admin.,single,tertiary,no,yes,no,cellular,1,jun,326,1,237,2,failure,1,positive,,
28,blue-collar,single,secondary,no,yes,no,cellular,1,jun,154,2,91,12,success,1,negative,,
28,services,single,secondary,no,no,no,cellular,1,jun,347,3,140,2,success,1,positive,,
31,management,single,tertiary,no,no,no,cellular,1,jun,296,5,-1,0,unknown,1,positive,,
28,management,single,tertiary,no,yes,no,cellular,1,jun,303,1,278,3,success,1,positive,,
49,admin.,single,tertiary,no,yes,no,cellular,2,jun,407,1,92,1,success,1,positive,,
27,blue-collar,single,tertiary,no,no,no,cellular,2,jun,657,1,182,1,success,1,positive,,
28,admin.,married,secondary,no,no,no,cellular,2,jun,226,2,182,4,success,1,positive,,
37,admin.,divorced,tertiary,no,no,no,cellular,2,jun,238,1,181,2,success,1,positive,,
65,admin.,married,secondary,no,no,no,cellular,2,jun,310,1,-1,0,unknown,1,positive,,
30,technician,single,secondary,no,no,no,cellular,4,jun,204,2,183,3,success,1,positive,,
51,management,married,tertiary,no,no,no,unknown,7,jun,302,1,-1,0,unknown,1,negative,,
38,admin.,married,secondary,no,yes,no,cellular,8,jun,187,1,181,2,success,1,negative,,
36,technician,divorced,secondary,no,yes,no,cellular,8,jun,215,1,371,6,failure,1,positive,,
35,management,single,tertiary,no,yes,no,cellular,8,jun,380,1,-1,0,unknown,1,positive,,
63,retired,divorced,secondary,no,no,no,cellular,8,jun,506,1,-1,0,unknown,1,positive,,
63,retired,married,primary,no,no,no,cellular,9,jun,251,1,-1,0,unknown,1,positive,,
34,management,married,tertiary,no,no,no,cellular,9,jun,190,1,92,9,success,1,positive,,
36,services,married,secondary,no,no,no,cellular,9,jun,150,1,92,5,success,1,positive,,
31,management,married,tertiary,no,no,no,cellular,9,jun,192,1,93,7,other,1,positive,,
28,management,single,tertiary,no,no,no,cellular,9,jun,206,1,92,1,success,1,positive,,
80,retired,married,secondary,no,no,no,telephone,9,jun,712,1,64,12,failure,1,positive,,
39,blue-collar,married,secondary,no,no,no,cellular,9,jun,334,2,-1,0,unknown,1,positive,,
31,management,single,tertiary,no,no,no,cellular,9,jun,163,2,92,3,success,1,positive,,
39,services,married,secondary,no,no,no,cellular,9,jun,874,2,188,6,failure,1,positive,,
30,blue-collar,single,secondary,no,no,no,unknown,13,jun,674,1,-1,0,unknown,1,positive,,
67,retired,married,unknown,no,no,no,telephone,14,jun,278,5,116,4,other,1,positive,,
29,blue-collar,single,secondary,no,no,no,unknown,14,jun,434,1,96,6,other,1,positive,,
36,management,married,tertiary,no,no,no,cellular,14,jun,187,1,94,9,success,1,positive,,
24,student,single,unknown,no,no,no,cellular,14,jun,245,1,384,1,other,1,positive,,
30,technician,single,secondary,no,no,no,cellular,14,jun,661,1,384,2,other,1,positive,,
21,student,single,unknown,no,no,no,cellular,14,jun,270,1,-1,0,unknown,1,positive,,
27,admin.,single,unknown,no,no,no,cellular,14,jun,212,4,-1,0,unknown,1,positive,,
56,admin.,married,secondary,no,no,no,cellular,14,jun,458,1,130,8,success,1,positive,,
66,admin.,married,secondary,no,no,no,cellular,14,jun,713,2,-1,0,unknown,1,positive,,
71,retired,divorced,primary,no,no,no,cellular,14,jun,293,1,425,1,success,1,positive,,
26,services,single,tertiary,no,no,no,cellular,14,jun,563,1,181,10,failure,1,positive,,
62,retired,married,primary,no,no,no,cellular,14,jun,167,2,98,6,other,1,positive,,
32,self-employed,single,tertiary,no,yes,no,cellular,14,jun,485,2,-1,0,unknown,1,positive,,
68,retired,divorced,primary,no,no,no,cellular,15,jun,619,2,92,2,success,1,positive,,
37,admin.,married,tertiary,no,no,no,cellular,15,jun,379,2,376,13,other,1,positive,,
27,management,single,tertiary,no,no,no,cellular,15,jun,910,1,224,3,success,1,positive,,
45,technician,single,tertiary,no,no,no,cellular,15,jun,243,5,285,2,success,1,positive,,
64,retired,married,secondary,no,no,no,telephone,15,jun,208,1,-1,0,unknown,1,positive,,
28,management,single,tertiary,no,no,no,cellular,16,jun,292,1,504,1,failure,1,positive,,
38,student,divorced,tertiary,no,no,no,cellular,16,jun,605,3,-1,0,unknown,1,positive,,
66,housemaid,married,primary,no,no,no,cellular,16,jun,288,6,181,3,success,1,positive,,
30,management,single,tertiary,no,no,no,cellular,17,jun,339,3,183,2,success,1,positive,,
39,technician,single,secondary,no,no,no,cellular,17,jun,383,1,296,19,other,1,positive,,
24,technician,single,secondary,no,no,no,unknown,17,jun,247,1,-1,0,unknown,1,positive,,
30,services,divorced,secondary,no,yes,no,cellular,17,jun,1720,1,-1,0,unknown,1,positive,,
49,technician,married,tertiary,no,no,no,cellular,17,jun,169,1,-1,0,unknown,1,positive,,
34,management,married,tertiary,no,yes,no,cellular,17,jun,485,2,227,4,failure,1,positive,,
36,admin.,married,secondary,no,no,no,cellular,17,jun,282,4,-1,0,unknown,1,positive,,
46,blue-collar,married,secondary,no,no,no,cellular,17,jun,176,2,52,7,failure,1,positive,,
32,technician,single,tertiary,no,no,no,cellular,17,jun,544,1,-1,0,unknown,1,positive,,
52,blue-collar,married,secondary,no,no,yes,cellular,17,jun,301,2,134,4,success,1,positive,,
25,blue-collar,single,secondary,no,no,no,cellular,18,jun,252,1,92,1,success,1,positive,,
20,student,single,secondary,no,no,no,unknown,21,jun,100,1,-1,0,unknown,1,positive,,
57,management,divorced,tertiary,no,no,no,cellular,22,jun,867,1,84,3,success,1,positive,,
32,admin.,single,secondary,no,yes,no,cellular,22,jun,522,1,183,2,success,1,positive,,
64,retired,divorced,primary,no,no,no,cellular,23,jun,706,1,225,2,success,1,positive,,
33,management,single,tertiary,no,no,no,cellular,23,jun,342,2,107,2,success,1,positive,,
30,blue-collar,single,secondary,no,no,no,cellular,23,jun,1407,1,-1,0,unknown,1,positive,,
36,management,single,tertiary,no,no,no,cellular,23,jun,339,1,183,5,success,1,positive,,
59,management,married,tertiary,no,no,no,cellular,23,jun,671,3,-1,0,unknown,1,positive,,
25,student,single,secondary,no,no,no,cellular,24,jun,1207,4,385,1,failure,1,positive,,
43,services,married,secondary,no,no,no,cellular,24,jun,482,1,91,2,success,1,positive,,
37,self-employed,single,tertiary,no,no,no,cellular,24,jun,310,1,-1,0,unknown,1,positive,,
49,management,married,tertiary,no,yes,yes,cellular,25,jun,213,6,150,8,failure,1,positive,,
42,technician,divorced,tertiary,no,yes,no,cellular,25,jun,300,1,389,3,failure,1,positive,,
27,blue-collar,single,secondary,no,no,no,cellular,25,jun,374,1,179,2,success,1,positive,,
29,technician,single,secondary,no,no,no,cellular,25,jun,472,2,-1,0,unknown,1,positive,,
37,technician,married,tertiary,no,no,no,cellular,25,jun,266,2,318,3,other,1,positive,,
47,management,single,tertiary,no,yes,no,cellular,28,jun,614,3,94,9,success,1,positive,,
38,management,single,tertiary,no,no,no,cellular,28,jun,297,4,144,4,other,1,positive,,
48,management,single,tertiary,no,no,no,cellular,28,jun,281,3,186,6,other,1,positive,,
55,housemaid,divorced,primary,no,no,no,cellular,28,jun,345,1,94,3,other,1,positive,,
39,technician,single,tertiary,no,no,no,cellular,28,jun,325,1,94,1,success,1,positive,,
49,admin.,single,secondary,no,no,no,cellular,28,jun,452,1,-1,0,unknown,1,positive,,
26,management,single,tertiary,no,no,no,cellular,28,jun,247,1,63,2,success,1,positive,,
68,retired,divorced,primary,no,no,no,telephone,28,jun,363,1,-1,0,unknown,1,positive,,
45,management,married,unknown,no,no,no,cellular,28,jun,359,2,182,1,success,1,positive,,
67,retired,married,primary,no,no,no,cellular,28,jun,737,6,186,10,other,1,positive,,
22,housemaid,single,secondary,no,no,no,cellular,28,jun,369,3,-1,0,unknown,1,positive,,
60,retired,married,secondary,no,no,no,cellular,29,jun,265,1,586,2,failure,1,positive,,
31,blue-collar,single,secondary,no,yes,no,cellular,29,jun,401,1,-1,0,unknown,1,positive,,
58,blue-collar,married,primary,no,no,no,cellular,29,jun,295,1,287,4,success,1,positive,,
41,admin.,married,secondary,no,yes,no,cellular,29,jun,222,1,91,7,failure,1,positive,,
23,services,single,secondary,no,no,no,cellular,29,jun,205,1,91,3,success,1,positive,,
35,unemployed,married,secondary,no,no,no,cellular,29,jun,660,2,182,6,success,1,positive,,
33,management,single,tertiary,no,yes,no,cellular,29,jun,271,1,84,3,success,1,positive,,
33,management,single,tertiary,no,no,no,cellular,29,jun,421,2,-1,0,unknown,1,positive,,
32,technician,divorced,tertiary,no,no,no,cellular,29,jun,167,2,-1,0,unknown,1,positive,,
32,student,single,tertiary,no,no,no,cellular,30,jun,598,4,105,5,failure,1,positive,,
48,admin.,single,secondary,no,yes,no,telephone,30,jun,263,1,450,2,failure,1,positive,,
41,admin.,single,secondary,no,yes,no,cellular,30,jun,274,2,391,11,success,1,positive,,
43,management,single,tertiary,no,no,no,cellular,30,jun,275,2,296,1,failure,1,negative,,
32,technician,single,tertiary,no,no,no,cellular,30,jun,319,2,-1,0,unknown,1,positive,,
21,student,single,secondary,no,no,no,cellular,30,jun,258,6,169,3,success,1,positive,,
74,retired,divorced,primary,no,no,no,cellular,30,jun,301,5,93,4,other,1,positive,,
32,management,single,tertiary,no,no,no,cellular,1,jul,561,2,295,2,success,1,positive,,
63,retired,married,secondary,no,no,no,cellular,1,jul,304,1,119,2,success,1,positive,,
53,services,divorced,secondary,no,yes,yes,unknown,2,jul,25,1,417,1,success,1,positive,,
28,student,single,secondary,no,no,no,cellular,2,jul,423,3,-1,0,unknown,1,positive,,
31,services,single,secondary,no,no,no,cellular,2,jul,217,3,-1,0,unknown,1,positive,,
43,technician,divorced,unknown,no,no,no,telephone,2,jul,632,2,85,1,success,1,positive,,
26,blue-collar,single,secondary,no,no,yes,cellular,2,jul,248,2,-1,0,unknown,1,positive,,
31,student,single,secondary,no,no,no,cellular,2,jul,667,1,-1,0,unknown,1,positive,,
39,management,divorced,tertiary,no,no,no,cellular,2,jul,194,2,88,1,success,1,positive,,
28,services,single,secondary,no,no,no,cellular,5,jul,128,2,-1,0,unknown,1,positive,,
30,technician,single,tertiary,no,yes,no,cellular,5,jul,140,1,424,8,success,1,negative,,
24,admin.,single,tertiary,no,yes,no,cellular,6,jul,267,1,-1,0,unknown,1,positive,,
32,management,single,tertiary,no,no,no,cellular,6,jul,335,3,194,2,failure,1,positive,,
46,management,divorced,tertiary,no,no,no,cellular,6,jul,319,1,-1,0,unknown,1,positive,,
60,technician,married,secondary,no,no,no,cellular,6,jul,396,1,386,2,success,1,positive,,
37,technician,married,secondary,no,yes,no,cellular,6,jul,386,3,776,55,failure,1,positive,,
48,management,single,tertiary,no,no,no,telephone,7,jul,229,1,251,6,success,1,positive,,
52,services,married,secondary,no,no,no,telephone,7,jul,398,2,460,2,failure,1,positive,,
29,management,single,tertiary,no,no,no,cellular,7,jul,273,2,433,1,success,1,positive,,
71,retired,divorced,unknown,no,no,no,telephone,7,jul,276,2,-1,0,unknown,1,positive,,
47,management,single,tertiary,no,no,no,cellular,8,jul,229,1,412,2,failure,1,positive,,
70,retired,married,primary,no,no,no,cellular,8,jul,480,1,181,2,success,1,positive,,
28,management,single,tertiary,yes,yes,no,cellular,8,jul,294,1,521,1,failure,1,positive,,
31,self-employed,married,tertiary,no,no,no,telephone,8,jul,411,2,148,9,other,1,positive,,
80,retired,married,secondary,no,no,no,telephone,8,jul,250,1,371,1,success,1,positive,,
29,management,single,tertiary,no,no,no,cellular,8,jul,968,1,87,5,failure,1,positive,,
23,student,single,secondary,no,no,no,cellular,8,jul,414,2,-1,0,unknown,1,positive,,
34,services,single,secondary,no,no,no,cellular,8,jul,449,2,-1,0,unknown,1,positive,,
69,retired,married,secondary,no,no,no,cellular,8,jul,967,3,-1,0,unknown,1,positive,,
19,student,single,secondary,no,no,no,telephone,8,jul,444,3,-1,0,unknown,1,positive,,
35,blue-collar,single,unknown,no,no,no,cellular,8,jul,344,1,87,3,failure,1,positive,,
38,admin.,married,secondary,no,yes,no,cellular,9,jul,483,4,239,7,success,1,positive,,
32,technician,single,unknown,no,no,no,cellular,9,jul,474,7,-1,0,unknown,1,positive,,
50,unknown,married,unknown,no,no,no,cellular,9,jul,464,1,683,6,failure,1,positive,,
27,technician,single,secondary,no,no,no,unknown,9,jul,23,1,-1,0,unknown,1,positive,,
53,admin.,single,secondary,no,no,no,unknown,10,jul,67,1,-1,0,unknown,1,positive,,
35,self-employed,married,tertiary,no,no,no,cellular,12,jul,210,3,158,7,other,1,positive,,
66,retired,divorced,unknown,no,no,no,cellular,12,jul,562,4,-1,0,unknown,1,positive,,
43,admin.,single,secondary,no,no,no,cellular,12,jul,220,3,529,1,failure,1,positive,,
30,self-employed,single,tertiary,no,no,no,cellular,12,jul,537,1,-1,0,unknown,1,positive,,
57,retired,married,secondary,no,no,no,telephone,12,jul,567,1,182,3,success,1,positive,,
36,management,married,tertiary,no,no,no,cellular,12,jul,262,2,182,7,failure,1,positive,,
31,management,single,tertiary,no,yes,no,cellular,12,jul,248,1,194,3,failure,1,positive,,
47,admin.,single,secondary,no,no,no,cellular,12,jul,250,2,181,4,success,1,positive,,
65,retired,divorced,secondary,no,no,no,cellular,13,jul,305,1,-1,0,unknown,1,positive,,
25,blue-collar,single,secondary,no,yes,no,cellular,13,jul,195,2,91,10,success,1,positive,,
33,management,single,tertiary,no,no,no,cellular,13,jul,363,1,181,1,failure,1,positive,,
29,self-employed,single,tertiary,no,no,no,cellular,13,jul,178,1,181,4,success,1,positive,,
79,retired,divorced,primary,no,no,no,telephone,13,jul,617,1,377,1,success,1,positive,,
24,student,single,secondary,no,no,no,cellular,13,jul,475,1,412,1,other,1,positive,,
27,technician,single,secondary,no,no,no,cellular,13,jul,317,1,-1,0,unknown,1,positive,,
36,management,single,unknown,no,no,no,cellular,13,jul,311,1,91,2,success,1,positive,,
31,unemployed,married,tertiary,no,no,no,cellular,13,jul,309,1,181,3,success,1,positive,,
22,student,single,secondary,no,no,no,cellular,13,jul,337,1,181,2,success,1,positive,,
36,services,married,unknown,no,no,no,cellular,13,jul,360,1,335,2,success,1,positive,,
40,management,married,tertiary,no,no,no,cellular,13,jul,256,3,439,1,failure,1,positive,,
31,technician,married,tertiary,no,no,no,cellular,13,jul,577,6,182,2,success,1,positive,,
26,blue-collar,single,secondary,no,no,no,cellular,13,jul,272,3,182,2,success,1,positive,,
51,management,married,tertiary,no,no,yes,cellular,13,jul,371,2,166,3,other,1,positive,,
70,retired,divorced,primary,no,no,no,telephone,14,jul,413,1,181,3,success,1,positive,,
24,student,single,primary,no,no,no,cellular,14,jul,334,4,93,6,other,1,positive,,
23,student,single,secondary,no,no,no,cellular,14,jul,603,1,-1,0,unknown,1,positive,,
41,technician,single,secondary,no,no,no,cellular,14,jul,397,2,-1,0,unknown,1,positive,,
53,technician,married,primary,no,no,no,cellular,14,jul,817,2,209,3,other,1,positive,,
86,retired,married,primary,no,no,no,telephone,14,jul,247,1,180,3,success,1,positive,,
27,student,single,unknown,no,no,no,cellular,14,jul,276,1,-1,0,unknown,1,positive,,
34,technician,single,tertiary,no,no,no,cellular,14,jul,604,1,-1,0,unknown,1,positive,,
68,retired,divorced,secondary,no,no,no,telephone,14,jul,897,2,-1,0,unknown,1,positive,,
35,management,married,secondary,no,yes,no,cellular,14,jul,287,2,415,1,failure,1,positive,,
28,student,single,secondary,no,no,no,cellular,14,jul,87,3,184,2,other,1,positive,,
66,retired,married,secondary,no,no,no,cellular,15,jul,268,5,181,2,failure,1,positive,,
30,management,single,tertiary,no,no,no,cellular,15,jul,219,1,91,1,success,1,positive,,
60,retired,divorced,tertiary,no,yes,no,cellular,15,jul,346,1,181,4,success,1,positive,,
46,admin.,married,secondary,no,no,no,cellular,15,jul,957,1,182,1,success,1,positive,,
47,admin.,married,secondary,no,no,no,cellular,15,jul,415,2,342,1,other,1,positive,,
31,technician,single,secondary,no,no,no,cellular,15,jul,252,1,184,3,success,1,positive,,
68,retired,married,secondary,no,yes,no,telephone,15,jul,552,2,-1,0,unknown,1,positive,,
63,blue-collar,married,secondary,no,no,no,cellular,15,jul,390,2,182,5,success,1,positive,,
42,unemployed,married,secondary,no,no,no,cellular,15,jul,250,4,415,2,failure,1,positive,,
29,student,single,secondary,no,no,no,cellular,15,jul,198,2,244,4,other,1,positive,,
61,retired,married,secondary,no,no,no,cellular,15,jul,392,2,183,3,success,1,positive,,
35,services,married,secondary,no,no,yes,cellular,16,jul,815,2,407,3,success,1,positive,,
43,unemployed,married,tertiary,no,no,no,cellular,16,jul,745,1,281,1,failure,1,negative,,
64,retired,married,secondary,no,no,no,cellular,16,jul,574,1,179,3,success,1,positive,,
22,student,single,primary,no,no,no,cellular,16,jul,316,1,179,10,success,1,positive,,
49,blue-collar,married,secondary,no,no,no,cellular,16,jul,486,1,-1,0,unknown,1,positive,,
19,student,single,secondary,no,no,no,cellular,16,jul,205,1,-1,0,unknown,1,positive,,
31,management,divorced,tertiary,no,no,yes,cellular,16,jul,241,1,-1,0,unknown,1,positive,,
37,management,married,tertiary,no,no,no,cellular,16,jul,268,2,182,3,success,1,negative,,
48,unemployed,married,secondary,no,no,no,cellular,16,jul,806,3,183,5,success,1,positive,,
33,technician,married,secondary,no,no,no,cellular,16,jul,457,2,182,3,other,1,positive,,
39,blue-collar,married,secondary,no,no,no,cellular,19,jul,207,2,276,3,other,1,positive,,
34,technician,married,secondary,no,no,no,cellular,19,jul,253,3,458,1,success,1,positive,,
46,technician,married,secondary,no,no,no,cellular,19,jul,1148,1,276,2,other,1,positive,,
42,management,married,unknown,no,no,no,cellular,19,jul,268,1,-1,0,unknown,1,positive,,
60,admin.,married,unknown,no,no,no,cellular,19,jul,173,2,311,8,failure,1,positive,,
36,management,divorced,tertiary,no,no,no,cellular,19,jul,230,2,164,2,failure,1,positive,,
32,entrepreneur,married,tertiary,no,no,no,cellular,19,jul,187,11,-1,0,unknown,1,positive,,
45,management,married,tertiary,no,no,no,cellular,19,jul,568,7,-1,0,unknown,1,positive,,
44,management,single,tertiary,no,no,no,cellular,19,jul,204,4,532,2,other,1,positive,,
57,retired,married,secondary,no,yes,no,cellular,20,jul,178,2,92,8,failure,1,positive,,
29,admin.,single,secondary,no,no,no,cellular,20,jul,165,2,481,1,success,1,positive,,
31,unemployed,divorced,tertiary,no,no,no,cellular,20,jul,355,2,-1,0,unknown,1,positive,,
54,blue-collar,married,secondary,no,no,no,telephone,20,jul,1008,2,-1,0,unknown,1,positive,,
49,management,divorced,tertiary,no,no,no,cellular,21,jul,316,1,-1,0,unknown,1,positive,,
35,admin.,single,secondary,no,no,no,cellular,21,jul,143,1,412,3,other,1,positive,,
24,student,single,secondary,no,no,no,cellular,21,jul,314,1,156,2,success,1,positive,,
24,admin.,single,secondary,no,no,no,cellular,22,jul,355,2,92,1,success,1,positive,,
43,management,married,tertiary,no,no,no,cellular,22,jul,942,1,-1,0,unknown,1,positive,,
34,unemployed,single,tertiary,no,no,no,cellular,22,jul,355,1,342,3,success,1,positive,,
60,unemployed,married,primary,no,no,no,cellular,22,jul,1193,1,412,1,other,1,negative,,
27,admin.,married,tertiary,no,no,no,cellular,22,jul,138,2,178,4,success,1,positive,,
54,management,divorced,tertiary,no,no,no,cellular,22,jul,321,4,-1,0,unknown,1,positive,,
38,management,married,tertiary,no,yes,no,cellular,22,jul,248,1,-1,0,unknown,1,positive,,
34,technician,single,secondary,no,yes,no,cellular,22,jul,174,2,160,8,other,1,positive,,
93,retired,married,unknown,no,no,no,cellular,22,jul,860,2,177,7,success,1,positive,,
36,management,married,tertiary,no,no,no,cellular,23,jul,608,3,179,2,success,1,positive,,
33,admin.,single,tertiary,no,no,no,cellular,23,jul,351,3,-1,0,unknown,1,positive,,
37,technician,single,tertiary,no,yes,no,cellular,23,jul,366,6,-1,0,unknown,1,negative,,
35,management,married,tertiary,no,yes,no,cellular,23,jul,350,2,445,7,other,1,positive,,
41,admin.,married,secondary,no,no,no,cellular,23,jul,1360,4,-1,0,unknown,1,positive,,
36,technician,divorced,secondary,no,yes,no,cellular,23,jul,192,4,93,17,other,1,positive,,
30,student,single,tertiary,no,no,no,cellular,23,jul,251,1,535,1,failure,1,positive,,
41,technician,single,tertiary,no,no,no,cellular,23,jul,196,1,88,5,failure,1,positive,,
29,management,single,tertiary,no,yes,no,cellular,23,jul,396,2,-1,0,unknown,1,positive,,
82,retired,married,primary,no,no,no,cellular,26,jul,275,1,180,2,success,1,positive,,
56,retired,married,secondary,no,no,yes,cellular,26,jul,183,1,221,2,failure,1,positive,,
37,technician,married,secondary,no,yes,no,cellular,26,jul,546,2,784,3,failure,1,positive,,
46,admin.,married,unknown,no,no,no,cellular,26,jul,414,2,389,1,success,1,positive,,
44,self-employed,divorced,secondary,no,no,no,cellular,26,jul,423,4,-1,0,unknown,1,positive,,
61,self-employed,married,tertiary,no,no,no,cellular,26,jul,336,2,259,3,success,1,positive,,
23,student,single,secondary,no,no,no,cellular,26,jul,607,3,171,3,other,1,positive,,
69,retired,married,secondary,no,no,no,cellular,27,jul,666,1,90,4,success,1,negative,,
33,services,single,unknown,no,no,no,cellular,27,jul,527,1,-1,0,unknown,1,positive,,
33,management,single,tertiary,no,no,yes,cellular,27,jul,267,1,180,4,failure,1,positive,,
23,management,single,tertiary,no,no,no,cellular,27,jul,606,1,-1,0,unknown,1,positive,,
45,technician,married,secondary,no,yes,no,cellular,27,jul,287,2,181,1,success,1,positive,,
61,retired,married,secondary,no,no,no,cellular,27,jul,218,2,91,3,success,1,positive,,
46,technician,married,unknown,no,no,no,cellular,28,jul,219,2,-1,0,unknown,1,positive,,
40,admin.,married,secondary,no,no,no,cellular,28,jul,496,2,182,11,success,1,negative,,
55,technician,married,tertiary,no,no,no,cellular,28,jul,340,1,91,2,success,1,positive,,
39,unemployed,married,primary,no,yes,no,cellular,28,jul,429,2,184,3,success,1,positive,,
82,housemaid,divorced,primary,no,no,no,cellular,28,jul,844,5,181,4,failure,1,positive,,
27,technician,single,secondary,no,no,no,cellular,28,jul,471,2,-1,0,unknown,1,positive,,
26,technician,married,secondary,no,yes,no,cellular,28,jul,817,2,-1,0,unknown,1,positive,,
22,unemployed,single,tertiary,no,no,no,cellular,28,jul,115,3,93,1,other,1,positive,,
27,student,single,tertiary,no,no,no,cellular,28,jul,462,1,148,4,success,1,positive,,
53,blue-collar,married,primary,no,no,no,cellular,28,jul,388,3,181,1,success,1,positive,,
54,management,married,tertiary,no,no,no,telephone,29,jul,211,5,491,4,other,1,positive,,
64,retired,married,secondary,no,no,no,telephone,29,jul,301,3,-1,0,unknown,1,positive,,
57,technician,married,tertiary,no,no,no,cellular,29,jul,169,2,182,2,success,1,positive,,
31,management,single,tertiary,no,yes,no,telephone,29,jul,332,3,440,3,failure,1,positive,,
61,admin.,married,unknown,no,yes,no,cellular,29,jul,349,3,183,2,success,1,positive,,
35,unemployed,single,tertiary,no,no,no,cellular,29,jul,200,4,181,2,failure,1,positive,,
77,retired,married,secondary,no,no,no,telephone,29,jul,426,1,184,3,success,1,positive,,
36,services,married,secondary,no,yes,no,telephone,29,jul,268,1,-1,0,unknown,1,positive,,
32,management,married,tertiary,no,no,no,cellular,29,jul,519,2,90,9,failure,1,positive,,
25,services,single,unknown,no,no,no,cellular,29,jul,276,8,97,12,other,1,positive,,
61,management,married,unknown,no,no,no,telephone,29,jul,270,1,178,1,success,1,positive,,
69,retired,single,tertiary,no,no,no,cellular,29,jul,417,1,184,4,success,1,positive,,
69,technician,married,tertiary,no,no,no,cellular,29,jul,478,1,267,1,failure,1,positive,,
34,admin.,married,tertiary,no,no,no,cellular,30,jul,292,1,183,2,success,1,negative,,
71,technician,married,secondary,no,no,no,telephone,30,jul,304,1,270,3,failure,1,positive,,
45,management,single,tertiary,no,no,no,cellular,30,jul,852,3,182,11,success,1,positive,,
64,retired,married,primary,no,no,no,telephone,30,jul,367,2,92,2,success,1,positive,,
35,technician,single,secondary,no,no,no,cellular,30,jul,1005,5,134,10,success,1,positive,,
22,student,single,unknown,no,no,no,cellular,30,jul,283,1,430,2,other,1,positive,,
34,management,single,tertiary,no,no,no,cellular,2,aug,196,2,455,23,other,1,positive,,
34,management,married,secondary,no,no,no,cellular,2,aug,868,3,342,4,failure,1,positive,,
55,technician,married,unknown,no,yes,no,cellular,2,aug,108,3,277,1,success,1,positive,,
53,admin.,single,secondary,no,yes,no,cellular,2,aug,317,1,180,2,failure,1,positive,,
63,management,married,tertiary,no,no,no,cellular,2,aug,341,2,392,3,success,1,positive,,
37,management,single,tertiary,no,yes,no,cellular,2,aug,428,2,272,8,success,1,positive,,
29,student,single,secondary,no,yes,no,cellular,3,aug,248,1,446,2,success,1,positive,,
29,student,single,tertiary,no,no,no,cellular,3,aug,249,1,-1,0,unknown,1,positive,,
38,management,married,tertiary,no,no,no,cellular,3,aug,482,1,-1,0,unknown,1,positive,,
62,retired,married,secondary,no,no,no,cellular,3,aug,187,2,180,6,success,1,positive,,
34,technician,married,secondary,no,yes,no,cellular,3,aug,261,1,470,2,failure,1,negative,,
56,services,married,secondary,no,no,no,cellular,3,aug,279,4,181,4,success,1,positive,,
48,housemaid,single,primary,no,no,no,cellular,3,aug,113,2,180,1,failure,1,positive,,
42,management,married,tertiary,no,yes,no,cellular,3,aug,654,2,-1,0,unknown,1,positive,,
68,retired,married,tertiary,no,no,no,cellular,3,aug,392,4,181,3,success,1,positive,,
60,housemaid,married,secondary,no,no,no,telephone,3,aug,676,2,181,5,failure,1,negative,,
34,admin.,married,tertiary,no,no,yes,cellular,3,aug,263,3,251,3,success,1,positive,,
43,blue-collar,married,primary,no,no,no,cellular,3,aug,417,2,95,1,other,1,positive,,
62,retired,married,secondary,no,no,no,cellular,4,aug,288,1,1,8,success,1,positive,,
68,retired,married,tertiary,no,no,no,cellular,4,aug,651,1,1,7,success,1,positive,,
38,management,married,tertiary,no,no,no,cellular,4,aug,178,1,1,1,success,1,positive,,
63,entrepreneur,married,secondary,no,no,no,telephone,4,aug,250,2,187,2,success,1,positive,,
48,admin.,married,secondary,no,no,no,cellular,4,aug,291,1,-1,0,unknown,1,positive,,
30,services,single,tertiary,no,no,no,cellular,4,aug,288,1,181,2,failure,1,positive,,
45,admin.,married,secondary,no,no,no,cellular,4,aug,180,1,92,3,success,1,positive,,
59,unemployed,married,secondary,no,no,no,cellular,4,aug,198,1,180,2,success,1,positive,,
38,management,married,tertiary,no,no,no,cellular,4,aug,139,1,92,3,failure,1,positive,,
49,blue-collar,married,secondary,no,yes,no,cellular,4,aug,605,2,92,4,success,1,positive,,
30,housemaid,single,tertiary,no,no,no,cellular,4,aug,139,1,92,5,success,1,positive,,
35,unemployed,single,tertiary,no,no,no,cellular,4,aug,462,1,92,4,success,1,positive,,
32,management,married,tertiary,no,no,no,cellular,4,aug,296,1,182,4,other,1,positive,,
93,retired,married,unknown,no,no,no,cellular,4,aug,476,2,13,9,success,1,positive,,
30,admin.,single,secondary,no,no,no,cellular,4,aug,250,1,92,2,failure,1,positive,,
33,technician,married,secondary,no,no,no,cellular,4,aug,561,1,435,3,failure,1,positive,,
48,housemaid,single,primary,no,no,no,cellular,4,aug,118,1,1,3,success,1,positive,,
38,services,married,secondary,no,no,no,cellular,4,aug,470,1,96,3,success,1,positive,,
34,admin.,married,tertiary,no,no,yes,cellular,4,aug,120,3,1,6,success,1,positive,,
42,management,married,tertiary,no,yes,no,cellular,4,aug,153,3,1,2,success,1,positive,,
36,management,married,tertiary,no,yes,no,cellular,4,aug,293,1,181,2,other,1,positive,,
34,technician,married,secondary,no,yes,no,cellular,5,aug,231,2,2,3,success,1,negative,,
34,admin.,married,tertiary,no,yes,no,cellular,5,aug,203,1,92,5,success,1,positive,,
29,management,single,tertiary,no,no,no,cellular,5,aug,504,1,92,1,success,1,positive,,
38,technician,married,secondary,no,no,no,cellular,5,aug,274,1,182,6,success,1,positive,,
41,technician,single,tertiary,no,yes,no,cellular,5,aug,172,3,92,8,success,1,positive,,
45,blue-collar,single,secondary,no,no,no,cellular,5,aug,374,2,472,1,success,1,negative,,
57,technician,divorced,secondary,no,no,no,cellular,5,aug,480,3,-1,0,unknown,1,positive,,
53,management,married,tertiary,no,yes,no,cellular,5,aug,306,2,181,2,other,1,positive,,
56,management,divorced,tertiary,no,no,no,cellular,5,aug,318,1,91,6,failure,1,positive,,
36,services,married,secondary,no,no,no,cellular,5,aug,324,1,-1,0,unknown,1,positive,,
33,technician,single,secondary,no,no,no,cellular,5,aug,326,2,437,1,failure,1,positive,,
41,management,married,tertiary,no,no,no,cellular,5,aug,736,1,-1,0,unknown,1,positive,,
34,admin.,divorced,secondary,no,yes,no,cellular,5,aug,245,2,183,10,failure,1,positive,,
29,housemaid,single,tertiary,no,no,no,cellular,5,aug,215,1,-1,0,unknown,1,positive,,
34,management,single,tertiary,no,yes,no,cellular,5,aug,270,1,174,15,failure,1,positive,,
21,entrepreneur,single,tertiary,no,no,no,cellular,5,aug,323,1,-1,0,unknown,1,positive,,
27,self-employed,single,tertiary,no,no,no,cellular,6,aug,385,4,-1,0,unknown,1,positive,,
37,management,married,tertiary,no,no,no,cellular,6,aug,303,2,92,4,success,1,positive,,
33,student,married,secondary,no,no,no,cellular,6,aug,258,2,178,4,success,1,positive,,
45,management,married,secondary,no,no,no,cellular,6,aug,304,3,-1,0,unknown,1,positive,,
61,blue-collar,married,primary,no,no,no,cellular,6,aug,562,2,94,3,success,1,positive,,
27,technician,single,tertiary,no,no,no,cellular,6,aug,218,3,93,2,success,1,positive,,
22,student,single,secondary,no,no,no,cellular,6,aug,178,1,179,2,success,1,positive,,
37,management,married,secondary,no,no,no,cellular,6,aug,174,1,93,3,failure,1,positive,,
45,admin.,married,secondary,no,no,no,cellular,6,aug,356,1,364,1,other,1,positive,,
35,admin.,single,secondary,no,no,yes,cellular,6,aug,366,2,178,9,success,1,negative,,
28,blue-collar,single,secondary,no,yes,no,cellular,6,aug,221,2,-1,0,unknown,1,positive,,
31,blue-collar,single,secondary,no,no,no,cellular,6,aug,744,1,88,4,other,1,positive,,
62,management,married,tertiary,no,no,no,telephone,6,aug,245,3,-1,0,unknown,1,positive,,
47,management,married,tertiary,no,no,no,telephone,6,aug,239,4,-1,0,unknown,1,positive,,
57,admin.,married,unknown,no,no,no,cellular,9,aug,628,1,182,2,failure,1,positive,,
60,technician,married,secondary,no,yes,no,cellular,9,aug,265,1,181,8,success,1,positive,,
31,blue-collar,married,secondary,no,yes,no,unknown,10,aug,97,1,782,1,other,1,negative,,
25,student,single,secondary,no,no,no,cellular,10,aug,245,1,-1,0,unknown,1,positive,,
19,student,single,unknown,no,no,no,cellular,10,aug,168,1,182,2,success,1,positive,,
40,blue-collar,married,secondary,no,yes,no,cellular,10,aug,503,1,-1,0,unknown,1,positive,,
44,entrepreneur,married,tertiary,no,no,no,cellular,10,aug,412,1,-1,0,unknown,1,positive,,
33,management,married,tertiary,no,no,no,cellular,10,aug,447,1,728,2,failure,1,positive,,
53,unemployed,married,secondary,no,no,no,cellular,10,aug,493,1,181,14,success,1,positive,,
32,technician,married,secondary,no,no,yes,cellular,10,aug,1064,1,95,3,success,1,positive,,
30,technician,single,tertiary,no,no,no,cellular,10,aug,263,1,127,7,failure,1,positive,,
36,student,single,unknown,no,no,no,cellular,10,aug,304,1,181,1,success,1,positive,,
56,technician,divorced,secondary,no,no,no,cellular,10,aug,507,1,181,2,success,1,positive,,
38,entrepreneur,single,secondary,no,no,no,cellular,10,aug,223,1,414,4,failure,1,positive,,
22,self-employed,single,secondary,no,no,yes,cellular,10,aug,164,1,109,2,other,1,positive,,
34,technician,single,secondary,no,no,no,cellular,10,aug,356,3,182,2,success,1,positive,,
29,admin.,single,secondary,no,no,no,cellular,10,aug,317,2,518,1,failure,1,positive,,
61,retired,married,secondary,no,no,no,telephone,10,aug,520,1,181,2,success,1,positive,,
62,blue-collar,married,secondary,no,no,no,cellular,11,aug,146,1,286,2,failure,1,positive,,
24,student,single,secondary,no,no,no,cellular,11,aug,1363,1,-1,0,unknown,1,positive,,
65,entrepreneur,married,tertiary,no,no,no,telephone,11,aug,425,1,183,2,success,1,positive,,
70,retired,married,primary,no,no,no,cellular,11,aug,632,1,308,6,other,1,positive,,
60,technician,married,secondary,no,no,no,cellular,11,aug,329,2,181,8,success,1,positive,,
30,student,single,secondary,no,no,no,cellular,11,aug,233,1,433,1,success,1,positive,,
51,management,married,tertiary,no,no,no,cellular,11,aug,237,1,180,6,success,1,positive,,
36,self-employed,single,tertiary,no,no,no,cellular,11,aug,361,2,181,2,success,1,positive,,
42,management,married,tertiary,no,no,no,cellular,11,aug,370,1,91,7,success,1,positive,,
58,management,married,secondary,no,no,yes,cellular,11,aug,248,2,182,7,success,1,positive,,
35,admin.,married,secondary,no,yes,no,cellular,11,aug,765,2,183,5,success,1,positive,,
35,technician,married,tertiary,no,no,no,cellular,11,aug,222,3,182,4,success,1,positive,,
43,blue-collar,married,secondary,no,yes,no,cellular,12,aug,235,2,182,4,success,1,positive,,
77,retired,married,primary,no,no,no,telephone,12,aug,345,1,178,20,failure,1,positive,,
34,blue-collar,married,secondary,no,yes,no,cellular,12,aug,352,1,828,2,failure,1,positive,,
35,blue-collar,married,secondary,no,yes,no,cellular,12,aug,323,1,182,4,success,1,positive,,
39,blue-collar,married,secondary,no,yes,no,cellular,12,aug,357,1,182,2,success,1,positive,,
75,retired,married,secondary,no,no,no,cellular,12,aug,350,1,182,2,success,1,positive,,
35,self-employed,married,tertiary,no,no,no,cellular,12,aug,175,3,31,10,success,1,positive,,
41,admin.,married,secondary,no,no,no,cellular,12,aug,411,1,-1,0,unknown,1,positive,,
25,student,single,unknown,no,no,no,cellular,12,aug,361,1,-1,0,unknown,1,positive,,
51,blue-collar,married,secondary,no,yes,no,cellular,12,aug,1226,3,-1,0,unknown,1,positive,,
48,unemployed,married,secondary,no,no,no,cellular,12,aug,504,2,178,10,success,1,positive,,
26,unemployed,single,secondary,no,no,no,cellular,12,aug,312,3,181,1,success,1,positive,,
55,unknown,married,secondary,no,no,no,cellular,12,aug,265,1,91,5,success,1,positive,,
44,management,married,tertiary,no,no,no,telephone,12,aug,201,1,182,2,success,1,positive,,
49,services,married,primary,no,yes,no,cellular,13,aug,261,1,179,1,success,1,positive,,
29,self-employed,single,tertiary,no,no,no,unknown,13,aug,461,1,-1,0,unknown,1,positive,,
67,housemaid,divorced,secondary,no,no,no,cellular,13,aug,222,4,-1,0,unknown,1,positive,,
42,admin.,divorced,secondary,no,no,no,cellular,13,aug,633,1,182,2,other,1,positive,,
58,admin.,married,secondary,no,no,no,cellular,13,aug,880,1,92,8,success,1,positive,,
35,management,married,tertiary,no,no,no,cellular,13,aug,394,6,-1,0,unknown,1,positive,,
45,management,married,tertiary,no,yes,no,cellular,13,aug,177,6,179,10,success,1,positive,,
37,technician,married,tertiary,no,no,no,cellular,13,aug,287,3,182,3,success,1,positive,,
35,management,divorced,tertiary,no,no,no,cellular,13,aug,199,3,43,8,other,1,positive,,
61,retired,married,secondary,no,no,no,cellular,13,aug,211,3,183,4,success,1,positive,,
60,technician,divorced,secondary,no,no,no,cellular,16,aug,318,2,-1,0,unknown,1,positive,,
60,services,married,tertiary,no,yes,no,cellular,16,aug,239,3,761,1,other,1,positive,,
33,technician,married,secondary,no,yes,no,cellular,16,aug,205,3,182,9,success,1,positive,,
27,blue-collar,single,secondary,no,no,no,cellular,16,aug,265,3,95,4,success,1,positive,,
65,retired,married,primary,no,no,no,cellular,18,aug,855,4,-1,0,unknown,1,positive,,
24,student,single,secondary,no,no,no,cellular,19,aug,418,11,185,5,success,1,positive,,
57,retired,married,tertiary,no,no,no,cellular,31,aug,1120,1,-1,0,unknown,1,positive,,
63,admin.,married,secondary,no,yes,no,cellular,31,aug,253,5,-1,0,unknown,1,negative,,
36,admin.,single,tertiary,no,no,yes,cellular,31,aug,185,1,123,1,failure,1,positive,,
61,housemaid,married,primary,no,no,no,cellular,31,aug,443,2,186,3,failure,1,positive,,
52,self-employed,married,tertiary,no,no,no,cellular,31,aug,634,3,92,5,other,1,positive,,
34,admin.,single,tertiary,no,no,yes,unknown,31,aug,34,1,-1,0,unknown,1,positive,,
60,management,married,tertiary,no,no,no,cellular,31,aug,415,5,186,3,other,1,positive,,
28,management,single,tertiary,no,yes,no,cellular,1,sep,222,2,-1,0,unknown,1,positive,,
60,management,married,tertiary,no,no,no,cellular,1,sep,840,1,183,3,success,1,positive,,
32,admin.,married,secondary,no,no,no,cellular,1,sep,729,1,29,3,failure,1,positive,,
34,management,married,tertiary,no,no,no,cellular,1,sep,300,1,44,3,other,1,positive,,
31,services,single,secondary,no,no,no,cellular,1,sep,481,1,579,1,failure,1,negative,,
28,blue-collar,single,secondary,no,yes,no,cellular,1,sep,199,1,92,14,success,1,negative,,
55,admin.,married,secondary,no,no,no,cellular,1,sep,193,1,92,1,success,1,positive,,
65,retired,married,primary,no,no,no,cellular,1,sep,400,1,-1,0,unknown,1,positive,,
22,student,single,secondary,no,no,no,cellular,1,sep,327,1,-1,0,unknown,1,positive,,
37,management,married,tertiary,no,no,no,cellular,1,sep,265,2,183,2,success,1,positive,,
35,management,single,tertiary,no,no,yes,cellular,1,sep,238,1,-1,0,unknown,1,positive,,
33,admin.,single,tertiary,no,yes,no,cellular,1,sep,293,2,92,3,success,1,positive,,
75,retired,married,primary,no,no,no,cellular,1,sep,532,2,188,2,success,1,positive,,
48,unknown,single,unknown,no,no,no,cellular,2,sep,1440,1,458,1,failure,1,positive,,
33,entrepreneur,single,tertiary,no,yes,no,cellular,2,sep,291,3,-1,0,unknown,1,positive,,
27,technician,single,tertiary,no,no,no,cellular,2,sep,529,2,184,1,success,1,positive,,
62,management,married,secondary,no,no,no,cellular,2,sep,236,1,290,3,other,1,positive,,
38,management,married,tertiary,no,no,no,cellular,2,sep,362,1,388,3,other,1,positive,,
25,student,single,secondary,no,no,no,cellular,2,sep,799,2,-1,0,unknown,1,positive,,
41,unemployed,single,tertiary,no,no,no,cellular,2,sep,404,1,184,4,success,1,positive,,
25,student,single,secondary,no,no,no,cellular,2,sep,382,1,183,3,success,1,positive,,
27,student,single,tertiary,no,yes,no,cellular,3,sep,431,1,466,3,success,1,positive,,
49,admin.,single,tertiary,no,yes,no,cellular,3,sep,252,2,93,2,success,1,positive,,
39,services,single,secondary,no,no,no,cellular,3,sep,213,1,185,1,success,1,positive,,
43,technician,married,secondary,no,yes,no,cellular,3,sep,219,3,185,2,success,1,positive,,
52,management,married,unknown,no,no,no,unknown,6,sep,310,1,75,4,failure,1,positive,,
48,management,married,tertiary,no,yes,no,cellular,6,sep,194,2,125,6,failure,1,negative,,
29,unemployed,single,unknown,no,no,no,cellular,6,sep,245,1,-1,0,unknown,1,positive,,
32,entrepreneur,married,secondary,no,no,no,cellular,6,sep,440,1,280,1,failure,1,positive,,
43,admin.,single,secondary,no,yes,no,cellular,6,sep,369,3,504,5,other,1,positive,,
65,admin.,married,secondary,no,no,no,cellular,6,sep,255,1,96,1,success,1,positive,,
72,retired,married,secondary,no,no,no,cellular,6,sep,312,1,-1,0,unknown,1,positive,,
33,blue-collar,single,secondary,no,no,no,cellular,6,sep,224,1,145,2,other,1,positive,,
26,technician,single,secondary,no,yes,no,cellular,6,sep,415,1,297,3,other,1,positive,,
37,services,married,secondary,no,yes,no,cellular,6,sep,908,1,185,9,success,1,positive,,
33,admin.,married,secondary,no,no,no,cellular,6,sep,250,3,-1,0,unknown,1,positive,,
45,unknown,married,tertiary,no,no,no,cellular,7,sep,314,1,-1,0,unknown,1,positive,,
37,management,married,tertiary,no,no,no,cellular,7,sep,337,1,186,1,success,1,positive,,
28,management,single,tertiary,no,yes,no,cellular,7,sep,201,1,-1,0,unknown,1,positive,,
61,retired,married,primary,no,no,no,cellular,7,sep,288,3,-1,0,unknown,1,positive,,
32,blue-collar,married,primary,no,no,no,cellular,7,sep,492,3,102,5,other,1,positive,,
51,management,single,tertiary,no,yes,no,cellular,8,sep,638,1,427,3,success,1,positive,,
38,admin.,married,secondary,no,yes,no,cellular,8,sep,210,1,92,3,success,1,negative,,
34,management,divorced,tertiary,no,no,no,cellular,8,sep,220,2,184,3,success,1,positive,,
60,unemployed,married,secondary,no,no,no,cellular,8,sep,246,1,184,3,success,1,positive,,
24,student,single,secondary,no,no,no,cellular,8,sep,630,1,-1,0,unknown,1,positive,,
36,management,married,tertiary,no,no,no,cellular,8,sep,708,2,183,5,success,1,positive,,
46,student,single,unknown,no,no,no,cellular,8,sep,358,3,184,1,success,1,positive,,
80,retired,married,secondary,no,no,no,telephone,8,sep,606,3,91,13,success,1,positive,,
37,management,single,tertiary,no,no,no,cellular,8,sep,1081,2,-1,0,unknown,1,positive,,
39,management,married,tertiary,no,no,no,cellular,9,sep,216,1,183,5,success,1,positive,,
62,retired,married,secondary,no,yes,yes,cellular,9,sep,261,1,183,1,success,1,positive,,
84,retired,married,tertiary,no,no,no,telephone,9,sep,1405,1,92,3,failure,1,positive,,
24,student,single,tertiary,no,no,no,cellular,9,sep,679,1,-1,0,unknown,1,positive,,
37,unemployed,married,secondary,no,no,no,cellular,9,sep,404,1,182,1,success,1,positive,,
24,student,single,secondary,no,no,no,cellular,9,sep,430,4,-1,0,unknown,1,positive,,
28,management,married,tertiary,no,yes,no,cellular,9,sep,202,1,-1,0,unknown,1,positive,,
31,management,married,tertiary,no,no,no,cellular,9,sep,209,1,92,8,success,1,positive,,
33,unemployed,single,secondary,no,no,yes,cellular,9,sep,305,1,749,2,failure,1,positive,,
33,admin.,single,secondary,no,yes,no,cellular,9,sep,204,1,365,1,success,1,positive,,
64,retired,married,primary,no,no,no,cellular,9,sep,167,3,92,1,success,1,positive,,
48,technician,married,primary,no,no,no,cellular,9,sep,386,2,191,3,success,1,positive,,
28,admin.,married,secondary,no,no,no,cellular,9,sep,268,1,254,4,success,1,positive,,
28,student,single,tertiary,no,no,no,cellular,10,sep,1042,5,200,3,failure,1,positive,,
69,retired,married,unknown,no,no,no,telephone,10,sep,211,2,185,2,success,1,positive,,
28,management,single,tertiary,no,no,no,cellular,10,sep,255,1,93,2,success,1,positive,,
24,admin.,single,secondary,no,no,no,cellular,10,sep,256,2,-1,0,unknown,1,positive,,
52,unemployed,married,secondary,no,no,no,cellular,13,sep,218,3,187,3,success,1,positive,,
37,services,single,tertiary,no,no,no,cellular,13,sep,323,9,199,4,other,1,positive,,
25,student,single,secondary,no,no,no,cellular,13,sep,273,3,199,4,failure,1,positive,,
58,management,married,tertiary,no,no,no,cellular,14,sep,358,2,-1,0,unknown,1,negative,,
67,retired,married,unknown,no,no,no,telephone,14,sep,279,3,92,9,success,1,positive,,
72,admin.,married,primary,no,no,no,cellular,14,sep,221,2,64,12,failure,1,positive,,
62,retired,married,tertiary,no,yes,no,cellular,14,sep,211,1,216,7,success,1,positive,,
41,admin.,married,secondary,no,no,no,cellular,14,sep,409,1,398,1,failure,1,positive,,
28,management,single,tertiary,no,no,no,cellular,14,sep,230,1,91,4,success,1,positive,,
68,retired,divorced,primary,no,no,no,cellular,14,sep,404,2,91,4,success,1,positive,,
75,retired,married,primary,no,no,no,telephone,14,sep,808,1,187,4,failure,1,positive,,
21,student,single,unknown,no,no,no,cellular,14,sep,340,1,-1,0,unknown,1,positive,,
74,retired,married,tertiary,no,no,no,cellular,15,sep,251,2,184,3,success,1,positive,,
40,entrepreneur,married,tertiary,no,no,no,cellular,15,sep,506,3,-1,0,unknown,1,positive,,
35,blue-collar,married,secondary,no,no,no,cellular,15,sep,331,1,75,6,failure,1,positive,,
49,management,married,tertiary,no,yes,yes,cellular,15,sep,316,1,246,4,success,1,positive,,
39,management,married,unknown,no,no,no,cellular,15,sep,200,1,183,1,success,1,positive,,
63,admin.,divorced,secondary,no,no,no,cellular,15,sep,953,2,-1,0,unknown,1,positive,,
38,management,married,tertiary,no,no,no,cellular,15,sep,385,3,769,2,failure,1,positive,,
72,retired,married,tertiary,no,no,no,telephone,15,sep,511,3,184,7,success,1,positive,,
24,student,single,secondary,no,no,no,cellular,15,sep,216,1,-1,0,unknown,1,positive,,
31,management,single,tertiary,no,no,no,cellular,15,sep,213,2,469,3,success,1,positive,,
33,blue-collar,single,primary,no,no,no,telephone,16,sep,390,2,-1,0,unknown,1,positive,,
36,technician,married,tertiary,no,no,no,cellular,16,sep,173,1,-1,0,unknown,1,positive,,
49,technician,married,tertiary,no,no,no,cellular,16,sep,225,1,91,1,success,1,positive,,
29,management,married,tertiary,no,no,no,cellular,16,sep,143,2,587,3,failure,1,positive,,
39,admin.,divorced,secondary,no,no,no,cellular,16,sep,574,3,-1,0,unknown,1,positive,,
78,retired,divorced,primary,no,no,no,cellular,16,sep,193,1,-1,0,unknown,1,positive,,
61,housemaid,married,primary,no,no,no,cellular,16,sep,270,3,202,7,other,1,positive,,
60,retired,married,secondary,no,no,no,cellular,16,sep,303,1,792,1,failure,1,positive,,
35,management,married,unknown,no,yes,yes,cellular,16,sep,319,1,-1,0,unknown,1,positive,,
26,student,single,secondary,no,no,no,cellular,16,sep,190,1,-1,0,unknown,1,positive,,
58,management,divorced,unknown,no,no,no,cellular,16,sep,414,1,91,5,other,1,positive,,
23,self-employed,single,tertiary,no,no,no,cellular,16,sep,393,1,183,3,success,1,positive,,
67,retired,married,secondary,no,no,no,cellular,16,sep,452,5,195,4,other,1,positive,,
20,student,single,unknown,no,no,no,cellular,16,sep,327,2,-1,0,unknown,1,positive,,
28,admin.,single,secondary,no,no,no,cellular,16,sep,1334,2,-1,0,unknown,1,positive,,
41,management,married,tertiary,no,no,no,cellular,17,sep,294,4,63,11,other,1,negative,,
31,student,single,tertiary,no,no,no,cellular,17,sep,285,3,81,3,failure,1,positive,,
34,management,married,tertiary,no,yes,no,cellular,17,sep,164,5,92,6,success,1,positive,,
37,management,divorced,tertiary,no,yes,no,cellular,17,sep,328,1,854,2,failure,1,positive,,
81,retired,married,primary,no,no,no,telephone,17,sep,231,1,-1,0,unknown,1,positive,,
46,management,divorced,tertiary,no,no,no,cellular,17,sep,336,2,183,2,success,1,positive,,
46,services,married,primary,no,yes,no,unknown,20,sep,185,1,-1,0,unknown,1,positive,,
44,management,divorced,tertiary,no,no,no,cellular,22,sep,263,1,184,6,success,1,positive,,
23,technician,single,secondary,no,yes,no,cellular,22,sep,175,1,184,2,success,1,positive,,
40,entrepreneur,married,secondary,no,no,no,cellular,22,sep,208,2,-1,0,unknown,1,positive,,
41,technician,married,secondary,no,no,no,cellular,22,sep,397,1,371,3,failure,1,positive,,
27,management,married,tertiary,no,no,no,cellular,22,sep,569,1,-1,0,unknown,1,positive,,
36,management,single,tertiary,no,yes,no,cellular,22,sep,155,1,184,1,success,1,positive,,
60,admin.,married,secondary,no,no,no,cellular,22,sep,183,1,184,11,success,1,positive,,
55,management,married,secondary,no,no,no,cellular,22,sep,182,1,184,7,success,1,positive,,
58,technician,married,secondary,no,no,no,telephone,22,sep,396,2,-1,0,unknown,1,positive,,
43,unemployed,married,secondary,no,yes,yes,cellular,23,sep,183,2,184,13,failure,1,negative,,
26,management,single,tertiary,no,no,no,cellular,23,sep,744,1,-1,0,unknown,1,positive,,
25,management,single,tertiary,no,no,no,cellular,23,sep,856,1,-1,0,unknown,1,positive,,
31,housemaid,married,secondary,no,yes,no,cellular,23,sep,305,2,842,1,failure,1,positive,,
54,services,single,secondary,no,no,no,cellular,23,sep,209,1,-1,0,unknown,1,negative,,
33,management,single,tertiary,no,no,no,cellular,23,sep,409,2,92,4,success,1,positive,,
29,unemployed,single,secondary,no,no,no,cellular,23,sep,427,1,603,1,failure,1,positive,,
36,admin.,single,secondary,no,yes,no,cellular,23,sep,156,2,-1,0,unknown,1,positive,,
59,management,married,tertiary,no,no,no,cellular,23,sep,244,1,92,3,success,1,positive,,
37,blue-collar,single,unknown,no,no,no,cellular,23,sep,272,2,-1,0,unknown,1,positive,,
28,management,single,tertiary,no,no,no,cellular,23,sep,203,1,-1,0,unknown,1,positive,,
30,self-employed,single,tertiary,no,no,no,cellular,23,sep,272,4,184,1,success,1,positive,,
35,admin.,single,secondary,no,no,no,cellular,24,sep,173,2,190,10,other,1,positive,,
40,management,single,tertiary,no,yes,no,cellular,24,sep,232,2,409,2,success,1,positive,,
32,blue-collar,single,secondary,no,no,no,cellular,24,sep,224,2,444,1,failure,1,positive,,
49,management,married,tertiary,no,yes,yes,cellular,24,sep,249,1,91,14,success,1,positive,,
50,services,married,secondary,no,yes,no,cellular,24,sep,395,1,-1,0,unknown,1,positive,,
55,services,divorced,secondary,no,no,no,cellular,27,sep,262,6,193,4,success,1,negative,,
81,retired,divorced,primary,no,no,no,cellular,27,sep,188,2,280,1,other,1,positive,,
24,management,single,tertiary,no,no,no,cellular,27,sep,1298,1,-1,0,unknown,1,positive,,
38,services,married,secondary,no,no,no,cellular,28,sep,282,2,187,1,success,1,positive,,
48,management,single,tertiary,no,yes,no,cellular,28,sep,600,2,92,12,success,1,positive,,
61,retired,married,secondary,no,no,no,cellular,29,sep,232,1,92,3,success,1,positive,,
67,retired,married,primary,no,no,no,cellular,29,sep,245,3,-1,0,unknown,1,positive,,
28,management,single,tertiary,no,no,no,cellular,29,sep,845,1,232,4,success,1,positive,,
29,services,single,secondary,no,no,no,cellular,29,sep,271,1,-1,0,unknown,1,positive,,
31,student,single,secondary,no,no,no,cellular,6,oct,311,1,96,1,success,1,positive,,
71,retired,married,secondary,no,no,no,cellular,6,oct,486,1,-1,0,unknown,1,positive,,
33,self-employed,married,tertiary,no,no,no,cellular,6,oct,649,1,-1,0,unknown,1,positive,,
47,self-employed,married,tertiary,no,no,no,cellular,6,oct,808,1,-1,0,unknown,1,positive,,
39,management,married,tertiary,no,no,no,cellular,6,oct,608,1,99,3,failure,1,positive,,
26,unemployed,single,tertiary,no,no,no,cellular,6,oct,275,2,-1,0,unknown,1,positive,,
22,admin.,single,secondary,no,no,no,cellular,6,oct,218,1,-1,0,unknown,1,positive,,
34,management,single,tertiary,no,no,no,cellular,6,oct,1246,2,-1,0,unknown,1,positive,,
32,student,single,secondary,no,no,no,telephone,8,oct,194,1,-1,0,unknown,1,positive,,
48,services,divorced,unknown,no,no,no,cellular,8,oct,319,1,134,2,success,1,positive,,
32,technician,single,unknown,no,no,no,cellular,8,oct,251,2,91,7,success,1,positive,,
58,admin.,divorced,secondary,no,yes,no,telephone,8,oct,369,2,690,3,failure,1,positive,,
48,admin.,married,secondary,no,no,no,cellular,8,oct,363,2,140,7,success,1,positive,,
34,admin.,married,secondary,no,no,no,cellular,8,oct,401,2,-1,0,unknown,1,positive,,
28,unknown,single,unknown,no,no,no,cellular,11,oct,450,1,231,1,success,1,positive,,
36,technician,single,secondary,no,no,no,cellular,11,oct,285,1,182,2,success,1,positive,,
67,retired,married,secondary,no,no,no,cellular,11,oct,405,1,266,2,success,1,positive,,
30,management,single,tertiary,no,no,no,cellular,11,oct,463,3,95,6,success,1,positive,,
27,admin.,married,tertiary,no,no,no,cellular,11,oct,212,1,-1,0,unknown,1,positive,,
24,student,single,secondary,no,no,no,cellular,11,oct,165,1,95,2,success,1,positive,,
33,management,single,tertiary,no,yes,no,cellular,11,oct,383,2,503,2,failure,1,positive,,
31,management,married,tertiary,no,no,no,cellular,12,oct,203,4,165,14,success,1,positive,,
25,blue-collar,single,secondary,no,yes,no,cellular,12,oct,187,1,91,12,success,1,positive,,
27,student,single,secondary,no,no,no,cellular,12,oct,323,1,-1,0,unknown,1,positive,,
33,management,single,tertiary,no,yes,no,cellular,12,oct,209,3,427,2,failure,1,positive,,
36,management,single,tertiary,no,no,no,cellular,13,oct,169,1,182,10,success,1,positive,,
62,self-employed,divorced,tertiary,no,yes,no,cellular,13,oct,216,1,183,4,success,1,positive,,
29,self-employed,single,tertiary,no,no,no,cellular,13,oct,190,1,92,5,success,1,positive,,
26,blue-collar,single,secondary,no,no,no,cellular,13,oct,194,1,92,5,success,1,positive,,
38,management,married,tertiary,no,no,no,cellular,13,oct,252,2,183,3,success,1,positive,,
59,technician,married,secondary,no,no,no,cellular,14,oct,585,1,182,5,success,1,positive,,
51,management,married,tertiary,no,no,no,cellular,14,oct,491,1,182,3,success,1,positive,,
28,self-employed,single,tertiary,no,no,no,cellular,14,oct,246,2,420,2,other,1,positive,,
27,technician,single,secondary,no,no,no,telephone,14,oct,301,1,93,1,success,1,positive,,
60,retired,divorced,secondary,no,no,no,cellular,15,oct,187,2,213,10,success,1,positive,,
42,unemployed,married,secondary,no,no,no,cellular,15,oct,1176,3,92,6,success,1,positive,,
47,admin.,married,secondary,no,no,no,cellular,18,oct,567,1,95,3,success,1,positive,,
45,management,single,tertiary,no,yes,no,cellular,18,oct,310,1,804,1,failure,1,positive,,
43,unemployed,married,tertiary,no,no,no,cellular,18,oct,464,1,94,2,success,1,negative,,
22,management,single,tertiary,no,no,yes,cellular,18,oct,509,1,185,3,success,1,positive,,
34,technician,married,secondary,no,yes,no,cellular,18,oct,252,1,-1,0,unknown,1,positive,,
64,retired,married,secondary,no,yes,no,cellular,18,oct,526,1,-1,0,unknown,1,positive,,
39,admin.,divorced,secondary,no,yes,yes,cellular,18,oct,222,1,-1,0,unknown,1,positive,,
27,management,single,tertiary,no,no,no,cellular,18,oct,767,3,-1,0,unknown,1,positive,,
49,blue-collar,married,secondary,no,no,no,cellular,19,oct,192,1,95,1,success,1,positive,,
42,management,married,unknown,no,no,no,cellular,19,oct,230,1,92,1,success,1,positive,,
64,management,married,tertiary,no,no,no,telephone,19,oct,898,7,137,11,other,1,positive,,
44,management,single,tertiary,no,no,no,cellular,20,oct,178,4,93,6,success,1,positive,,
36,technician,married,tertiary,no,no,no,cellular,20,oct,347,3,-1,0,unknown,1,positive,,
64,retired,divorced,secondary,no,no,no,cellular,20,oct,621,1,181,3,failure,1,positive,,
29,student,single,secondary,no,no,no,cellular,21,oct,150,3,149,5,success,1,positive,,
52,management,married,secondary,no,no,no,cellular,21,oct,411,1,182,1,failure,1,positive,,
52,technician,married,secondary,no,yes,yes,cellular,21,oct,453,1,183,3,success,1,positive,,
27,unemployed,single,secondary,no,no,no,cellular,21,oct,181,1,302,3,other,1,positive,,
54,management,divorced,tertiary,no,no,no,cellular,21,oct,1032,1,91,4,success,1,positive,,
37,management,married,tertiary,no,no,no,cellular,21,oct,759,1,90,5,success,1,positive,,
48,admin.,married,secondary,no,no,yes,cellular,21,oct,419,1,-1,0,unknown,1,positive,,
28,technician,single,tertiary,no,no,no,cellular,21,oct,549,2,238,13,other,1,positive,,
77,retired,married,secondary,no,no,no,telephone,21,oct,330,2,181,4,success,1,positive,,
63,retired,single,tertiary,no,no,no,cellular,21,oct,212,2,-1,0,unknown,1,positive,,
34,technician,single,secondary,no,yes,no,cellular,21,oct,339,3,91,10,success,1,positive,,
59,entrepreneur,married,secondary,no,no,no,cellular,22,oct,738,3,183,1,success,1,positive,,
29,blue-collar,single,tertiary,no,no,no,cellular,22,oct,542,4,148,3,success,1,positive,,
25,technician,single,secondary,no,no,no,cellular,22,oct,716,3,-1,0,unknown,1,positive,,
38,management,married,tertiary,no,yes,no,cellular,22,oct,234,1,92,1,success,1,positive,,
33,admin.,single,tertiary,no,no,no,cellular,22,oct,380,1,91,3,success,1,positive,,
43,management,single,tertiary,no,no,no,cellular,22,oct,554,3,-1,0,unknown,1,positive,,
37,technician,married,secondary,no,no,no,cellular,22,oct,344,2,182,8,other,1,positive,,
47,admin.,single,secondary,no,yes,no,cellular,22,oct,608,2,92,4,other,1,positive,,
63,retired,married,secondary,no,no,no,cellular,25,oct,389,1,195,4,other,1,positive,,
61,self-employed,married,tertiary,no,no,no,cellular,25,oct,225,1,91,5,success,1,positive,,
30,management,single,tertiary,no,yes,no,cellular,25,oct,304,1,94,2,success,1,positive,,
74,retired,married,secondary,no,no,no,cellular,25,oct,400,1,173,3,success,1,positive,,
31,admin.,single,secondary,no,no,no,cellular,25,oct,182,1,185,1,success,1,positive,,
33,admin.,married,secondary,no,yes,yes,cellular,25,oct,253,1,284,3,success,1,positive,,
32,technician,married,secondary,no,no,no,cellular,25,oct,226,2,490,1,failure,1,positive,,
25,student,single,secondary,no,no,no,cellular,25,oct,297,5,94,6,other,1,positive,,
78,management,married,unknown,no,yes,no,cellular,25,oct,211,2,185,7,success,1,positive,,
26,management,single,tertiary,no,no,no,cellular,26,oct,318,1,120,3,success,1,positive,,
25,student,single,secondary,no,no,no,cellular,26,oct,259,1,103,2,other,1,positive,,
47,admin.,married,secondary,no,no,no,cellular,26,oct,604,1,91,4,failure,1,positive,,
32,technician,married,secondary,no,no,no,cellular,26,oct,289,1,805,4,other,1,positive,,
56,admin.,divorced,secondary,no,no,no,cellular,26,oct,238,4,442,4,failure,1,positive,,
27,blue-collar,single,primary,no,yes,no,cellular,26,oct,701,2,-1,0,unknown,1,positive,,
40,management,divorced,tertiary,no,no,no,cellular,26,oct,202,2,-1,0,unknown,1,positive,,
54,technician,married,tertiary,no,no,no,cellular,27,oct,269,3,541,3,success,1,positive,,
46,technician,married,unknown,no,no,no,cellular,27,oct,171,1,91,2,success,1,positive,,
47,management,married,tertiary,no,no,no,cellular,27,oct,508,1,-1,0,unknown,1,negative,,
24,student,single,secondary,no,no,no,cellular,27,oct,184,1,91,2,failure,1,positive,,
70,retired,married,secondary,no,no,no,cellular,27,oct,258,1,92,5,success,1,negative,,
30,management,single,tertiary,no,no,no,cellular,8,nov,188,1,-1,0,unknown,1,positive,,
63,entrepreneur,married,secondary,no,no,no,telephone,8,nov,360,1,96,4,success,1,positive,,
22,student,single,secondary,no,no,no,cellular,8,nov,449,2,38,10,other,1,positive,,
38,technician,married,tertiary,no,no,no,cellular,8,nov,282,2,186,4,success,1,positive,,
44,entrepreneur,married,tertiary,no,no,no,cellular,9,nov,248,1,91,1,success,1,positive,,
37,management,married,tertiary,no,no,no,cellular,9,nov,268,1,-1,0,unknown,1,positive,,
52,technician,married,tertiary,no,no,no,cellular,9,nov,467,3,92,7,failure,1,negative,,
35,technician,married,secondary,no,yes,no,cellular,9,nov,524,1,96,5,success,1,negative,,
29,admin.,single,secondary,no,no,no,cellular,9,nov,208,2,91,3,success,1,positive,,
41,unemployed,single,tertiary,no,no,no,telephone,9,nov,394,1,390,2,success,1,positive,,
62,retired,married,tertiary,no,yes,no,cellular,10,nov,404,1,57,8,success,1,positive,,
62,blue-collar,married,secondary,no,no,no,cellular,11,nov,289,1,92,3,success,1,positive,,
38,entrepreneur,single,secondary,no,no,no,cellular,11,nov,357,3,93,5,success,1,positive,,
54,admin.,married,secondary,no,yes,no,cellular,11,nov,167,1,-1,0,unknown,1,positive,,
36,admin.,divorced,secondary,no,yes,no,cellular,12,nov,482,1,374,1,success,1,positive,,
34,blue-collar,married,secondary,no,yes,no,cellular,12,nov,413,1,92,3,success,1,positive,,
34,technician,married,secondary,no,no,no,cellular,15,nov,401,2,187,5,success,1,positive,,
60,services,married,tertiary,no,yes,no,cellular,16,nov,200,1,92,4,success,1,positive,,
32,services,single,secondary,no,yes,no,cellular,16,nov,411,1,-1,0,unknown,1,positive,,
29,management,single,secondary,no,yes,no,cellular,16,nov,236,1,550,2,success,1,positive,,
32,blue-collar,married,secondary,no,no,no,cellular,16,nov,206,1,188,3,success,1,positive,,
75,retired,divorced,tertiary,no,yes,no,cellular,16,nov,262,1,183,1,failure,1,positive,,
29,management,single,tertiary,no,no,no,cellular,16,nov,238,1,-1,0,unknown,1,positive,,
28,self-employed,single,tertiary,no,no,no,cellular,16,nov,449,2,33,4,success,1,positive,,
68,retired,married,secondary,no,no,no,cellular,16,nov,212,1,187,6,success,1,positive,,
25,student,single,secondary,no,no,no,cellular,16,nov,330,1,-1,0,unknown,1,positive,,
36,management,single,secondary,no,yes,no,cellular,16,nov,270,1,-1,0,unknown,1,positive,,
38,technician,married,secondary,no,yes,no,cellular,16,nov,1556,4,-1,0,unknown,1,positive,,
53,management,married,tertiary,no,no,no,cellular,17,nov,226,1,184,4,success,1,positive,,
34,admin.,single,secondary,no,no,no,cellular,17,nov,224,1,-1,0,unknown,1,positive,,
23,student,single,tertiary,no,no,no,cellular,17,nov,266,1,-1,0,unknown,1,positive,,
73,retired,married,secondary,no,no,no,cellular,17,nov,300,1,40,8,failure,1,positive,,
25,technician,single,secondary,no,no,yes,cellular,17,nov,386,2,-1,0,unknown,1,positive,,
51,technician,married,tertiary,no,no,no,cellular,17,nov,977,3,-1,0,unknown,1,positive,,
71,retired,divorced,primary,no,no,no,cellular,17,nov,456,2,-1,0,unknown,1,positive,,
72,retired,married,secondary,no,no,no,cellular,17,nov,1127,5,184,3,success,1,positive,,
58,management,married,tertiary,no,yes,no,unknown,5,may,261,1,-1,0,unknown,0,positive,,
35,management,married,tertiary,no,yes,no,unknown,5,may,139,1,-1,0,unknown,0,positive,,
60,admin.,married,secondary,no,yes,yes,unknown,5,may,208,1,-1,0,unknown,0,positive,,
25,blue-collar,married,secondary,no,yes,no,unknown,5,may,365,1,-1,0,unknown,0,negative,,
55,technician,divorced,secondary,no,no,no,unknown,5,may,160,1,-1,0,unknown,0,negative,,
54,blue-collar,married,secondary,no,yes,no,unknown,5,may,266,1,-1,0,unknown,0,positive,,
46,services,married,primary,no,yes,no,unknown,5,may,1778,1,-1,0,unknown,0,positive,,
49,blue-collar,married,unknown,no,yes,no,unknown,5,may,357,1,-1,0,unknown,0,positive,,
31,services,married,secondary,no,yes,yes,unknown,5,may,172,1,-1,0,unknown,0,positive,,
54,management,married,secondary,no,yes,yes,unknown,5,may,154,1,-1,0,unknown,0,positive,,
55,services,divorced,secondary,no,no,no,unknown,5,may,349,1,-1,0,unknown,0,positive,,
36,management,married,tertiary,no,yes,yes,unknown,5,may,426,1,-1,0,unknown,0,positive,,
55,blue-collar,married,secondary,no,no,no,unknown,5,may,287,1,-1,0,unknown,0,positive,,
44,blue-collar,married,secondary,no,yes,no,unknown,5,may,257,1,-1,0,unknown,0,negative,,
29,services,divorced,secondary,no,yes,no,unknown,5,may,194,1,-1,0,unknown,0,positive,,
57,technician,married,primary,no,no,no,unknown,5,may,98,1,-1,0,unknown,0,negative,,
43,services,married,secondary,no,yes,yes,unknown,5,may,127,2,-1,0,unknown,0,positive,,
31,blue-collar,married,secondary,no,yes,no,unknown,5,may,143,1,-1,0,unknown,0,negative,,
38,technician,single,secondary,no,yes,no,unknown,5,may,185,1,-1,0,unknown,0,positive,,
34,self-employed,single,secondary,no,yes,no,unknown,5,may,301,1,-1,0,unknown,0,positive,,
59,blue-collar,married,secondary,no,yes,no,unknown,5,may,98,1,-1,0,unknown,0,positive,,
48,unemployed,married,secondary,no,yes,no,unknown,5,may,243,1,-1,0,unknown,0,positive,,
60,admin.,divorced,secondary,no,yes,no,unknown,5,may,130,1,-1,0,unknown,0,positive,,
46,housemaid,married,primary,no,no,no,unknown,5,may,177,1,-1,0,unknown,0,positive,,
33,management,single,tertiary,no,yes,no,unknown,5,may,27,1,-1,0,unknown,0,positive,,
49,blue-collar,divorced,primary,no,yes,yes,unknown,5,may,389,1,-1,0,unknown,0,negative,,
43,technician,married,secondary,no,yes,no,unknown,5,may,117,1,-1,0,unknown,0,positive,,
40,management,married,tertiary,no,yes,no,unknown,5,may,39,1,-1,0,unknown,0,positive,,
42,management,divorced,tertiary,no,yes,no,unknown,5,may,58,3,-1,0,unknown,0,positive,,
58,blue-collar,married,primary,no,yes,no,unknown,5,may,156,2,-1,0,unknown,0,positive,,
40,self-employed,married,secondary,no,yes,no,unknown,5,may,164,2,-1,0,unknown,0,positive,,
56,admin.,married,secondary,no,yes,no,unknown,5,may,106,2,-1,0,unknown,0,positive,,
54,technician,married,unknown,no,yes,no,unknown,5,may,108,2,-1,0,unknown,0,positive,,
37,services,divorced,secondary,no,yes,yes,unknown,5,may,214,2,-1,0,unknown,0,positive,,
36,blue-collar,married,secondary,no,yes,yes,unknown,5,may,453,2,-1,0,unknown,0,positive,,
51,technician,single,secondary,no,yes,no,unknown,5,may,364,2,-1,0,unknown,0,negative,,
48,management,married,secondary,no,yes,no,unknown,5,may,224,3,-1,0,unknown,0,positive,,
42,admin.,single,secondary,no,yes,no,unknown,5,may,146,2,-1,0,unknown,0,positive,,
34,management,married,tertiary,no,yes,no,unknown,5,may,39,4,-1,0,unknown,0,positive,,
39,blue-collar,married,primary,no,yes,no,unknown,5,may,680,2,-1,0,unknown,0,negative,,
44,blue-collar,single,secondary,no,yes,no,unknown,5,may,404,4,-1,0,unknown,0,positive,,
34,services,married,secondary,no,yes,no,unknown,6,may,344,1,-1,0,unknown,0,positive,,
37,blue-collar,married,secondary,no,no,no,unknown,6,may,652,1,-1,0,unknown,0,positive,,
38,blue-collar,married,secondary,no,yes,no,unknown,6,may,133,1,-1,0,unknown,0,positive,,
50,management,married,tertiary,no,no,no,unknown,6,may,326,1,-1,0,unknown,0,negative,,
39,admin.,single,secondary,no,yes,no,unknown,6,may,342,1,-1,0,unknown,0,positive,,
38,technician,single,tertiary,no,yes,no,unknown,6,may,87,1,-1,0,unknown,0,positive,,
39,blue-collar,married,secondary,no,yes,no,unknown,6,may,262,1,-1,0,unknown,0,negative,,
45,blue-collar,married,secondary,no,no,no,unknown,6,may,241,1,-1,0,unknown,0,positive,,
34,technician,single,tertiary,no,yes,no,unknown,6,may,112,1,-1,0,unknown,0,positive,,
32,services,single,secondary,no,yes,no,unknown,6,may,144,1,-1,0,unknown,0,positive,,
37,management,married,tertiary,no,yes,yes,unknown,6,may,451,2,-1,0,unknown,0,positive,,
35,blue-collar,married,secondary,no,yes,no,unknown,6,may,145,2,-1,0,unknown,0,positive,,
31,management,single,secondary,no,yes,no,unknown,6,may,82,1,-1,0,unknown,0,positive,,
41,technician,married,secondary,no,yes,no,unknown,6,may,145,1,-1,0,unknown,0,positive,,
58,retired,married,secondary,no,yes,no,unknown,6,may,118,1,-1,0,unknown,0,positive,,
43,blue-collar,married,secondary,no,yes,no,unknown,6,may,371,2,-1,0,unknown,0,positive,,
48,blue-collar,married,secondary,no,yes,no,unknown,6,may,73,1,-1,0,unknown,0,positive,,
34,admin.,single,secondary,no,yes,no,unknown,6,may,150,1,-1,0,unknown,0,negative,,
45,blue-collar,married,secondary,no,yes,no,unknown,6,may,250,1,-1,0,unknown,0,positive,,
30,student,single,tertiary,no,yes,no,unknown,6,may,289,1,-1,0,unknown,0,positive,,
33,blue-collar,married,secondary,no,yes,no,unknown,6,may,123,1,-1,0,unknown,0,negative,,
36,admin.,married,secondary,no,yes,no,unknown,6,may,130,2,-1,0,unknown,0,negative,,
36,admin.,divorced,secondary,no,yes,no,unknown,6,may,153,1,-1,0,unknown,0,positive,,
51,blue-collar,married,secondary,no,yes,yes,unknown,6,may,121,1,-1,0,unknown,0,positive,,
49,technician,married,unknown,no,no,no,unknown,6,may,92,2,-1,0,unknown,0,positive,,
29,technician,single,tertiary,no,yes,no,unknown,6,may,65,1,-1,0,unknown,0,positive,,
47,technician,married,unknown,no,yes,no,unknown,6,may,168,1,-1,0,unknown,0,positive,,
39,blue-collar,married,primary,no,yes,no,unknown,6,may,158,1,-1,0,unknown,0,positive,,
31,management,single,tertiary,no,yes,no,unknown,6,may,170,3,-1,0,unknown,0,positive,,
32,technician,married,secondary,no,yes,yes,unknown,6,may,57,2,-1,0,unknown,0,positive,,
32,admin.,single,tertiary,no,yes,no,unknown,6,may,241,3,-1,0,unknown,0,positive,,
33,blue-collar,married,primary,no,yes,no,unknown,6,may,116,2,-1,0,unknown,0,positive,,
28,technician,single,secondary,no,yes,no,unknown,6,may,392,1,-1,0,unknown,0,positive,,
29,admin.,married,secondary,no,yes,no,unknown,6,may,328,1,-1,0,unknown,0,negative,,
34,blue-collar,married,secondary,no,yes,no,unknown,6,may,684,2,-1,0,unknown,0,positive,,
44,technician,single,unknown,no,yes,no,unknown,6,may,13,6,-1,0,unknown,0,positive,,
53,retired,married,secondary,no,yes,no,unknown,6,may,593,2,-1,0,unknown,0,positive,,
39,blue-collar,married,secondary,no,yes,no,unknown,6,may,99,2,-1,0,unknown,0,positive,,
44,blue-collar,divorced,secondary,no,yes,no,unknown,6,may,198,2,-1,0,unknown,0,positive,,
52,blue-collar,married,primary,no,yes,no,unknown,6,may,213,3,-1,0,unknown,0,positive,,
42,services,divorced,secondary,no,yes,no,unknown,6,may,176,5,-1,0,unknown,0,positive,,
41,blue-collar,married,primary,no,yes,no,unknown,6,may,233,2,-1,0,unknown,0,positive,,
56,self-employed,married,unknown,no,no,no,unknown,6,may,305,2,-1,0,unknown,0,positive,,
29,student,single,secondary,no,yes,no,unknown,7,may,169,3,-1,0,unknown,0,positive,,
42,technician,single,secondary,no,yes,no,unknown,7,may,275,4,-1,0,unknown,0,negative,,
42,management,divorced,tertiary,no,yes,no,unknown,7,may,720,2,-1,0,unknown,0,positive,,
32,technician,divorced,secondary,no,yes,yes,unknown,7,may,188,2,-1,0,unknown,0,positive,,
59,retired,married,secondary,no,yes,no,unknown,7,may,106,1,-1,0,unknown,0,positive,,
34,services,married,secondary,no,yes,no,unknown,7,may,312,1,-1,0,unknown,0,positive,,
35,admin.,married,secondary,no,no,no,unknown,7,may,326,1,-1,0,unknown,0,negative,,
57,technician,married,secondary,no,no,no,unknown,7,may,32,1,-1,0,unknown,0,positive,,
44,technician,divorced,secondary,no,yes,no,unknown,7,may,171,1,-1,0,unknown,0,negative,,
42,services,married,secondary,no,yes,no,unknown,7,may,149,1,-1,0,unknown,0,negative,,
36,services,single,secondary,no,yes,no,unknown,7,may,142,1,-1,0,unknown,0,positive,,
38,blue-collar,married,secondary,no,yes,no,unknown,7,may,1521,1,-1,0,unknown,0,positive,,
33,services,divorced,secondary,no,yes,yes,unknown,7,may,254,1,-1,0,unknown,0,positive,,
35,technician,married,secondary,no,yes,no,unknown,7,may,236,1,-1,0,unknown,0,positive,,
26,blue-collar,single,secondary,no,yes,no,unknown,7,may,180,1,-1,0,unknown,0,positive,,
52,self-employed,married,secondary,no,no,no,unknown,7,may,227,1,-1,0,unknown,0,positive,,
55,management,divorced,tertiary,no,no,no,unknown,7,may,241,2,-1,0,unknown,0,positive,,
32,blue-collar,divorced,primary,no,yes,no,unknown,7,may,204,2,-1,0,unknown,0,positive,,
33,housemaid,married,tertiary,no,yes,yes,unknown,7,may,109,1,-1,0,unknown,0,positive,,
31,services,married,tertiary,no,yes,yes,unknown,7,may,294,1,-1,0,unknown,0,positive,,
40,admin.,married,secondary,no,yes,yes,unknown,7,may,164,2,-1,0,unknown,0,positive,,
34,admin.,divorced,secondary,no,yes,no,unknown,7,may,283,2,-1,0,unknown,0,positive,,
30,management,single,tertiary,no,yes,no,unknown,7,may,245,1,-1,0,unknown,0,positive,,
26,services,married,secondary,no,yes,no,unknown,7,may,180,2,-1,0,unknown,0,negative,,
47,blue-collar,married,secondary,yes,yes,no,unknown,7,may,444,1,-1,0,unknown,0,negative,,
31,management,married,secondary,no,no,no,unknown,7,may,380,2,-1,0,unknown,0,positive,,
29,management,married,secondary,no,yes,yes,unknown,7,may,376,2,-1,0,unknown,0,positive,,
51,technician,married,secondary,no,yes,no,unknown,7,may,421,2,-1,0,unknown,0,positive,,
38,services,married,secondary,no,yes,no,unknown,7,may,154,2,-1,0,unknown,0,negative,,
57,retired,married,tertiary,no,yes,no,unknown,7,may,117,1,-1,0,unknown,0,positive,,
43,admin.,married,secondary,no,no,no,unknown,7,may,180,5,-1,0,unknown,0,positive,,
29,services,single,secondary,no,yes,no,unknown,7,may,129,5,-1,0,unknown,0,positive,,
30,blue-collar,single,primary,no,yes,no,unknown,7,may,912,2,-1,0,unknown,0,positive,,
44,blue-collar,divorced,secondary,no,yes,no,unknown,7,may,485,1,-1,0,unknown,0,positive,,
41,blue-collar,married,unknown,no,yes,no,unknown,7,may,690,2,-1,0,unknown,0,positive,,
52,entrepreneur,divorced,primary,no,yes,no,unknown,7,may,688,2,-1,0,unknown,0,positive,,
58,management,married,tertiary,no,no,no,unknown,7,may,103,2,-1,0,unknown,0,positive,,
41,blue-collar,married,secondary,no,yes,yes,unknown,7,may,203,1,-1,0,unknown,0,positive,,
37,management,married,tertiary,no,yes,no,unknown,7,may,96,3,-1,0,unknown,0,positive,,
60,blue-collar,divorced,secondary,no,no,no,unknown,7,may,152,2,-1,0,unknown,0,positive,,
52,technician,single,secondary,no,yes,no,unknown,7,may,94,2,-1,0,unknown,0,negative,,
27,blue-collar,single,secondary,no,yes,no,unknown,7,may,191,4,-1,0,unknown,0,negative,,
31,blue-collar,married,primary,no,yes,no,unknown,7,may,212,2,-1,0,unknown,0,positive,,
31,services,single,secondary,no,yes,no,unknown,7,may,193,3,-1,0,unknown,0,positive,,
30,blue-collar,married,primary,no,yes,no,unknown,7,may,299,2,-1,0,unknown,0,positive,,
43,admin.,married,tertiary,no,yes,no,unknown,7,may,244,7,-1,0,unknown,0,positive,,
48,blue-collar,married,secondary,no,yes,yes,unknown,7,may,152,3,-1,0,unknown,0,positive,,
50,blue-collar,married,primary,yes,yes,no,unknown,7,may,123,2,-1,0,unknown,0,positive,,
43,admin.,single,secondary,no,yes,no,unknown,7,may,276,4,-1,0,unknown,0,positive,,
35,services,married,secondary,no,yes,no,unknown,7,may,17,2,-1,0,unknown,0,positive,,
44,admin.,single,secondary,no,yes,no,unknown,7,may,404,5,-1,0,unknown,0,negative,,
48,technician,married,secondary,no,yes,no,unknown,8,may,177,3,-1,0,unknown,0,positive,,
34,management,married,primary,no,yes,no,unknown,8,may,125,3,-1,0,unknown,0,positive,,
42,technician,married,secondary,no,yes,no,unknown,8,may,94,1,-1,0,unknown,0,positive,,
29,admin.,divorced,secondary,no,yes,yes,unknown,8,may,489,1,-1,0,unknown,0,positive,,
43,management,married,tertiary,no,yes,yes,unknown,8,may,528,1,-1,0,unknown,0,positive,,
37,technician,married,secondary,no,yes,no,unknown,8,may,238,1,-1,0,unknown,0,positive,,
48,admin.,single,secondary,no,yes,no,unknown,8,may,255,1,-1,0,unknown,0,positive,,
61,blue-collar,married,primary,no,yes,no,unknown,8,may,204,1,-1,0,unknown,0,positive,,
29,blue-collar,married,secondary,no,yes,no,unknown,8,may,194,1,-1,0,unknown,0,positive,,
41,management,married,tertiary,no,no,no,unknown,8,may,106,1,-1,0,unknown,0,positive,,
34,management,married,tertiary,no,yes,no,unknown,8,may,214,2,-1,0,unknown,0,negative,,
26,blue-collar,married,secondary,no,yes,no,unknown,8,may,141,1,-1,0,unknown,0,positive,,
36,entrepreneur,married,unknown,no,yes,no,unknown,8,may,215,1,-1,0,unknown,0,positive,,
39,management,single,tertiary,no,yes,no,unknown,8,may,87,2,-1,0,unknown,0,positive,,
41,unknown,single,primary,no,yes,no,unknown,8,may,287,2,-1,0,unknown,0,positive,,
24,technician,single,tertiary,no,yes,no,unknown,8,may,131,1,-1,0,unknown,0,positive,,
28,technician,married,primary,no,yes,no,unknown,8,may,74,1,-1,0,unknown,0,negative,,
55,unemployed,single,tertiary,no,yes,no,unknown,8,may,60,1,-1,0,unknown,0,positive,,
31,management,single,tertiary,no,yes,no,unknown,8,may,156,1,-1,0,unknown,0,positive,,
51,blue-collar,married,unknown,no,yes,no,unknown,8,may,102,2,-1,0,unknown,0,positive,,
37,blue-collar,married,secondary,no,yes,no,unknown,8,may,69,2,-1,0,unknown,0,positive,,
41,technician,married,secondary,no,yes,yes,unknown,8,may,63,2,-1,0,unknown,0,positive,,
34,services,married,secondary,no,yes,no,unknown,8,may,159,4,-1,0,unknown,0,positive,,
32,management,single,tertiary,no,yes,no,unknown,8,may,161,1,-1,0,unknown,0,positive,,
36,admin.,divorced,secondary,no,no,no,unknown,8,may,269,3,-1,0,unknown,0,positive,,
34,management,single,tertiary,no,no,no,unknown,8,may,44,1,-1,0,unknown,0,positive,,
30,technician,single,tertiary,no,yes,no,unknown,8,may,234,1,-1,0,unknown,0,positive,,
25,entrepreneur,married,tertiary,no,yes,yes,unknown,8,may,453,2,-1,0,unknown,0,positive,,
38,blue-collar,single,primary,no,yes,no,unknown,8,may,200,2,-1,0,unknown,0,positive,,
45,admin.,divorced,secondary,no,yes,no,unknown,8,may,298,5,-1,0,unknown,0,positive,,
22,technician,single,secondary,no,yes,yes,unknown,8,may,626,6,-1,0,unknown,0,positive,,
29,management,divorced,tertiary,no,yes,yes,unknown,8,may,240,3,-1,0,unknown,0,positive,,
34,management,married,secondary,no,yes,no,unknown,8,may,442,2,-1,0,unknown,0,positive,,
37,blue-collar,divorced,secondary,no,yes,no,unknown,8,may,133,2,-1,0,unknown,0,positive,,
35,technician,single,secondary,no,yes,no,unknown,8,may,163,2,-1,0,unknown,0,positive,,
32,blue-collar,married,secondary,no,yes,no,unknown,8,may,223,2,-1,0,unknown,0,positive,,
38,management,single,tertiary,no,yes,no,unknown,8,may,92,3,-1,0,unknown,0,negative,,
40,admin.,single,secondary,no,yes,no,unknown,8,may,383,3,-1,0,unknown,0,positive,,
36,technician,married,secondary,no,yes,no,unknown,8,may,380,2,-1,0,unknown,0,positive,,
39,blue-collar,married,primary,no,yes,no,unknown,8,may,277,3,-1,0,unknown,0,positive,,
32,management,divorced,tertiary,no,yes,no,unknown,8,may,399,4,-1,0,unknown,0,positive,,
50,blue-collar,married,primary,no,no,no,unknown,8,may,297,2,-1,0,unknown,0,positive,,
43,blue-collar,married,primary,no,yes,no,unknown,8,may,170,2,-1,0,unknown,0,positive,,
48,technician,divorced,tertiary,no,yes,no,unknown,8,may,341,2,-1,0,unknown,0,positive,,
42,self-employed,married,secondary,no,yes,no,unknown,8,may,515,3,-1,0,unknown,0,positive,,
41,management,married,primary,no,yes,no,unknown,8,may,51,3,-1,0,unknown,0,negative,,
26,management,single,tertiary,no,yes,no,unknown,8,may,99,3,-1,0,unknown,0,positive,,
58,management,married,secondary,no,no,no,unknown,8,may,126,3,-1,0,unknown,0,positive,,
33,services,married,secondary,no,yes,no,unknown,8,may,172,4,-1,0,unknown,0,positive,,
31,technician,divorced,secondary,no,yes,no,unknown,9,may,62,1,-1,0,unknown,0,positive,,
53,entrepreneur,married,secondary,no,yes,no,unknown,9,may,101,3,-1,0,unknown,0,negative,,
47,services,married,secondary,no,yes,no,unknown,9,may,252,4,-1,0,unknown,0,positive,,
30,blue-collar,married,primary,no,yes,yes,unknown,9,may,380,1,-1,0,unknown,0,positive,,
29,blue-collar,married,secondary,no,no,no,unknown,9,may,215,1,-1,0,unknown,0,negative,,
32,blue-collar,married,secondary,no,yes,no,unknown,9,may,61,1,-1,0,unknown,0,positive,,
41,technician,married,secondary,no,yes,no,unknown,9,may,319,1,-1,0,unknown,0,positive,,
41,technician,single,secondary,no,yes,no,unknown,9,may,128,1,-1,0,unknown,0,negative,,
32,technician,single,tertiary,no,yes,yes,unknown,9,may,352,1,-1,0,unknown,0,positive,,
37,blue-collar,single,secondary,no,yes,no,unknown,9,may,217,2,-1,0,unknown,0,positive,,
36,management,divorced,tertiary,no,yes,no,unknown,9,may,117,1,-1,0,unknown,0,positive,,
26,blue-collar,single,secondary,no,yes,no,unknown,9,may,386,1,-1,0,unknown,0,positive,,
37,services,single,secondary,no,yes,yes,unknown,9,may,280,1,-1,0,unknown,0,positive,,
41,blue-collar,married,primary,no,yes,yes,unknown,9,may,121,4,-1,0,unknown,0,negative,,
32,blue-collar,single,secondary,no,no,no,unknown,9,may,115,1,-1,0,unknown,0,negative,,
47,blue-collar,divorced,secondary,no,yes,no,unknown,9,may,205,1,-1,0,unknown,0,positive,,
34,services,married,secondary,no,yes,no,unknown,9,may,122,1,-1,0,unknown,0,negative,,
36,blue-collar,divorced,unknown,no,yes,no,unknown,9,may,377,1,-1,0,unknown,0,negative,,
43,housemaid,married,primary,no,yes,yes,unknown,9,may,46,2,-1,0,unknown,0,positive,,
27,admin.,single,secondary,no,yes,no,unknown,9,may,544,1,-1,0,unknown,0,positive,,
33,blue-collar,married,secondary,no,yes,yes,unknown,9,may,143,1,-1,0,unknown,0,positive,,
30,management,single,tertiary,no,yes,yes,unknown,9,may,261,1,-1,0,unknown,0,positive,,
34,blue-collar,married,primary,no,yes,no,unknown,9,may,106,1,-1,0,unknown,0,positive,,
30,entrepreneur,single,secondary,no,yes,no,unknown,9,may,197,4,-1,0,unknown,0,positive,,
28,management,single,unknown,yes,yes,no,unknown,9,may,224,3,-1,0,unknown,0,positive,,
29,self-employed,single,tertiary,no,no,no,unknown,9,may,530,2,-1,0,unknown,0,positive,,
53,management,married,secondary,no,yes,no,unknown,9,may,126,2,-1,0,unknown,0,negative,,
38,technician,married,secondary,yes,yes,no,unknown,9,may,129,3,-1,0,unknown,0,positive,,
43,blue-collar,single,primary,no,yes,no,unknown,9,may,163,2,-1,0,unknown,0,positive,,
28,blue-collar,single,secondary,no,yes,yes,unknown,9,may,125,3,-1,0,unknown,0,positive,,
28,technician,single,secondary,no,yes,no,unknown,9,may,67,3,-1,0,unknown,0,negative,,
30,blue-collar,single,secondary,no,no,no,unknown,9,may,395,1,-1,0,unknown,0,positive,,
47,management,divorced,tertiary,no,yes,no,unknown,9,may,128,1,-1,0,unknown,0,positive,,
33,blue-collar,single,secondary,no,yes,no,unknown,9,may,174,1,-1,0,unknown,0,positive,,
45,services,married,primary,no,yes,no,unknown,9,may,274,2,-1,0,unknown,0,positive,,
49,housemaid,divorced,primary,no,yes,no,unknown,9,may,1080,5,-1,0,unknown,0,positive,,
37,blue-collar,married,secondary,no,no,no,unknown,9,may,262,1,-1,0,unknown,0,positive,,
37,admin.,married,secondary,no,no,yes,unknown,9,may,49,1,-1,0,unknown,0,negative,,
29,admin.,single,secondary,no,yes,no,unknown,9,may,106,1,-1,0,unknown,0,positive,,
29,admin.,single,secondary,yes,yes,no,unknown,9,may,279,1,-1,0,unknown,0,negative,,
35,admin.,divorced,tertiary,no,yes,no,unknown,9,may,26,2,-1,0,unknown,0,positive,,
49,blue-collar,married,primary,no,yes,yes,unknown,9,may,161,2,-1,0,unknown,0,positive,,
32,admin.,divorced,secondary,no,yes,no,unknown,9,may,218,2,-1,0,unknown,0,positive,,
57,blue-collar,married,secondary,no,yes,no,unknown,9,may,122,2,-1,0,unknown,0,positive,,
40,management,married,tertiary,no,no,no,unknown,9,may,260,4,-1,0,unknown,0,positive,,
28,admin.,single,secondary,no,yes,no,unknown,9,may,31,3,-1,0,unknown,0,positive,,
56,admin.,divorced,secondary,yes,yes,yes,unknown,9,may,185,2,-1,0,unknown,0,negative,,
35,management,single,tertiary,no,yes,no,unknown,9,may,83,3,-1,0,unknown,0,positive,,
31,blue-collar,married,secondary,no,yes,no,unknown,9,may,210,3,-1,0,unknown,0,positive,,
55,services,married,secondary,no,yes,no,unknown,9,may,91,3,-1,0,unknown,0,positive,,
36,technician,married,secondary,no,yes,no,unknown,9,may,83,3,-1,0,unknown,0,positive,,
46,self-employed,married,tertiary,no,yes,no,unknown,12,may,112,2,-1,0,unknown,0,negative,,
25,blue-collar,single,secondary,no,yes,no,unknown,12,may,149,5,-1,0,unknown,0,positive,,
49,technician,married,secondary,no,no,no,unknown,12,may,160,4,-1,0,unknown,0,positive,,
25,technician,single,secondary,no,yes,no,unknown,12,may,396,3,-1,0,unknown,0,positive,,
51,blue-collar,married,primary,yes,yes,no,unknown,12,may,38,4,-1,0,unknown,0,negative,,
40,services,single,secondary,no,yes,no,unknown,12,may,117,2,-1,0,unknown,0,positive,,
31,technician,married,secondary,no,no,no,unknown,12,may,177,4,-1,0,unknown,0,positive,,
27,management,single,tertiary,no,yes,no,unknown,12,may,145,1,-1,0,unknown,0,positive,,
25,student,single,tertiary,no,yes,no,unknown,12,may,53,1,-1,0,unknown,0,positive,,
36,blue-collar,married,primary,no,yes,no,unknown,12,may,170,2,-1,0,unknown,0,positive,,
36,blue-collar,married,primary,no,yes,no,unknown,12,may,165,4,-1,0,unknown,0,positive,,
30,services,single,secondary,no,yes,no,unknown,12,may,501,2,-1,0,unknown,0,positive,,
48,services,married,secondary,no,yes,yes,unknown,12,may,290,6,-1,0,unknown,0,positive,,
47,entrepreneur,married,unknown,yes,yes,no,unknown,12,may,379,2,-1,0,unknown,0,negative,,
32,blue-collar,married,primary,no,yes,no,unknown,12,may,326,1,-1,0,unknown,0,positive,,
31,technician,single,secondary,no,yes,no,unknown,12,may,1083,2,-1,0,unknown,0,positive,,
56,retired,married,primary,no,yes,no,unknown,12,may,123,2,-1,0,unknown,0,positive,,
24,blue-collar,married,secondary,no,yes,no,unknown,12,may,200,2,-1,0,unknown,0,positive,,
48,blue-collar,single,primary,no,yes,no,unknown,12,may,194,3,-1,0,unknown,0,positive,,
23,admin.,single,secondary,no,no,no,unknown,12,may,413,1,-1,0,unknown,0,positive,,
30,blue-collar,single,secondary,no,yes,no,unknown,12,may,116,2,-1,0,unknown,0,positive,,
48,housemaid,divorced,primary,no,yes,no,unknown,12,may,311,3,-1,0,unknown,0,positive,,
40,technician,married,secondary,no,yes,yes,unknown,12,may,10,11,-1,0,unknown,0,positive,,
28,unemployed,single,secondary,yes,yes,no,unknown,12,may,89,3,-1,0,unknown,0,negative,,
34,entrepreneur,single,tertiary,no,yes,no,unknown,12,may,166,4,-1,0,unknown,0,positive,,
34,admin.,single,secondary,no,yes,no,unknown,12,may,395,3,-1,0,unknown,0,positive,,
58,entrepreneur,married,tertiary,no,yes,no,unknown,12,may,186,6,-1,0,unknown,0,positive,,
50,blue-collar,married,primary,no,yes,no,unknown,12,may,78,3,-1,0,unknown,0,negative,,
36,blue-collar,married,secondary,no,yes,no,unknown,12,may,325,4,-1,0,unknown,0,positive,,
46,admin.,married,secondary,no,no,no,unknown,13,may,85,2,-1,0,unknown,0,positive,,
39,blue-collar,married,secondary,no,yes,no,unknown,13,may,141,6,-1,0,unknown,0,positive,,
32,admin.,single,tertiary,no,yes,no,unknown,13,may,134,2,-1,0,unknown,0,positive,,
32,blue-collar,married,secondary,no,yes,no,unknown,13,may,518,1,-1,0,unknown,0,negative,,
27,blue-collar,single,secondary,no,no,no,unknown,13,may,147,1,-1,0,unknown,0,positive,,
22,services,married,secondary,no,yes,no,unknown,13,may,101,1,-1,0,unknown,0,positive,,
26,services,married,secondary,no,yes,no,unknown,13,may,116,1,-1,0,unknown,0,positive,,
34,blue-collar,single,primary,no,yes,no,unknown,13,may,138,1,-1,0,unknown,0,positive,,
30,admin.,single,secondary,no,yes,no,unknown,13,may,207,1,-1,0,unknown,0,positive,,
22,services,single,secondary,no,yes,no,unknown,13,may,270,1,-1,0,unknown,0,positive,,
45,blue-collar,married,secondary,no,yes,no,unknown,13,may,3366,3,-1,0,unknown,0,positive,,
31,technician,married,secondary,no,yes,no,unknown,13,may,247,1,-1,0,unknown,0,positive,,
34,management,married,tertiary,no,yes,yes,unknown,13,may,213,1,-1,0,unknown,0,positive,,
24,technician,single,tertiary,no,yes,no,unknown,13,may,451,1,-1,0,unknown,0,positive,,
23,blue-collar,single,primary,no,yes,no,unknown,13,may,193,1,-1,0,unknown,0,positive,,
31,self-employed,married,secondary,no,yes,no,unknown,13,may,150,2,-1,0,unknown,0,positive,,
44,management,married,tertiary,no,no,no,unknown,13,may,27,1,-1,0,unknown,0,negative,,
26,services,married,secondary,no,yes,no,unknown,13,may,260,3,-1,0,unknown,0,positive,,
50,blue-collar,married,secondary,no,yes,no,unknown,13,may,334,1,-1,0,unknown,0,positive,,
51,services,married,unknown,no,yes,no,unknown,13,may,202,3,-1,0,unknown,0,positive,,
47,admin.,married,secondary,no,yes,no,unknown,13,may,110,1,-1,0,unknown,0,positive,,
45,technician,married,secondary,no,yes,no,unknown,13,may,192,1,-1,0,unknown,0,positive,,
29,services,single,primary,no,yes,no,unknown,13,may,266,2,-1,0,unknown,0,positive,,
54,retired,married,primary,no,yes,no,unknown,13,may,106,1,-1,0,unknown,0,negative,,
29,technician,single,secondary,no,yes,no,unknown,13,may,214,1,-1,0,unknown,0,positive,,
54,services,married,secondary,no,yes,no,unknown,13,may,173,1,-1,0,unknown,0,positive,,
40,admin.,divorced,secondary,no,yes,no,unknown,13,may,154,2,-1,0,unknown,0,positive,,
34,management,married,tertiary,no,yes,no,unknown,13,may,813,2,-1,0,unknown,0,positive,,
53,retired,married,tertiary,no,no,no,unknown,13,may,916,2,-1,0,unknown,0,positive,,
47,blue-collar,married,primary,no,yes,no,unknown,13,may,276,1,-1,0,unknown,0,positive,,
31,admin.,single,secondary,no,yes,no,unknown,13,may,180,1,-1,0,unknown,0,positive,,
47,services,divorced,secondary,no,yes,yes,unknown,13,may,367,1,-1,0,unknown,0,positive,,
48,blue-collar,married,secondary,no,no,no,unknown,13,may,108,2,-1,0,unknown,0,positive,,
44,services,married,primary,no,yes,yes,unknown,13,may,55,1,-1,0,unknown,0,positive,,
43,blue-collar,married,primary,no,yes,no,unknown,13,may,119,10,-1,0,unknown,0,positive,,
26,management,married,tertiary,no,yes,no,unknown,13,may,129,4,-1,0,unknown,0,positive,,
47,blue-collar,married,primary,no,yes,no,unknown,13,may,142,2,-1,0,unknown,0,positive,,
33,blue-collar,married,primary,no,yes,yes,unknown,13,may,851,4,-1,0,unknown,0,negative,,
32,blue-collar,single,secondary,no,yes,no,unknown,13,may,73,3,-1,0,unknown,0,positive,,
52,entrepreneur,married,unknown,no,yes,no,unknown,13,may,165,2,-1,0,unknown,0,negative,,
24,blue-collar,married,primary,no,yes,no,unknown,13,may,165,3,-1,0,unknown,0,negative,,
43,entrepreneur,married,secondary,no,no,no,unknown,13,may,437,2,-1,0,unknown,0,positive,,
54,retired,married,secondary,no,no,no,unknown,13,may,151,2,-1,0,unknown,0,positive,,
55,retired,married,secondary,no,yes,no,unknown,13,may,647,7,-1,0,unknown,0,positive,,
49,management,married,tertiary,no,yes,no,unknown,13,may,50,3,-1,0,unknown,0,positive,,
31,services,single,secondary,no,yes,no,unknown,13,may,271,2,-1,0,unknown,0,positive,,
58,admin.,married,secondary,no,no,no,unknown,13,may,273,2,-1,0,unknown,0,positive,,
51,technician,married,secondary,no,yes,no,unknown,13,may,72,4,-1,0,unknown,0,positive,,
27,unemployed,single,tertiary,no,yes,no,unknown,13,may,163,3,-1,0,unknown,0,positive,,
28,technician,single,secondary,no,yes,no,unknown,13,may,152,3,-1,0,unknown,0,positive,,
42,management,married,secondary,no,yes,no,unknown,14,may,735,8,-1,0,unknown,0,positive,,
42,admin.,single,secondary,no,yes,no,unknown,14,may,46,5,-1,0,unknown,0,positive,,
48,entrepreneur,married,unknown,no,yes,no,unknown,14,may,175,3,-1,0,unknown,0,positive,,
49,admin.,married,secondary,no,yes,yes,unknown,14,may,455,3,-1,0,unknown,0,positive,,
28,blue-collar,single,primary,no,yes,yes,unknown,14,may,305,3,-1,0,unknown,0,positive,,
48,blue-collar,married,primary,no,yes,no,unknown,14,may,70,1,-1,0,unknown,0,positive,,
42,management,married,tertiary,no,yes,no,unknown,14,may,260,1,-1,0,unknown,0,positive,,
46,blue-collar,married,primary,no,yes,no,unknown,14,may,73,1,-1,0,unknown,0,negative,,
26,student,single,secondary,no,yes,no,unknown,14,may,174,2,-1,0,unknown,0,positive,,
50,blue-collar,divorced,secondary,no,yes,yes,unknown,14,may,421,1,-1,0,unknown,0,positive,,
45,management,married,tertiary,no,yes,no,unknown,14,may,158,2,-1,0,unknown,0,positive,,
29,admin.,single,secondary,no,no,no,unknown,14,may,105,1,-1,0,unknown,0,positive,,
50,services,married,secondary,no,yes,no,unknown,14,may,686,1,-1,0,unknown,0,positive,,
43,technician,married,secondary,no,yes,no,unknown,14,may,78,1,-1,0,unknown,0,positive,,
59,retired,married,secondary,no,yes,yes,unknown,14,may,282,1,-1,0,unknown,0,positive,,
59,blue-collar,married,primary,no,yes,yes,unknown,14,may,267,2,-1,0,unknown,0,positive,,
42,management,married,tertiary,no,yes,no,unknown,14,may,110,1,-1,0,unknown,0,negative,,
47,blue-collar,married,primary,no,yes,no,unknown,14,may,164,2,-1,0,unknown,0,positive,,
47,blue-collar,married,secondary,no,no,no,unknown,14,may,262,1,-1,0,unknown,0,positive,,
42,blue-collar,single,secondary,no,no,no,unknown,14,may,229,1,-1,0,unknown,0,positive,,
53,management,married,tertiary,no,yes,no,unknown,14,may,429,1,-1,0,unknown,0,positive,,
42,management,married,tertiary,no,yes,no,unknown,14,may,299,1,-1,0,unknown,0,positive,,
46,blue-collar,married,primary,no,yes,no,unknown,14,may,91,1,-1,0,unknown,0,positive,,
41,blue-collar,single,primary,no,yes,no,unknown,14,may,152,1,-1,0,unknown,0,positive,,
47,blue-collar,married,primary,no,yes,no,unknown,14,may,28,2,-1,0,unknown,0,positive,,
57,admin.,divorced,primary,no,yes,yes,unknown,14,may,191,1,-1,0,unknown,0,positive,,
57,services,married,secondary,no,yes,no,unknown,14,may,356,1,-1,0,unknown,0,positive,,
49,blue-collar,married,primary,no,yes,no,unknown,14,may,208,1,-1,0,unknown,0,positive,,
41,blue-collar,married,secondary,no,yes,no,unknown,14,may,181,1,-1,0,unknown,0,positive,,
44,technician,single,secondary,no,yes,yes,unknown,14,may,100,3,-1,0,unknown,0,negative,,
31,management,married,secondary,no,yes,no,unknown,14,may,109,1,-1,0,unknown,0,positive,,
46,technician,divorced,secondary,no,yes,no,unknown,14,may,566,2,-1,0,unknown,0,positive,,
48,services,divorced,secondary,no,yes,no,unknown,14,may,364,1,-1,0,unknown,0,positive,,
44,blue-collar,married,secondary,no,yes,no,unknown,14,may,222,5,-1,0,unknown,0,positive,,
45,technician,married,primary,no,yes,no,unknown,14,may,135,1,-1,0,unknown,0,positive,,
49,services,married,secondary,no,no,no,unknown,14,may,102,2,-1,0,unknown,0,positive,,
41,blue-collar,married,primary,no,yes,no,unknown,14,may,240,1,-1,0,unknown,0,positive,,
51,unemployed,married,secondary,no,yes,no,unknown,14,may,411,1,-1,0,unknown,0,positive,,
36,admin.,married,secondary,no,yes,no,unknown,14,may,1044,2,-1,0,unknown,0,positive,,
44,management,married,tertiary,no,yes,yes,unknown,14,may,183,4,-1,0,unknown,0,positive,,
26,blue-collar,single,secondary,no,no,no,unknown,14,may,514,2,-1,0,unknown,0,positive,,
29,admin.,married,secondary,no,yes,yes,unknown,14,may,49,1,-1,0,unknown,0,positive,,
45,services,divorced,secondary,no,yes,no,unknown,14,may,183,2,-1,0,unknown,0,positive,,
29,admin.,single,secondary,no,yes,no,unknown,14,may,339,1,-1,0,unknown,0,positive,,
28,student,single,secondary,no,yes,no,unknown,14,may,162,4,-1,0,unknown,0,positive,,
43,services,divorced,secondary,no,yes,no,unknown,14,may,436,1,-1,0,unknown,0,positive,,
42,technician,married,secondary,no,yes,yes,unknown,14,may,349,5,-1,0,unknown,0,positive,,
55,blue-collar,married,primary,no,yes,no,unknown,14,may,321,1,-1,0,unknown,0,positive,,
45,entrepreneur,married,secondary,no,yes,no,unknown,14,may,126,3,-1,0,unknown,0,positive,,
41,blue-collar,married,secondary,no,yes,no,unknown,14,may,89,7,-1,0,unknown,0,positive,,
43,blue-collar,married,primary,no,yes,no,unknown,14,may,122,4,-1,0,unknown,0,negative,,
47,blue-collar,married,secondary,no,yes,no,unknown,14,may,133,4,-1,0,unknown,0,positive,,
36,blue-collar,married,secondary,no,no,no,unknown,14,may,636,6,-1,0,unknown,0,negative,,
50,blue-collar,married,secondary,no,yes,no,unknown,14,may,19,14,-1,0,unknown,0,positive,,
47,blue-collar,divorced,primary,no,yes,no,unknown,14,may,227,4,-1,0,unknown,0,positive,,
47,management,married,secondary,no,yes,no,unknown,14,may,143,3,-1,0,unknown,0,positive,,
53,admin.,married,secondary,no,yes,no,unknown,14,may,162,3,-1,0,unknown,0,positive,,
45,blue-collar,married,secondary,no,yes,no,unknown,15,may,319,5,-1,0,unknown,0,positive,,
46,services,married,secondary,no,yes,no,unknown,15,may,101,4,-1,0,unknown,0,positive,,
50,management,married,tertiary,no,yes,no,unknown,15,may,226,2,-1,0,unknown,0,negative,,
43,retired,married,secondary,no,yes,yes,unknown,15,may,259,1,-1,0,unknown,0,positive,,
45,blue-collar,married,primary,no,yes,no,unknown,15,may,126,1,-1,0,unknown,0,positive,,
42,technician,single,secondary,no,yes,no,unknown,15,may,87,1,-1,0,unknown,0,positive,,
51,entrepreneur,married,tertiary,no,yes,yes,unknown,15,may,203,1,-1,0,unknown,0,positive,,
41,blue-collar,married,primary,no,yes,no,unknown,15,may,153,1,-1,0,unknown,0,positive,,
49,entrepreneur,married,tertiary,no,yes,no,unknown,15,may,305,1,-1,0,unknown,0,positive,,
36,blue-collar,single,secondary,no,yes,no,unknown,15,may,180,2,-1,0,unknown,0,negative,,
46,admin.,married,secondary,no,no,yes,unknown,15,may,240,1,-1,0,unknown,0,positive,,
52,blue-collar,divorced,primary,no,yes,no,unknown,15,may,41,1,-1,0,unknown,0,positive,,
56,blue-collar,divorced,primary,no,yes,no,unknown,15,may,158,1,-1,0,unknown,0,positive,,
44,blue-collar,single,primary,no,yes,no,unknown,15,may,160,1,-1,0,unknown,0,positive,,
52,admin.,married,secondary,no,yes,no,unknown,15,may,167,1,-1,0,unknown,0,positive,,
46,services,married,secondary,no,no,no,unknown,15,may,504,3,-1,0,unknown,0,positive,,
41,services,married,secondary,no,yes,no,unknown,15,may,326,4,-1,0,unknown,0,positive,,
50,blue-collar,married,primary,no,yes,no,unknown,15,may,116,1,-1,0,unknown,0,positive,,
57,retired,divorced,tertiary,no,yes,no,unknown,15,may,1036,1,-1,0,unknown,0,positive,,
54,technician,married,tertiary,no,yes,no,unknown,15,may,165,1,-1,0,unknown,0,positive,,
42,technician,married,secondary,no,yes,no,unknown,15,may,164,1,-1,0,unknown,0,positive,,
53,entrepreneur,married,tertiary,no,yes,no,unknown,15,may,106,1,-1,0,unknown,0,positive,,
26,blue-collar,married,secondary,no,yes,no,unknown,15,may,219,1,-1,0,unknown,0,positive,,
42,management,married,tertiary,no,yes,no,unknown,15,may,98,3,-1,0,unknown,0,positive,,
49,blue-collar,single,primary,no,yes,no,unknown,15,may,291,2,-1,0,unknown,0,positive,,
42,blue-collar,married,primary,no,yes,no,unknown,15,may,221,2,-1,0,unknown,0,positive,,
60,retired,married,secondary,no,yes,no,unknown,15,may,229,1,-1,0,unknown,0,negative,,
42,blue-collar,married,primary,no,yes,no,unknown,15,may,297,3,-1,0,unknown,0,negative,,
35,entrepreneur,single,tertiary,no,yes,yes,unknown,15,may,203,4,-1,0,unknown,0,negative,,
41,housemaid,married,tertiary,no,yes,no,unknown,15,may,230,7,-1,0,unknown,0,positive,,
55,admin.,married,secondary,no,yes,no,unknown,15,may,187,6,-1,0,unknown,0,positive,,
35,blue-collar,single,secondary,no,yes,no,unknown,15,may,117,1,-1,0,unknown,0,positive,,
46,management,married,tertiary,no,yes,yes,unknown,15,may,200,3,-1,0,unknown,0,positive,,
24,services,married,secondary,no,yes,yes,unknown,15,may,187,2,-1,0,unknown,0,positive,,
47,blue-collar,married,secondary,no,yes,yes,unknown,15,may,236,3,-1,0,unknown,0,positive,,
32,blue-collar,married,secondary,no,yes,no,unknown,15,may,51,10,-1,0,unknown,0,positive,,
54,self-employed,divorced,secondary,no,yes,no,unknown,15,may,74,2,-1,0,unknown,0,positive,,
28,blue-collar,single,primary,no,yes,no,unknown,15,may,43,9,-1,0,unknown,0,negative,,
58,management,divorced,tertiary,no,no,no,unknown,15,may,525,1,-1,0,unknown,0,positive,,
54,blue-collar,married,primary,no,yes,no,unknown,15,may,34,1,-1,0,unknown,0,positive,,
46,self-employed,single,tertiary,no,yes,no,unknown,15,may,236,3,-1,0,unknown,0,positive,,
39,management,divorced,tertiary,no,no,no,unknown,15,may,815,1,-1,0,unknown,0,positive,,
42,admin.,married,secondary,no,yes,no,unknown,15,may,118,1,-1,0,unknown,0,positive,,
45,services,married,secondary,no,yes,no,unknown,15,may,238,1,-1,0,unknown,0,positive,,
41,technician,divorced,secondary,no,yes,no,unknown,15,may,76,3,-1,0,unknown,0,positive,,
34,management,married,unknown,yes,yes,no,unknown,15,may,328,1,-1,0,unknown,0,negative,,
33,blue-collar,single,primary,no,yes,no,unknown,15,may,113,1,-1,0,unknown,0,positive,,
46,admin.,married,primary,no,yes,no,unknown,15,may,144,1,-1,0,unknown,0,positive,,
33,management,divorced,tertiary,no,yes,no,unknown,15,may,279,9,-1,0,unknown,0,positive,,
33,blue-collar,married,secondary,no,yes,no,unknown,15,may,561,1,-1,0,unknown,0,positive,,
48,management,married,unknown,no,yes,no,unknown,15,may,52,1,-1,0,unknown,0,positive,,
30,management,single,tertiary,no,yes,no,unknown,15,may,73,2,-1,0,unknown,0,positive,,
52,blue-collar,married,secondary,no,yes,no,unknown,15,may,57,4,-1,0,unknown,0,positive,,
40,management,married,primary,no,yes,yes,unknown,15,may,184,2,-1,0,unknown,0,positive,,
52,blue-collar,married,secondary,no,yes,no,unknown,15,may,875,5,-1,0,unknown,0,positive,,
45,blue-collar,married,secondary,no,yes,yes,unknown,15,may,53,3,-1,0,unknown,0,positive,,
57,management,married,tertiary,no,no,yes,unknown,15,may,262,4,-1,0,unknown,0,positive,,
60,retired,married,primary,no,yes,no,unknown,15,may,65,7,-1,0,unknown,0,positive,,
46,admin.,married,secondary,no,no,no,unknown,16,may,84,2,-1,0,unknown,0,positive,,
31,admin.,single,secondary,no,yes,no,unknown,16,may,28,4,-1,0,unknown,0,negative,,
36,services,married,secondary,no,yes,no,unknown,16,may,99,1,-1,0,unknown,0,positive,,
42,admin.,divorced,secondary,no,no,no,unknown,16,may,88,6,-1,0,unknown,0,positive,,
31,technician,divorced,secondary,no,no,no,unknown,16,may,118,2,-1,0,unknown,0,positive,,
31,admin.,married,secondary,no,yes,no,unknown,16,may,159,1,-1,0,unknown,0,positive,,
39,management,married,tertiary,no,yes,yes,unknown,16,may,107,2,-1,0,unknown,0,negative,,
37,management,single,tertiary,no,yes,no,unknown,16,may,537,1,-1,0,unknown,0,positive,,
57,retired,divorced,secondary,no,yes,no,unknown,16,may,122,1,-1,0,unknown,0,positive,,
24,blue-collar,married,secondary,no,yes,yes,unknown,16,may,300,1,-1,0,unknown,0,positive,,
23,admin.,married,tertiary,no,yes,no,unknown,16,may,140,1,-1,0,unknown,0,positive,,
27,management,married,secondary,no,yes,no,unknown,16,may,24,1,-1,0,unknown,0,negative,,
29,blue-collar,single,secondary,no,yes,no,unknown,16,may,217,2,-1,0,unknown,0,positive,,
32,blue-collar,married,primary,no,yes,no,unknown,16,may,601,1,-1,0,unknown,0,positive,,
47,blue-collar,married,secondary,no,yes,no,unknown,16,may,184,2,-1,0,unknown,0,negative,,
25,technician,single,secondary,no,yes,yes,unknown,16,may,424,1,-1,0,unknown,0,positive,,
30,blue-collar,single,secondary,no,yes,no,unknown,16,may,123,1,-1,0,unknown,0,positive,,
29,blue-collar,single,secondary,no,yes,no,unknown,16,may,33,1,-1,0,unknown,0,positive,,
35,technician,married,secondary,no,yes,yes,unknown,16,may,95,1,-1,0,unknown,0,positive,,
24,technician,single,secondary,no,yes,no,unknown,16,may,320,2,-1,0,unknown,0,positive,,
40,blue-collar,married,secondary,no,yes,no,unknown,16,may,166,2,-1,0,unknown,0,positive,,
52,technician,married,secondary,no,no,no,unknown,16,may,112,4,-1,0,unknown,0,positive,,
29,unemployed,single,tertiary,no,yes,yes,unknown,16,may,703,4,-1,0,unknown,0,negative,,
44,blue-collar,divorced,unknown,no,no,no,unknown,16,may,141,2,-1,0,unknown,0,positive,,
53,blue-collar,married,primary,no,yes,no,unknown,16,may,475,2,-1,0,unknown,0,positive,,
44,admin.,married,secondary,no,yes,yes,unknown,16,may,159,1,-1,0,unknown,0,negative,,
29,technician,single,secondary,no,yes,no,unknown,16,may,323,2,-1,0,unknown,0,negative,,
57,entrepreneur,married,tertiary,yes,yes,no,unknown,16,may,199,4,-1,0,unknown,0,negative,,
41,unemployed,married,secondary,no,yes,no,unknown,16,may,80,2,-1,0,unknown,0,positive,,
27,management,single,tertiary,yes,yes,no,unknown,16,may,213,16,-1,0,unknown,0,negative,,
29,technician,married,secondary,no,yes,no,unknown,16,may,131,1,-1,0,unknown,0,positive,,
29,management,single,tertiary,no,no,no,unknown,16,may,16,25,-1,0,unknown,0,negative,,
21,admin.,single,secondary,no,yes,no,unknown,16,may,467,1,-1,0,unknown,0,positive,,
24,admin.,single,secondary,no,yes,no,unknown,16,may,233,1,-1,0,unknown,0,positive,,
35,blue-collar,single,secondary,no,yes,no,unknown,16,may,344,4,-1,0,unknown,0,positive,,
40,blue-collar,married,secondary,no,yes,yes,unknown,16,may,292,8,-1,0,unknown,0,positive,,
28,services,single,secondary,no,yes,no,unknown,16,may,21,3,-1,0,unknown,0,positive,,
31,services,married,secondary,no,yes,no,unknown,16,may,230,2,-1,0,unknown,0,positive,,
35,admin.,single,secondary,no,yes,no,unknown,16,may,218,3,-1,0,unknown,0,positive,,
51,blue-collar,divorced,primary,no,yes,no,unknown,16,may,24,4,-1,0,unknown,0,positive,,
51,management,married,tertiary,no,yes,no,unknown,16,may,59,5,-1,0,unknown,0,negative,,
47,blue-collar,married,unknown,no,yes,no,unknown,19,may,79,19,-1,0,unknown,0,positive,,
60,management,divorced,tertiary,no,yes,no,unknown,19,may,134,2,-1,0,unknown,0,positive,,
48,unemployed,married,tertiary,no,yes,no,unknown,19,may,668,7,-1,0,unknown,0,negative,,
48,technician,married,secondary,no,yes,no,unknown,19,may,71,1,-1,0,unknown,0,positive,,
43,technician,married,secondary,no,yes,yes,unknown,19,may,412,1,-1,0,unknown,0,positive,,
52,technician,married,secondary,no,yes,no,unknown,19,may,144,2,-1,0,unknown,0,positive,,
25,blue-collar,single,secondary,no,yes,no,unknown,19,may,268,6,-1,0,unknown,0,positive,,
59,blue-collar,divorced,primary,no,yes,no,unknown,19,may,63,1,-1,0,unknown,0,positive,,
47,admin.,married,secondary,no,yes,no,unknown,19,may,82,3,-1,0,unknown,0,positive,,
30,blue-collar,married,secondary,no,yes,no,unknown,19,may,285,2,-1,0,unknown,0,positive,,
40,unemployed,married,primary,no,yes,no,unknown,19,may,792,4,-1,0,unknown,0,positive,,
30,blue-collar,married,secondary,no,yes,yes,unknown,19,may,95,1,-1,0,unknown,0,positive,,
30,technician,single,secondary,no,no,no,unknown,19,may,798,1,-1,0,unknown,0,positive,,
53,services,married,secondary,no,yes,no,unknown,19,may,84,12,-1,0,unknown,0,positive,,
45,entrepreneur,married,tertiary,no,yes,no,unknown,19,may,182,2,-1,0,unknown,0,positive,,
28,blue-collar,single,secondary,no,no,no,unknown,19,may,190,1,-1,0,unknown,0,positive,,
49,technician,married,secondary,no,no,no,unknown,19,may,114,2,-1,0,unknown,0,positive,,
31,blue-collar,single,secondary,no,yes,no,unknown,19,may,287,1,-1,0,unknown,0,positive,,
40,blue-collar,married,secondary,no,yes,no,unknown,19,may,192,1,-1,0,unknown,0,negative,,
30,management,married,tertiary,no,yes,no,unknown,19,may,70,1,-1,0,unknown,0,positive,,
61,blue-collar,married,primary,no,yes,no,unknown,19,may,158,2,-1,0,unknown,0,positive,,
38,management,single,tertiary,no,no,no,unknown,19,may,197,4,-1,0,unknown,0,positive,,
38,entrepreneur,married,secondary,no,yes,no,unknown,19,may,144,2,-1,0,unknown,0,positive,,
27,blue-collar,married,secondary,no,yes,no,unknown,19,may,105,1,-1,0,unknown,0,positive,,
31,blue-collar,married,primary,no,yes,yes,unknown,19,may,488,3,-1,0,unknown,0,positive,,
20,student,single,secondary,no,yes,no,unknown,19,may,387,1,-1,0,unknown,0,positive,,
27,entrepreneur,married,secondary,no,yes,no,unknown,19,may,480,1,-1,0,unknown,0,positive,,
51,technician,married,unknown,no,yes,no,unknown,19,may,124,3,-1,0,unknown,0,positive,,
41,blue-collar,married,primary,no,yes,no,unknown,19,may,590,2,-1,0,unknown,0,positive,,
23,management,single,secondary,no,yes,no,unknown,19,may,109,2,-1,0,unknown,0,positive,,
23,blue-collar,single,secondary,no,yes,no,unknown,19,may,180,1,-1,0,unknown,0,positive,,
41,admin.,married,secondary,no,yes,no,unknown,19,may,657,2,-1,0,unknown,0,positive,,
31,blue-collar,single,secondary,no,yes,no,unknown,19,may,178,5,-1,0,unknown,0,positive,,
47,blue-collar,married,primary,no,yes,yes,unknown,19,may,53,5,-1,0,unknown,0,positive,,
32,blue-collar,married,primary,no,yes,no,unknown,19,may,313,2,-1,0,unknown,0,positive,,
36,technician,divorced,secondary,no,yes,no,unknown,19,may,165,5,-1,0,unknown,0,positive,,
30,blue-collar,married,secondary,no,no,no,unknown,19,may,159,3,-1,0,unknown,0,negative,,
45,blue-collar,married,secondary,no,yes,no,unknown,19,may,120,7,-1,0,unknown,0,positive,,
53,management,married,primary,no,no,no,unknown,19,may,195,4,-1,0,unknown,0,positive,,
31,management,single,secondary,no,yes,no,unknown,20,may,150,1,-1,0,unknown,0,negative,,
38,management,single,tertiary,no,yes,no,unknown,20,may,34,1,-1,0,unknown,0,positive,,
54,management,married,tertiary,no,yes,no,unknown,20,may,16,10,-1,0,unknown,0,positive,,
36,management,married,tertiary,no,yes,no,unknown,20,may,280,1,-1,0,unknown,0,positive,,
47,blue-collar,married,secondary,no,yes,no,unknown,20,may,409,2,-1,0,unknown,0,positive,,
35,blue-collar,married,secondary,no,yes,yes,unknown,20,may,171,1,-1,0,unknown,0,positive,,
38,blue-collar,single,primary,no,yes,no,unknown,20,may,656,1,-1,0,unknown,0,positive,,
33,admin.,single,tertiary,no,yes,no,unknown,20,may,243,1,-1,0,unknown,0,positive,,
38,admin.,divorced,secondary,no,yes,no,unknown,20,may,119,1,-1,0,unknown,0,positive,,
36,management,married,tertiary,no,yes,no,unknown,20,may,294,15,-1,0,unknown,0,positive,,
32,blue-collar,married,primary,no,yes,no,unknown,20,may,142,1,-1,0,unknown,0,negative,,
36,services,married,secondary,no,yes,no,unknown,20,may,26,1,-1,0,unknown,0,positive,,
34,services,married,primary,no,yes,no,unknown,20,may,167,1,-1,0,unknown,0,positive,,
23,services,single,secondary,no,yes,no,unknown,20,may,507,1,-1,0,unknown,0,positive,,
39,entrepreneur,married,tertiary,no,yes,no,unknown,20,may,253,1,-1,0,unknown,0,positive,,
39,blue-collar,married,secondary,no,yes,yes,unknown,20,may,40,1,-1,0,unknown,0,negative,,
35,blue-collar,single,primary,no,no,no,unknown,20,may,317,1,-1,0,unknown,0,positive,,
40,blue-collar,married,secondary,no,yes,no,unknown,20,may,207,6,-1,0,unknown,0,positive,,
30,self-employed,single,secondary,no,yes,no,unknown,20,may,62,1,-1,0,unknown,0,positive,,
41,services,single,secondary,no,yes,no,unknown,20,may,85,1,-1,0,unknown,0,positive,,
36,blue-collar,divorced,secondary,no,yes,no,unknown,20,may,189,1,-1,0,unknown,0,positive,,
32,blue-collar,married,secondary,no,yes,no,unknown,20,may,212,1,-1,0,unknown,0,positive,,
40,admin.,married,tertiary,no,yes,no,unknown,20,may,88,2,-1,0,unknown,0,negative,,
59,blue-collar,married,primary,no,yes,yes,unknown,20,may,355,1,-1,0,unknown,0,positive,,
34,admin.,single,tertiary,no,yes,no,unknown,20,may,211,1,-1,0,unknown,0,positive,,
30,management,single,tertiary,no,no,no,unknown,20,may,121,11,-1,0,unknown,0,positive,,
31,unemployed,married,secondary,no,yes,no,unknown,20,may,378,3,-1,0,unknown,0,positive,,
33,blue-collar,married,secondary,no,yes,yes,unknown,20,may,107,1,-1,0,unknown,0,positive,,
31,blue-collar,single,primary,no,yes,no,unknown,20,may,157,1,-1,0,unknown,0,positive,,
37,management,single,tertiary,no,no,no,unknown,20,may,188,3,-1,0,unknown,0,positive,,
43,blue-collar,married,primary,yes,yes,no,unknown,20,may,37,9,-1,0,unknown,0,negative,,
34,blue-collar,married,secondary,no,yes,no,unknown,20,may,120,1,-1,0,unknown,0,positive,,
55,admin.,married,unknown,no,yes,no,unknown,20,may,204,1,-1,0,unknown,0,positive,,
33,management,single,secondary,no,no,no,unknown,20,may,190,2,-1,0,unknown,0,negative,,
34,blue-collar,married,secondary,no,yes,no,unknown,20,may,446,2,-1,0,unknown,0,positive,,
39,blue-collar,married,primary,no,yes,no,unknown,20,may,169,1,-1,0,unknown,0,positive,,
34,admin.,single,secondary,no,yes,yes,unknown,20,may,52,11,-1,0,unknown,0,positive,,
36,technician,single,tertiary,no,yes,no,unknown,20,may,216,2,-1,0,unknown,0,positive,,
55,self-employed,married,secondary,no,yes,no,unknown,20,may,210,2,-1,0,unknown,0,negative,,
32,technician,married,unknown,no,yes,no,unknown,20,may,196,6,-1,0,unknown,0,positive,,
31,management,married,tertiary,no,yes,no,unknown,20,may,239,2,-1,0,unknown,0,positive,,
45,blue-collar,married,primary,no,yes,yes,unknown,20,may,114,3,-1,0,unknown,0,positive,,
32,management,single,tertiary,no,yes,no,unknown,20,may,267,2,-1,0,unknown,0,positive,,
52,services,married,secondary,no,yes,no,unknown,20,may,363,5,-1,0,unknown,0,negative,,
35,blue-collar,married,secondary,no,yes,no,unknown,20,may,247,2,-1,0,unknown,0,positive,,
38,blue-collar,married,primary,no,yes,yes,unknown,20,may,165,2,-1,0,unknown,0,negative,,
23,student,single,secondary,no,yes,no,unknown,20,may,109,6,-1,0,unknown,0,negative,,
40,blue-collar,married,primary,no,yes,no,unknown,20,may,167,2,-1,0,unknown,0,positive,,
34,blue-collar,married,unknown,no,yes,no,unknown,20,may,214,1,-1,0,unknown,0,positive,,
38,unknown,married,unknown,no,yes,no,unknown,20,may,37,13,-1,0,unknown,0,positive,,
35,blue-collar,married,secondary,no,yes,no,unknown,20,may,190,1,-1,0,unknown,0,positive,,
30,blue-collar,married,secondary,no,yes,no,unknown,20,may,140,1,-1,0,unknown,0,positive,,
32,technician,married,secondary,no,yes,no,unknown,21,may,336,1,-1,0,unknown,0,positive,,
39,blue-collar,married,primary,no,yes,no,unknown,21,may,181,1,-1,0,unknown,0,positive,,
54,retired,divorced,tertiary,no,yes,yes,unknown,21,may,86,6,-1,0,unknown,0,positive,,
37,admin.,divorced,secondary,no,yes,no,unknown,21,may,72,1,-1,0,unknown,0,positive,,
36,student,single,tertiary,no,yes,no,unknown,21,may,287,3,-1,0,unknown,0,positive,,
33,blue-collar,single,secondary,no,yes,no,unknown,21,may,118,1,-1,0,unknown,0,positive,,
35,blue-collar,single,secondary,no,yes,no,unknown,21,may,123,1,-1,0,unknown,0,positive,,
28,entrepreneur,single,tertiary,no,yes,no,unknown,21,may,195,1,-1,0,unknown,0,positive,,
36,services,married,secondary,no,no,no,unknown,21,may,139,1,-1,0,unknown,0,positive,,
39,technician,married,secondary,no,yes,no,unknown,21,may,226,1,-1,0,unknown,0,positive,,
31,blue-collar,single,secondary,no,yes,no,unknown,21,may,353,1,-1,0,unknown,0,positive,,
31,services,married,secondary,no,yes,no,unknown,21,may,179,1,-1,0,unknown,0,positive,,
36,services,married,secondary,no,no,no,unknown,21,may,114,1,-1,0,unknown,0,positive,,
26,blue-collar,married,primary,no,yes,no,unknown,21,may,425,1,-1,0,unknown,0,negative,,
35,management,single,tertiary,no,yes,no,unknown,21,may,83,1,-1,0,unknown,0,positive,,
34,services,married,secondary,no,yes,no,unknown,21,may,494,3,-1,0,unknown,0,positive,,
51,blue-collar,divorced,secondary,no,no,no,unknown,21,may,137,2,-1,0,unknown,0,positive,,
34,technician,married,secondary,no,yes,no,unknown,21,may,648,1,-1,0,unknown,0,positive,,
33,technician,single,secondary,no,yes,no,unknown,21,may,121,1,-1,0,unknown,0,positive,,
29,blue-collar,divorced,secondary,no,no,no,unknown,21,may,192,1,-1,0,unknown,0,negative,,
34,services,single,secondary,no,yes,no,unknown,21,may,103,2,-1,0,unknown,0,positive,,
31,blue-collar,married,secondary,no,yes,no,unknown,21,may,229,2,-1,0,unknown,0,positive,,
38,blue-collar,single,primary,no,yes,no,unknown,21,may,35,1,-1,0,unknown,0,positive,,
33,admin.,married,secondary,no,yes,no,unknown,21,may,726,1,-1,0,unknown,0,positive,,
37,blue-collar,married,primary,no,yes,no,unknown,21,may,161,4,-1,0,unknown,0,positive,,
49,blue-collar,divorced,primary,no,yes,no,unknown,21,may,125,3,-1,0,unknown,0,positive,,
32,technician,married,secondary,no,yes,no,unknown,21,may,293,1,-1,0,unknown,0,positive,,
32,entrepreneur,married,tertiary,no,yes,no,unknown,21,may,161,2,-1,0,unknown,0,positive,,
36,management,single,tertiary,no,yes,no,unknown,21,may,122,2,-1,0,unknown,0,positive,,
36,management,married,unknown,no,yes,yes,unknown,21,may,17,2,-1,0,unknown,0,negative,,
37,blue-collar,married,primary,no,yes,no,unknown,21,may,233,1,-1,0,unknown,0,positive,,
31,technician,married,tertiary,no,yes,no,unknown,21,may,42,1,-1,0,unknown,0,positive,,
38,management,married,tertiary,no,yes,no,unknown,21,may,1307,1,-1,0,unknown,0,positive,,
42,technician,divorced,secondary,no,yes,no,unknown,21,may,187,5,-1,0,unknown,0,positive,,
21,student,single,secondary,no,yes,no,unknown,21,may,110,2,-1,0,unknown,0,positive,,
30,management,married,tertiary,no,yes,yes,unknown,21,may,265,1,-1,0,unknown,0,positive,,
27,management,single,secondary,no,yes,no,unknown,21,may,162,1,-1,0,unknown,0,positive,,
34,services,married,secondary,no,yes,yes,unknown,21,may,1409,3,-1,0,unknown,0,positive,,
39,technician,married,secondary,no,yes,no,unknown,21,may,244,1,-1,0,unknown,0,positive,,
39,services,married,secondary,no,yes,yes,unknown,21,may,240,3,-1,0,unknown,0,negative,,
28,unemployed,married,tertiary,no,yes,no,unknown,21,may,443,2,-1,0,unknown,0,positive,,
37,blue-collar,married,primary,no,yes,no,unknown,21,may,295,1,-1,0,unknown,0,positive,,
37,blue-collar,single,unknown,no,yes,no,unknown,21,may,113,2,-1,0,unknown,0,negative,,
35,blue-collar,married,primary,no,yes,no,unknown,21,may,72,3,-1,0,unknown,0,positive,,
34,blue-collar,married,secondary,no,yes,no,unknown,21,may,91,3,-1,0,unknown,0,positive,,
34,blue-collar,married,secondary,no,yes,yes,unknown,21,may,213,2,-1,0,unknown,0,positive,,
34,management,married,secondary,no,yes,no,unknown,21,may,162,3,-1,0,unknown,0,positive,,
33,management,married,secondary,no,yes,no,unknown,21,may,239,2,-1,0,unknown,0,positive,,
46,management,single,tertiary,no,yes,yes,unknown,21,may,222,5,-1,0,unknown,0,negative,,
33,blue-collar,single,primary,no,yes,no,unknown,21,may,192,1,-1,0,unknown,0,positive,,
31,blue-collar,married,secondary,no,yes,no,unknown,21,may,49,1,-1,0,unknown,0,positive,,
33,services,married,secondary,no,yes,no,unknown,21,may,67,5,-1,0,unknown,0,positive,,
48,blue-collar,married,primary,no,yes,no,unknown,21,may,248,3,-1,0,unknown,0,positive,,
38,blue-collar,single,secondary,no,yes,no,unknown,21,may,112,2,-1,0,unknown,0,positive,,
33,technician,married,secondary,no,yes,no,unknown,21,may,163,2,-1,0,unknown,0,positive,,
38,admin.,married,secondary,no,yes,no,unknown,21,may,379,2,-1,0,unknown,0,positive,,
34,technician,divorced,primary,no,yes,no,unknown,21,may,489,2,-1,0,unknown,0,positive,,
37,management,married,tertiary,no,no,no,unknown,21,may,85,4,-1,0,unknown,0,positive,,
33,admin.,married,secondary,no,yes,no,unknown,21,may,144,2,-1,0,unknown,0,positive,,
39,blue-collar,married,primary,no,yes,no,unknown,21,may,173,3,-1,0,unknown,0,positive,,
37,management,married,tertiary,no,yes,yes,unknown,21,may,72,5,-1,0,unknown,0,negative,,
27,technician,married,secondary,no,yes,yes,unknown,21,may,239,4,-1,0,unknown,0,negative,,
32,blue-collar,married,primary,no,yes,no,unknown,21,may,207,3,-1,0,unknown,0,positive,,
31,blue-collar,single,primary,no,no,no,unknown,21,may,281,3,-1,0,unknown,0,negative,,
37,management,married,tertiary,no,yes,no,unknown,21,may,291,4,-1,0,unknown,0,positive,,
36,technician,married,secondary,no,yes,no,unknown,23,may,219,4,-1,0,unknown,0,positive,,
30,services,single,secondary,no,yes,yes,unknown,23,may,158,3,-1,0,unknown,0,positive,,
43,technician,married,secondary,no,yes,no,unknown,23,may,259,9,-1,0,unknown,0,positive,,
33,technician,single,secondary,no,yes,no,unknown,23,may,363,2,-1,0,unknown,0,positive,,
32,technician,married,secondary,no,yes,no,unknown,23,may,203,1,-1,0,unknown,0,positive,,
33,blue-collar,married,secondary,no,yes,yes,unknown,23,may,509,1,-1,0,unknown,0,positive,,
32,technician,married,tertiary,no,yes,no,unknown,23,may,189,1,-1,0,unknown,0,positive,,
33,entrepreneur,married,primary,no,yes,no,unknown,23,may,89,1,-1,0,unknown,0,positive,,
40,self-employed,married,secondary,no,yes,yes,unknown,23,may,373,1,-1,0,unknown,0,positive,,
30,technician,married,secondary,no,yes,no,unknown,23,may,72,2,-1,0,unknown,0,positive,,
30,management,single,tertiary,no,yes,no,unknown,23,may,534,1,-1,0,unknown,0,positive,,
30,services,single,secondary,no,yes,no,unknown,23,may,206,1,-1,0,unknown,0,positive,,
32,management,single,secondary,no,yes,no,unknown,23,may,139,1,-1,0,unknown,0,negative,,
31,self-employed,single,tertiary,no,yes,no,unknown,23,may,601,1,-1,0,unknown,0,positive,,
33,management,married,tertiary,no,yes,no,unknown,23,may,256,1,-1,0,unknown,0,positive,,
30,management,single,tertiary,no,yes,no,unknown,23,may,152,1,-1,0,unknown,0,positive,,
35,technician,married,secondary,no,yes,no,unknown,23,may,240,2,-1,0,unknown,0,positive,,
28,technician,single,tertiary,no,yes,no,unknown,23,may,108,5,-1,0,unknown,0,positive,,
32,technician,single,tertiary,no,yes,no,unknown,23,may,85,1,-1,0,unknown,0,positive,,
36,blue-collar,single,secondary,no,yes,no,unknown,23,may,242,3,-1,0,unknown,0,positive,,
39,management,married,tertiary,no,yes,no,unknown,23,may,130,1,-1,0,unknown,0,positive,,
47,technician,married,secondary,no,yes,no,unknown,23,may,78,1,-1,0,unknown,0,negative,,
32,technician,married,secondary,no,yes,no,unknown,23,may,99,3,-1,0,unknown,0,positive,,
29,housemaid,married,secondary,no,yes,no,unknown,23,may,14,2,-1,0,unknown,0,positive,,
28,blue-collar,single,secondary,no,yes,no,unknown,23,may,66,1,-1,0,unknown,0,positive,,
42,management,single,tertiary,no,yes,no,unknown,23,may,25,2,-1,0,unknown,0,positive,,
25,blue-collar,married,secondary,no,yes,no,unknown,23,may,76,2,-1,0,unknown,0,positive,,
46,admin.,single,unknown,yes,no,no,unknown,23,may,378,2,-1,0,unknown,0,negative,,
54,technician,married,secondary,no,no,no,unknown,23,may,139,2,-1,0,unknown,0,positive,,
35,admin.,divorced,secondary,no,yes,no,unknown,23,may,250,3,-1,0,unknown,0,positive,,
30,blue-collar,single,secondary,no,no,no,unknown,23,may,125,3,-1,0,unknown,0,positive,,
29,management,single,tertiary,no,yes,no,unknown,23,may,160,1,-1,0,unknown,0,positive,,
39,unemployed,married,secondary,no,yes,no,unknown,23,may,542,2,-1,0,unknown,0,negative,,
26,unemployed,married,tertiary,no,yes,yes,unknown,23,may,28,18,-1,0,unknown,0,positive,,
37,blue-collar,married,primary,no,yes,no,unknown,23,may,122,6,-1,0,unknown,0,positive,,
26,services,divorced,secondary,no,yes,no,unknown,23,may,106,6,-1,0,unknown,0,positive,,
39,technician,divorced,secondary,no,yes,no,unknown,23,may,451,4,-1,0,unknown,0,positive,,
35,management,married,tertiary,no,yes,no,unknown,23,may,55,4,-1,0,unknown,0,positive,,
31,entrepreneur,single,tertiary,no,yes,no,unknown,23,may,199,2,-1,0,unknown,0,positive,,
35,blue-collar,married,secondary,no,no,no,unknown,23,may,339,1,-1,0,unknown,0,negative,,
32,technician,married,tertiary,no,no,no,unknown,23,may,76,2,-1,0,unknown,0,positive,,
30,student,single,tertiary,no,yes,no,unknown,23,may,372,3,-1,0,unknown,0,negative,,
51,admin.,married,secondary,no,no,yes,unknown,23,may,259,2,-1,0,unknown,0,positive,,
31,blue-collar,single,tertiary,no,yes,no,unknown,23,may,146,3,-1,0,unknown,0,positive,,
31,services,married,secondary,no,yes,no,unknown,23,may,146,6,-1,0,unknown,0,positive,,
34,blue-collar,married,unknown,no,yes,yes,unknown,23,may,34,2,-1,0,unknown,0,positive,,
32,blue-collar,married,primary,no,yes,no,unknown,23,may,297,3,-1,0,unknown,0,positive,,
37,blue-collar,married,secondary,no,yes,no,unknown,23,may,252,5,-1,0,unknown,0,positive,,
32,admin.,married,secondary,no,yes,yes,unknown,26,may,117,2,-1,0,unknown,0,positive,,
43,blue-collar,married,secondary,no,yes,yes,unknown,26,may,185,1,-1,0,unknown,0,positive,,
53,admin.,divorced,secondary,no,yes,no,unknown,26,may,104,1,-1,0,unknown,0,negative,,
42,technician,divorced,secondary,no,yes,no,unknown,26,may,258,1,-1,0,unknown,0,negative,,
43,entrepreneur,single,tertiary,no,yes,no,unknown,26,may,142,3,-1,0,unknown,0,negative,,
36,technician,married,secondary,no,yes,no,unknown,26,may,180,2,-1,0,unknown,0,negative,,
35,blue-collar,married,secondary,no,yes,no,unknown,26,may,19,17,-1,0,unknown,0,positive,,
54,blue-collar,married,unknown,no,yes,no,unknown,26,may,227,1,-1,0,unknown,0,negative,,
36,admin.,married,secondary,no,no,no,unknown,26,may,80,1,-1,0,unknown,0,negative,,
39,blue-collar,married,unknown,no,yes,no,unknown,26,may,470,1,-1,0,unknown,0,negative,,
35,blue-collar,divorced,primary,no,yes,no,unknown,26,may,111,1,-1,0,unknown,0,negative,,
31,management,divorced,tertiary,no,yes,no,unknown,26,may,202,1,-1,0,unknown,0,positive,,
38,services,married,secondary,no,yes,yes,unknown,26,may,266,3,-1,0,unknown,0,positive,,
42,blue-collar,single,primary,no,yes,yes,unknown,26,may,167,1,-1,0,unknown,0,negative,,
35,services,married,secondary,no,yes,no,unknown,26,may,103,1,-1,0,unknown,0,negative,,
34,services,married,secondary,no,yes,no,unknown,26,may,62,1,-1,0,unknown,0,negative,,
35,unemployed,single,secondary,no,yes,no,unknown,26,may,140,2,-1,0,unknown,0,positive,,
34,blue-collar,married,secondary,no,yes,no,unknown,26,may,252,1,-1,0,unknown,0,negative,,
41,blue-collar,married,secondary,yes,yes,yes,unknown,26,may,374,1,-1,0,unknown,0,negative,,
36,retired,single,secondary,no,yes,yes,unknown,26,may,314,1,-1,0,unknown,0,positive,,
43,technician,married,tertiary,no,yes,no,unknown,26,may,166,12,-1,0,unknown,0,positive,,
37,services,married,secondary,no,yes,yes,unknown,26,may,81,8,-1,0,unknown,0,positive,,
33,management,single,secondary,no,yes,no,unknown,26,may,863,1,-1,0,unknown,0,negative,,
37,technician,divorced,secondary,no,yes,no,unknown,26,may,80,2,-1,0,unknown,0,positive,,
39,technician,married,secondary,no,yes,no,unknown,26,may,207,2,-1,0,unknown,0,negative,,
31,blue-collar,married,secondary,no,yes,no,unknown,26,may,440,1,-1,0,unknown,0,negative,,
51,housemaid,married,secondary,yes,yes,no,unknown,26,may,664,1,-1,0,unknown,0,negative,,
32,blue-collar,married,primary,no,yes,no,unknown,26,may,188,1,-1,0,unknown,0,negative,,
26,blue-collar,married,secondary,no,yes,yes,unknown,26,may,87,2,-1,0,unknown,0,negative,,
32,management,single,tertiary,no,yes,no,unknown,26,may,123,14,-1,0,unknown,0,positive,,
49,technician,divorced,secondary,no,yes,no,unknown,26,may,204,2,-1,0,unknown,0,negative,,
35,blue-collar,married,primary,no,yes,no,unknown,26,may,880,3,-1,0,unknown,0,positive,,
39,management,married,tertiary,no,yes,no,unknown,26,may,200,2,-1,0,unknown,0,negative,,
34,unemployed,married,secondary,no,yes,no,unknown,26,may,155,6,-1,0,unknown,0,positive,,
35,technician,divorced,secondary,no,yes,yes,unknown,26,may,434,4,-1,0,unknown,0,positive,,
26,blue-collar,single,secondary,no,yes,no,unknown,26,may,504,2,-1,0,unknown,0,positive,,
29,student,single,tertiary,no,no,no,unknown,26,may,52,3,-1,0,unknown,0,negative,,
54,blue-collar,married,secondary,no,yes,no,unknown,26,may,135,2,-1,0,unknown,0,negative,,
30,technician,single,tertiary,no,yes,no,unknown,26,may,603,1,-1,0,unknown,0,positive,,
38,unemployed,married,tertiary,no,no,no,unknown,26,may,535,6,-1,0,unknown,0,positive,,
43,admin.,married,secondary,yes,yes,no,unknown,26,may,163,2,-1,0,unknown,0,negative,,
47,blue-collar,married,secondary,yes,yes,no,unknown,26,may,118,2,-1,0,unknown,0,negative,,
59,management,married,primary,no,yes,yes,unknown,26,may,103,2,-1,0,unknown,0,positive,,
54,retired,married,secondary,no,yes,yes,unknown,26,may,14,11,-1,0,unknown,0,negative,,
53,management,married,primary,no,yes,no,unknown,26,may,543,4,-1,0,unknown,0,negative,,
42,admin.,divorced,secondary,no,yes,yes,unknown,26,may,147,6,-1,0,unknown,0,negative,,
59,retired,married,primary,no,yes,no,unknown,26,may,104,7,-1,0,unknown,0,negative,,
31,unemployed,single,secondary,no,yes,no,unknown,26,may,172,3,-1,0,unknown,0,negative,,
33,blue-collar,married,secondary,no,yes,no,unknown,26,may,129,3,-1,0,unknown,0,positive,,
48,management,married,secondary,no,yes,no,unknown,26,may,251,11,-1,0,unknown,0,positive,,
35,blue-collar,married,secondary,no,no,no,unknown,26,may,435,3,-1,0,unknown,0,positive,,
40,blue-collar,single,secondary,no,yes,no,unknown,27,may,59,4,-1,0,unknown,0,negative,,
30,admin.,married,tertiary,no,yes,no,unknown,27,may,220,6,-1,0,unknown,0,positive,,
36,services,single,secondary,no,yes,no,unknown,27,may,193,5,-1,0,unknown,0,positive,,
48,blue-collar,married,secondary,no,yes,no,unknown,27,may,24,1,-1,0,unknown,0,positive,,
33,technician,divorced,secondary,no,yes,no,unknown,27,may,150,1,-1,0,unknown,0,negative,,
31,blue-collar,married,secondary,no,yes,yes,unknown,27,may,185,1,-1,0,unknown,0,positive,,
34,blue-collar,married,primary,no,yes,no,unknown,27,may,237,1,-1,0,unknown,0,negative,,
39,services,single,secondary,no,yes,no,unknown,27,may,115,1,-1,0,unknown,0,positive,,
34,blue-collar,married,secondary,no,yes,no,unknown,27,may,128,1,-1,0,unknown,0,negative,,
36,admin.,single,unknown,no,yes,no,unknown,27,may,90,2,-1,0,unknown,0,negative,,
23,admin.,single,secondary,no,yes,no,unknown,27,may,330,2,-1,0,unknown,0,positive,,
35,blue-collar,single,secondary,no,yes,no,unknown,27,may,472,1,-1,0,unknown,0,negative,,
39,blue-collar,married,primary,no,yes,no,unknown,27,may,114,1,-1,0,unknown,0,positive,,
55,technician,married,secondary,no,yes,yes,unknown,27,may,224,1,-1,0,unknown,0,positive,,
34,management,single,tertiary,no,yes,no,unknown,27,may,222,2,-1,0,unknown,0,positive,,
38,technician,single,secondary,no,yes,no,unknown,27,may,109,2,-1,0,unknown,0,positive,,
27,self-employed,single,tertiary,no,yes,no,unknown,27,may,470,2,-1,0,unknown,0,positive,,
52,services,married,primary,no,yes,yes,unknown,27,may,201,2,-1,0,unknown,0,negative,,
31,blue-collar,single,secondary,no,yes,no,unknown,27,may,261,1,-1,0,unknown,0,positive,,
29,admin.,single,secondary,no,yes,no,unknown,27,may,103,1,-1,0,unknown,0,positive,,
47,admin.,divorced,secondary,no,yes,no,unknown,27,may,46,1,-1,0,unknown,0,negative,,
42,blue-collar,married,secondary,no,yes,no,unknown,27,may,32,1,-1,0,unknown,0,positive,,
26,admin.,married,secondary,no,no,no,unknown,27,may,755,1,-1,0,unknown,0,negative,,
36,management,married,tertiary,no,no,no,unknown,27,may,95,1,-1,0,unknown,0,negative,,
60,technician,divorced,tertiary,no,yes,no,unknown,27,may,498,1,-1,0,unknown,0,negative,,
42,unemployed,married,secondary,no,yes,yes,unknown,27,may,179,3,-1,0,unknown,0,negative,,
52,retired,divorced,secondary,no,yes,no,unknown,27,may,181,1,-1,0,unknown,0,positive,,
26,blue-collar,married,primary,yes,yes,yes,unknown,27,may,446,1,-1,0,unknown,0,negative,,
34,technician,single,secondary,no,yes,no,unknown,27,may,280,1,-1,0,unknown,0,negative,,
32,services,single,secondary,no,yes,no,unknown,27,may,66,1,-1,0,unknown,0,positive,,
29,technician,single,secondary,no,yes,no,unknown,27,may,574,5,-1,0,unknown,0,positive,,
32,services,married,secondary,no,yes,no,unknown,27,may,142,1,-1,0,unknown,0,negative,,
24,technician,single,secondary,no,yes,no,unknown,27,may,570,1,-1,0,unknown,0,positive,,
26,technician,single,secondary,no,yes,no,unknown,27,may,436,1,-1,0,unknown,0,positive,,
53,management,married,primary,no,yes,no,unknown,27,may,0,4,-1,0,unknown,0,positive,,
29,management,married,tertiary,no,yes,no,unknown,27,may,304,2,-1,0,unknown,0,positive,,
51,blue-collar,divorced,secondary,no,yes,no,unknown,27,may,723,2,-1,0,unknown,0,positive,,
27,blue-collar,married,secondary,no,yes,yes,unknown,27,may,123,1,-1,0,unknown,0,positive,,
29,entrepreneur,married,tertiary,no,yes,no,unknown,27,may,34,3,-1,0,unknown,0,positive,,
35,technician,married,secondary,no,yes,no,unknown,27,may,266,4,-1,0,unknown,0,positive,,
34,blue-collar,single,secondary,no,yes,no,unknown,27,may,47,5,-1,0,unknown,0,positive,,
32,services,married,secondary,yes,yes,no,unknown,27,may,298,3,-1,0,unknown,0,negative,,
24,blue-collar,single,primary,no,yes,yes,unknown,27,may,42,4,-1,0,unknown,0,positive,,
25,entrepreneur,single,tertiary,yes,yes,yes,unknown,27,may,3,4,-1,0,unknown,0,positive,,
26,student,single,secondary,no,yes,no,unknown,27,may,264,1,-1,0,unknown,0,positive,,
30,self-employed,single,tertiary,no,no,no,unknown,27,may,662,7,-1,0,unknown,0,positive,,
47,admin.,married,secondary,no,yes,no,unknown,27,may,145,5,-1,0,unknown,0,negative,,
49,blue-collar,divorced,primary,no,yes,no,unknown,27,may,550,7,-1,0,unknown,0,positive,,
28,technician,single,secondary,no,yes,no,unknown,27,may,350,3,-1,0,unknown,0,positive,,
31,blue-collar,married,secondary,no,yes,no,unknown,27,may,371,2,-1,0,unknown,0,positive,,
31,management,married,tertiary,no,yes,no,unknown,27,may,676,6,-1,0,unknown,0,positive,,
39,management,married,tertiary,no,no,no,unknown,27,may,205,8,-1,0,unknown,0,negative,,
26,blue-collar,married,secondary,no,yes,no,unknown,27,may,224,3,-1,0,unknown,0,positive,,
39,management,married,tertiary,no,no,yes,unknown,28,may,189,7,-1,0,unknown,0,positive,,
40,management,single,tertiary,no,yes,no,unknown,28,may,64,1,-1,0,unknown,0,positive,,
33,management,single,secondary,no,yes,no,unknown,28,may,151,8,-1,0,unknown,0,positive,,
44,admin.,divorced,secondary,no,yes,yes,unknown,28,may,195,4,-1,0,unknown,0,positive,,
34,management,single,tertiary,no,no,no,unknown,28,may,190,3,-1,0,unknown,0,positive,,
39,technician,married,secondary,no,yes,no,unknown,28,may,454,1,-1,0,unknown,0,positive,,
45,management,divorced,tertiary,no,yes,yes,unknown,28,may,128,2,-1,0,unknown,0,negative,,
28,admin.,married,secondary,no,yes,yes,unknown,28,may,480,2,-1,0,unknown,0,positive,,
30,management,single,tertiary,no,yes,no,unknown,28,may,261,6,-1,0,unknown,0,positive,,
30,services,married,unknown,no,yes,yes,unknown,28,may,674,2,-1,0,unknown,0,positive,,
30,technician,single,secondary,no,yes,yes,unknown,28,may,141,2,-1,0,unknown,0,positive,,
46,technician,married,secondary,no,yes,yes,unknown,28,may,125,1,-1,0,unknown,0,positive,,
31,blue-collar,married,primary,no,yes,yes,unknown,28,may,861,2,-1,0,unknown,0,negative,,
27,management,single,secondary,no,yes,no,unknown,28,may,212,1,-1,0,unknown,0,positive,,
28,management,single,tertiary,no,yes,yes,unknown,28,may,55,1,-1,0,unknown,0,positive,,
23,blue-collar,single,secondary,no,yes,no,unknown,28,may,44,1,-1,0,unknown,0,positive,,
28,services,married,secondary,no,no,no,unknown,28,may,582,1,-1,0,unknown,0,positive,,
37,technician,single,secondary,no,yes,no,unknown,28,may,85,1,-1,0,unknown,0,positive,,
49,blue-collar,married,secondary,no,yes,no,unknown,28,may,396,1,-1,0,unknown,0,positive,,
24,blue-collar,married,secondary,no,no,no,unknown,28,may,94,1,-1,0,unknown,0,negative,,
28,blue-collar,single,secondary,no,yes,no,unknown,28,may,204,1,-1,0,unknown,0,positive,,
30,technician,divorced,secondary,no,yes,no,unknown,28,may,102,2,-1,0,unknown,0,positive,,
25,blue-collar,single,secondary,no,yes,no,unknown,28,may,209,1,-1,0,unknown,0,positive,,
61,retired,divorced,secondary,no,yes,no,unknown,28,may,173,4,-1,0,unknown,0,positive,,
28,blue-collar,married,primary,no,yes,no,unknown,28,may,78,4,-1,0,unknown,0,positive,,
38,technician,divorced,secondary,no,yes,yes,unknown,28,may,188,1,-1,0,unknown,0,positive,,
40,blue-collar,divorced,secondary,no,yes,no,unknown,28,may,130,1,-1,0,unknown,0,negative,,
27,services,single,secondary,no,yes,no,unknown,28,may,231,1,-1,0,unknown,0,positive,,
28,blue-collar,married,secondary,no,yes,no,unknown,28,may,206,1,-1,0,unknown,0,positive,,
35,technician,married,secondary,no,yes,no,unknown,28,may,134,1,-1,0,unknown,0,positive,,
29,management,married,tertiary,no,yes,no,unknown,28,may,461,1,-1,0,unknown,0,positive,,
51,technician,single,secondary,no,yes,yes,unknown,28,may,67,2,-1,0,unknown,0,positive,,
25,admin.,married,secondary,no,yes,no,unknown,28,may,328,1,-1,0,unknown,0,positive,,
35,technician,single,tertiary,no,yes,no,unknown,28,may,145,3,-1,0,unknown,0,positive,,
47,blue-collar,married,secondary,no,yes,no,unknown,28,may,146,1,-1,0,unknown,0,positive,,
38,technician,married,secondary,no,yes,no,unknown,28,may,97,1,-1,0,unknown,0,positive,,
30,services,married,secondary,no,yes,no,unknown,28,may,187,4,-1,0,unknown,0,positive,,
57,management,married,tertiary,no,yes,no,unknown,28,may,463,1,-1,0,unknown,0,negative,,
29,admin.,married,tertiary,no,yes,no,unknown,28,may,45,1,-1,0,unknown,0,positive,,
56,retired,married,primary,no,yes,no,unknown,28,may,68,1,-1,0,unknown,0,negative,,
34,admin.,single,secondary,yes,no,no,unknown,28,may,285,2,-1,0,unknown,0,positive,,
32,admin.,single,secondary,no,yes,no,unknown,28,may,116,6,-1,0,unknown,0,positive,,
29,services,divorced,secondary,no,yes,no,unknown,28,may,298,5,-1,0,unknown,0,positive,,
43,management,married,secondary,no,yes,no,unknown,28,may,54,1,-1,0,unknown,0,positive,,
29,management,married,tertiary,no,yes,no,unknown,28,may,314,2,-1,0,unknown,0,positive,,
30,entrepreneur,married,secondary,no,yes,no,unknown,28,may,238,8,-1,0,unknown,0,positive,,
29,management,divorced,tertiary,no,yes,yes,unknown,28,may,449,4,-1,0,unknown,0,positive,,
26,blue-collar,married,secondary,no,yes,no,unknown,28,may,207,3,-1,0,unknown,0,negative,,
33,blue-collar,married,secondary,no,yes,no,unknown,28,may,410,1,-1,0,unknown,0,positive,,
22,blue-collar,single,primary,no,yes,no,unknown,28,may,109,2,-1,0,unknown,0,positive,,
32,technician,single,secondary,no,yes,no,unknown,28,may,267,2,-1,0,unknown,0,positive,,
31,blue-collar,married,secondary,no,yes,no,unknown,28,may,340,3,-1,0,unknown,0,positive,,
39,blue-collar,married,secondary,no,yes,no,unknown,28,may,363,4,-1,0,unknown,0,positive,,
36,technician,married,secondary,yes,yes,no,unknown,28,may,452,2,-1,0,unknown,0,positive,,
57,admin.,divorced,secondary,no,yes,no,unknown,28,may,264,2,-1,0,unknown,0,negative,,
50,blue-collar,married,secondary,no,yes,no,unknown,28,may,600,2,-1,0,unknown,0,negative,,
30,blue-collar,married,secondary,no,yes,no,unknown,28,may,116,12,-1,0,unknown,0,positive,,
28,blue-collar,married,secondary,no,yes,no,unknown,28,may,148,3,-1,0,unknown,0,negative,,
55,services,divorced,secondary,no,yes,no,unknown,28,may,23,17,-1,0,unknown,0,positive,,
44,technician,divorced,secondary,no,yes,yes,unknown,28,may,318,2,-1,0,unknown,0,negative,,
44,blue-collar,married,primary,no,yes,no,unknown,28,may,105,2,-1,0,unknown,0,positive,,
45,admin.,married,secondary,no,yes,no,unknown,28,may,82,4,-1,0,unknown,0,positive,,
29,management,single,tertiary,no,yes,no,unknown,28,may,136,2,-1,0,unknown,0,positive,,
39,services,single,secondary,no,yes,yes,unknown,28,may,180,2,-1,0,unknown,0,positive,,
33,services,single,secondary,no,no,yes,unknown,28,may,376,3,-1,0,unknown,0,positive,,
43,technician,married,secondary,no,yes,no,unknown,29,may,100,2,-1,0,unknown,0,negative,,
43,management,married,tertiary,no,yes,no,unknown,29,may,138,1,-1,0,unknown,0,positive,,
43,blue-collar,married,secondary,no,yes,no,unknown,29,may,132,3,-1,0,unknown,0,negative,,
54,admin.,married,tertiary,no,yes,yes,unknown,29,may,230,4,-1,0,unknown,0,negative,,
52,services,married,secondary,no,yes,no,unknown,29,may,150,1,-1,0,unknown,0,positive,,
54,technician,married,secondary,no,yes,no,unknown,29,may,202,1,-1,0,unknown,0,negative,,
40,admin.,married,secondary,no,yes,yes,unknown,29,may,257,1,-1,0,unknown,0,positive,,
37,blue-collar,married,secondary,no,yes,yes,unknown,29,may,208,1,-1,0,unknown,0,positive,,
39,management,married,primary,no,yes,no,unknown,29,may,46,1,-1,0,unknown,0,positive,,
40,technician,single,primary,no,yes,no,unknown,29,may,146,1,-1,0,unknown,0,positive,,
36,blue-collar,married,secondary,no,yes,no,unknown,29,may,179,2,-1,0,unknown,0,positive,,
49,admin.,divorced,secondary,no,yes,no,unknown,29,may,162,2,-1,0,unknown,0,positive,,
51,entrepreneur,divorced,unknown,no,yes,no,unknown,29,may,175,1,-1,0,unknown,0,negative,,
26,technician,single,tertiary,no,yes,no,unknown,29,may,932,3,-1,0,unknown,0,positive,,
51,blue-collar,married,primary,no,yes,no,unknown,29,may,51,1,-1,0,unknown,0,positive,,
38,admin.,married,secondary,no,no,no,unknown,29,may,165,1,-1,0,unknown,0,negative,,
36,blue-collar,married,secondary,no,yes,no,unknown,29,may,200,4,-1,0,unknown,0,positive,,
49,services,married,primary,no,yes,no,unknown,29,may,417,2,-1,0,unknown,0,positive,,
51,services,married,unknown,no,yes,no,unknown,29,may,147,2,-1,0,unknown,0,positive,,
32,admin.,married,secondary,no,yes,no,unknown,29,may,665,1,-1,0,unknown,0,positive,,
35,blue-collar,married,secondary,no,yes,no,unknown,29,may,97,1,-1,0,unknown,0,positive,,
39,blue-collar,married,primary,no,yes,no,unknown,29,may,376,1,-1,0,unknown,0,positive,,
41,admin.,single,secondary,no,yes,no,unknown,29,may,480,10,-1,0,unknown,0,positive,,
35,admin.,divorced,secondary,no,yes,no,unknown,29,may,76,1,-1,0,unknown,0,positive,,
42,management,married,tertiary,no,yes,no,unknown,29,may,166,3,-1,0,unknown,0,positive,,
33,student,single,tertiary,no,yes,no,unknown,29,may,558,13,-1,0,unknown,0,positive,,
27,services,single,secondary,no,yes,no,unknown,29,may,123,4,-1,0,unknown,0,positive,,
39,technician,married,secondary,no,no,no,unknown,29,may,260,1,-1,0,unknown,0,positive,,
56,technician,married,primary,no,yes,no,unknown,29,may,137,1,-1,0,unknown,0,positive,,
51,blue-collar,married,primary,no,yes,no,unknown,29,may,206,3,-1,0,unknown,0,positive,,
31,blue-collar,married,primary,no,yes,no,unknown,29,may,100,5,-1,0,unknown,0,positive,,
42,technician,married,secondary,no,yes,no,unknown,29,may,124,3,-1,0,unknown,0,negative,,
38,blue-collar,married,unknown,no,yes,no,unknown,29,may,318,2,-1,0,unknown,0,positive,,
55,retired,married,secondary,no,yes,yes,unknown,29,may,58,2,-1,0,unknown,0,positive,,
43,management,married,tertiary,yes,yes,no,unknown,29,may,386,2,-1,0,unknown,0,negative,,
31,management,single,tertiary,no,yes,yes,unknown,29,may,668,2,-1,0,unknown,0,positive,,
37,admin.,single,secondary,no,yes,no,unknown,29,may,147,4,-1,0,unknown,0,negative,,
38,blue-collar,married,primary,no,yes,no,unknown,29,may,225,3,-1,0,unknown,0,positive,,
49,blue-collar,married,primary,no,yes,no,unknown,29,may,155,2,-1,0,unknown,0,positive,,
46,technician,married,secondary,no,yes,yes,unknown,29,may,201,3,-1,0,unknown,0,positive,,
35,blue-collar,single,secondary,no,no,no,unknown,29,may,2260,2,-1,0,unknown,0,positive,,
52,blue-collar,married,primary,no,yes,no,unknown,29,may,30,2,-1,0,unknown,0,positive,,
46,entrepreneur,married,primary,no,yes,no,unknown,29,may,52,3,-1,0,unknown,0,positive,,
24,student,single,secondary,no,yes,no,unknown,30,may,86,3,-1,0,unknown,0,positive,,
46,entrepreneur,married,primary,no,yes,no,unknown,30,may,396,3,-1,0,unknown,0,positive,,
50,technician,married,tertiary,no,yes,no,unknown,30,may,83,1,-1,0,unknown,0,positive,,
38,blue-collar,married,primary,no,yes,no,unknown,30,may,287,1,-1,0,unknown,0,positive,,
42,management,married,tertiary,no,yes,no,unknown,30,may,199,2,-1,0,unknown,0,positive,,
50,management,married,tertiary,no,yes,no,unknown,30,may,57,1,-1,0,unknown,0,positive,,
28,blue-collar,divorced,primary,no,yes,no,unknown,30,may,867,3,-1,0,unknown,0,positive,,
50,technician,married,secondary,no,yes,no,unknown,30,may,319,1,-1,0,unknown,0,positive,,
35,management,single,tertiary,no,yes,no,unknown,30,may,449,1,-1,0,unknown,0,positive,,
40,blue-collar,married,secondary,no,yes,no,unknown,30,may,135,2,-1,0,unknown,0,positive,,
37,services,married,tertiary,no,yes,no,unknown,30,may,55,1,-1,0,unknown,0,negative,,
42,services,married,secondary,no,yes,no,unknown,30,may,70,1,-1,0,unknown,0,positive,,
29,management,married,tertiary,no,yes,no,unknown,30,may,182,1,-1,0,unknown,0,positive,,
36,services,married,secondary,no,yes,no,unknown,30,may,91,2,-1,0,unknown,0,negative,,
37,blue-collar,married,secondary,no,yes,no,unknown,30,may,461,1,-1,0,unknown,0,negative,,
38,management,single,tertiary,no,yes,no,unknown,30,may,120,3,-1,0,unknown,0,negative,,
36,management,single,tertiary,no,yes,no,unknown,30,may,126,1,-1,0,unknown,0,positive,,
37,management,single,secondary,no,yes,no,unknown,30,may,197,1,-1,0,unknown,0,positive,,
44,management,married,tertiary,no,yes,no,unknown,30,may,274,1,-1,0,unknown,0,positive,,
36,housemaid,married,secondary,no,yes,no,unknown,30,may,251,1,-1,0,unknown,0,positive,,
36,blue-collar,married,primary,no,yes,no,unknown,30,may,157,3,-1,0,unknown,0,positive,,
44,admin.,married,secondary,no,yes,no,unknown,30,may,38,5,-1,0,unknown,0,positive,,
51,management,divorced,tertiary,no,yes,no,unknown,30,may,254,2,-1,0,unknown,0,positive,,
35,blue-collar,married,secondary,no,yes,no,unknown,30,may,265,3,-1,0,unknown,0,positive,,
49,management,divorced,tertiary,no,yes,no,unknown,30,may,169,3,-1,0,unknown,0,negative,,
35,blue-collar,single,secondary,no,yes,no,unknown,30,may,312,7,-1,0,unknown,0,negative,,
41,technician,married,secondary,no,yes,no,unknown,30,may,62,3,-1,0,unknown,0,positive,,
36,management,single,tertiary,no,yes,yes,unknown,30,may,618,3,-1,0,unknown,0,positive,,
51,entrepreneur,married,secondary,no,no,no,unknown,30,may,510,3,-1,0,unknown,0,negative,,
41,management,divorced,secondary,no,yes,no,unknown,30,may,170,2,-1,0,unknown,0,positive,,
38,blue-collar,married,primary,no,yes,no,unknown,30,may,572,6,-1,0,unknown,0,positive,,
37,blue-collar,married,primary,no,yes,no,unknown,30,may,272,2,-1,0,unknown,0,positive,,
35,management,single,tertiary,no,yes,no,unknown,30,may,166,2,-1,0,unknown,0,positive,,
30,services,married,secondary,yes,yes,no,unknown,30,may,138,2,-1,0,unknown,0,negative,,
23,services,single,tertiary,no,yes,no,unknown,30,may,16,18,-1,0,unknown,0,positive,,
38,blue-collar,married,secondary,no,yes,no,unknown,30,may,161,12,-1,0,unknown,0,positive,,
37,blue-collar,married,primary,no,yes,no,unknown,30,may,833,8,-1,0,unknown,0,positive,,
31,technician,single,secondary,no,yes,no,unknown,30,may,81,2,-1,0,unknown,0,positive,,
56,admin.,married,secondary,no,yes,yes,unknown,30,may,46,3,-1,0,unknown,0,positive,,
52,management,divorced,tertiary,no,yes,no,unknown,30,may,33,5,-1,0,unknown,0,positive,,
26,housemaid,single,secondary,no,yes,no,unknown,30,may,60,16,-1,0,unknown,0,positive,,
40,blue-collar,married,primary,no,yes,no,unknown,30,may,170,19,-1,0,unknown,0,positive,,
39,management,married,tertiary,no,yes,no,unknown,2,jun,268,1,-1,0,unknown,0,positive,,
40,admin.,single,secondary,no,yes,no,unknown,2,jun,65,1,-1,0,unknown,0,positive,,
24,management,single,secondary,no,no,no,unknown,2,jun,1075,2,-1,0,unknown,0,positive,,
46,blue-collar,married,secondary,no,yes,no,unknown,2,jun,161,2,-1,0,unknown,0,positive,,
31,blue-collar,married,secondary,no,yes,no,unknown,2,jun,40,1,-1,0,unknown,0,positive,,
35,services,divorced,secondary,no,yes,no,unknown,2,jun,101,1,-1,0,unknown,0,positive,,
45,services,married,secondary,no,yes,no,unknown,2,jun,172,2,-1,0,unknown,0,positive,,
39,services,divorced,secondary,no,yes,no,unknown,2,jun,26,1,-1,0,unknown,0,positive,,
35,housemaid,single,tertiary,no,yes,yes,unknown,2,jun,227,1,-1,0,unknown,0,positive,,
29,technician,married,secondary,no,yes,yes,unknown,2,jun,132,6,-1,0,unknown,0,positive,,
38,management,single,tertiary,no,yes,no,unknown,2,jun,156,1,-1,0,unknown,0,positive,,
37,blue-collar,married,primary,no,yes,no,unknown,2,jun,152,2,-1,0,unknown,0,positive,,
37,blue-collar,married,primary,no,yes,no,unknown,2,jun,118,1,-1,0,unknown,0,positive,,
35,admin.,married,secondary,no,yes,yes,unknown,2,jun,143,2,-1,0,unknown,0,positive,,
56,retired,married,secondary,no,yes,no,unknown,2,jun,45,1,-1,0,unknown,0,negative,,
32,housemaid,married,tertiary,no,yes,no,unknown,2,jun,658,2,-1,0,unknown,0,positive,,
52,admin.,married,secondary,no,yes,yes,unknown,2,jun,140,4,-1,0,unknown,0,positive,,
35,technician,married,secondary,no,yes,no,unknown,2,jun,426,3,-1,0,unknown,0,positive,,
35,blue-collar,single,secondary,no,yes,no,unknown,2,jun,169,1,-1,0,unknown,0,negative,,
31,blue-collar,married,secondary,no,no,no,unknown,2,jun,147,1,-1,0,unknown,0,negative,,
35,management,single,tertiary,no,yes,no,unknown,2,jun,430,2,-1,0,unknown,0,positive,,
57,retired,married,secondary,no,yes,no,unknown,2,jun,91,3,-1,0,unknown,0,positive,,
46,admin.,single,secondary,no,no,no,unknown,2,jun,71,4,-1,0,unknown,0,positive,,
38,technician,single,secondary,no,yes,no,unknown,2,jun,612,2,-1,0,unknown,0,positive,,
35,services,married,tertiary,no,yes,no,unknown,2,jun,312,2,-1,0,unknown,0,negative,,
46,technician,divorced,secondary,no,yes,no,unknown,2,jun,126,1,-1,0,unknown,0,negative,,
49,services,married,secondary,no,yes,yes,unknown,2,jun,392,3,-1,0,unknown,0,positive,,
32,blue-collar,married,primary,no,yes,no,unknown,2,jun,18,1,-1,0,unknown,0,positive,,
51,blue-collar,married,unknown,no,no,no,unknown,2,jun,61,7,-1,0,unknown,0,negative,,
47,admin.,married,primary,no,yes,no,unknown,2,jun,754,2,-1,0,unknown,0,positive,,
37,admin.,divorced,secondary,no,yes,no,unknown,2,jun,509,2,-1,0,unknown,0,positive,,
41,admin.,divorced,secondary,no,yes,no,unknown,2,jun,134,3,-1,0,unknown,0,negative,,
50,blue-collar,married,primary,no,yes,no,unknown,2,jun,134,8,-1,0,unknown,0,positive,,
37,blue-collar,married,secondary,no,yes,no,unknown,2,jun,402,9,-1,0,unknown,0,positive,,
31,blue-collar,single,secondary,yes,yes,no,unknown,2,jun,153,9,-1,0,unknown,0,negative,,
42,admin.,married,secondary,no,yes,no,unknown,2,jun,20,8,-1,0,unknown,0,positive,,
52,blue-collar,divorced,primary,no,yes,yes,unknown,3,jun,63,1,-1,0,unknown,0,positive,,
42,management,married,tertiary,no,yes,yes,unknown,3,jun,238,2,-1,0,unknown,0,positive,,
28,admin.,single,secondary,no,yes,no,unknown,3,jun,361,1,-1,0,unknown,0,positive,,
27,management,single,tertiary,no,yes,no,unknown,3,jun,49,1,-1,0,unknown,0,positive,,
42,services,married,secondary,no,yes,no,unknown,3,jun,363,1,-1,0,unknown,0,positive,,
41,self-employed,married,secondary,no,yes,no,unknown,3,jun,447,1,-1,0,unknown,0,positive,,
45,blue-collar,married,secondary,no,yes,yes,unknown,3,jun,34,1,-1,0,unknown,0,positive,,
45,retired,married,primary,no,no,no,unknown,3,jun,290,1,-1,0,unknown,0,negative,,
38,services,married,secondary,no,yes,no,unknown,3,jun,132,5,-1,0,unknown,0,positive,,
37,blue-collar,married,secondary,no,no,no,unknown,3,jun,45,2,-1,0,unknown,0,positive,,
32,technician,single,secondary,no,yes,no,unknown,3,jun,379,2,-1,0,unknown,0,positive,,
32,management,single,tertiary,no,yes,no,unknown,3,jun,54,1,-1,0,unknown,0,positive,,
38,technician,married,secondary,no,yes,no,unknown,3,jun,404,4,-1,0,unknown,0,positive,,
37,services,married,secondary,no,yes,no,unknown,3,jun,126,1,-1,0,unknown,0,negative,,
49,blue-collar,married,secondary,no,yes,no,unknown,3,jun,123,5,-1,0,unknown,0,negative,,
23,blue-collar,single,secondary,no,yes,no,unknown,3,jun,100,3,-1,0,unknown,0,positive,,
46,blue-collar,married,secondary,no,yes,no,unknown,3,jun,310,4,-1,0,unknown,0,positive,,
32,management,divorced,secondary,no,yes,no,unknown,3,jun,216,2,-1,0,unknown,0,negative,,
34,management,single,tertiary,no,yes,no,unknown,3,jun,119,4,-1,0,unknown,0,positive,,
30,services,married,secondary,no,yes,yes,unknown,3,jun,185,1,-1,0,unknown,0,negative,,
31,admin.,single,secondary,no,yes,no,unknown,3,jun,455,1,-1,0,unknown,0,positive,,
31,admin.,single,primary,no,yes,no,unknown,3,jun,208,1,-1,0,unknown,0,negative,,
32,blue-collar,married,secondary,no,yes,yes,unknown,3,jun,238,6,-1,0,unknown,0,positive,,
36,technician,divorced,tertiary,no,yes,no,unknown,3,jun,259,1,-1,0,unknown,0,positive,,
47,management,divorced,tertiary,no,yes,no,unknown,3,jun,165,2,-1,0,unknown,0,positive,,
27,services,single,secondary,no,yes,no,unknown,3,jun,356,2,-1,0,unknown,0,positive,,
40,management,single,tertiary,no,yes,yes,unknown,3,jun,173,3,-1,0,unknown,0,positive,,
34,management,single,tertiary,no,yes,no,unknown,3,jun,633,28,-1,0,unknown,0,positive,,
43,admin.,married,secondary,no,yes,yes,unknown,3,jun,35,32,-1,0,unknown,0,positive,,
31,entrepreneur,single,tertiary,no,no,no,unknown,3,jun,31,5,-1,0,unknown,0,negative,,
32,technician,single,secondary,no,no,no,unknown,3,jun,114,3,-1,0,unknown,0,positive,,
36,blue-collar,married,secondary,no,yes,no,unknown,3,jun,369,2,-1,0,unknown,0,negative,,
30,management,married,tertiary,no,yes,yes,unknown,3,jun,199,4,-1,0,unknown,0,positive,,
49,admin.,married,secondary,no,yes,yes,unknown,3,jun,50,3,-1,0,unknown,0,negative,,
28,blue-collar,married,primary,no,yes,yes,unknown,3,jun,178,1,-1,0,unknown,0,positive,,
31,blue-collar,divorced,secondary,no,no,no,unknown,3,jun,137,2,-1,0,unknown,0,negative,,
34,management,married,tertiary,no,yes,no,unknown,3,jun,372,1,-1,0,unknown,0,positive,,
33,management,single,tertiary,no,no,no,unknown,3,jun,30,1,-1,0,unknown,0,negative,,
43,blue-collar,married,primary,no,yes,no,unknown,3,jun,215,3,-1,0,unknown,0,negative,,
34,admin.,single,secondary,no,no,no,unknown,3,jun,87,3,-1,0,unknown,0,positive,,
26,technician,single,secondary,no,yes,yes,unknown,3,jun,56,5,-1,0,unknown,0,positive,,
32,services,married,secondary,no,yes,no,unknown,3,jun,143,8,-1,0,unknown,0,positive,,
37,blue-collar,single,secondary,no,yes,no,unknown,3,jun,87,6,-1,0,unknown,0,positive,,
27,student,single,secondary,no,yes,no,unknown,3,jun,52,1,-1,0,unknown,0,positive,,
31,technician,single,tertiary,no,yes,no,unknown,3,jun,25,16,-1,0,unknown,0,positive,,
46,admin.,married,primary,no,yes,no,unknown,3,jun,272,1,-1,0,unknown,0,negative,,
33,management,married,tertiary,no,yes,no,unknown,4,jun,462,2,-1,0,unknown,0,positive,,
33,services,married,secondary,no,yes,no,unknown,4,jun,66,4,-1,0,unknown,0,positive,,
49,blue-collar,married,primary,no,yes,yes,unknown,4,jun,213,3,-1,0,unknown,0,negative,,
48,blue-collar,married,primary,no,yes,no,unknown,4,jun,109,3,-1,0,unknown,0,positive,,
43,technician,married,secondary,no,yes,no,unknown,4,jun,75,3,-1,0,unknown,0,positive,,
44,blue-collar,married,primary,no,yes,no,unknown,4,jun,89,3,-1,0,unknown,0,positive,,
54,blue-collar,divorced,primary,no,yes,no,unknown,4,jun,71,5,-1,0,unknown,0,positive,,
33,services,married,secondary,no,yes,no,unknown,4,jun,121,4,-1,0,unknown,0,positive,,
29,admin.,married,secondary,no,yes,no,unknown,4,jun,194,1,-1,0,unknown,0,positive,,
26,blue-collar,single,unknown,no,yes,no,unknown,4,jun,87,1,-1,0,unknown,0,positive,,
31,blue-collar,single,secondary,no,yes,no,unknown,4,jun,121,2,-1,0,unknown,0,negative,,
24,admin.,married,secondary,no,yes,no,unknown,4,jun,69,3,-1,0,unknown,0,positive,,
29,blue-collar,single,secondary,no,yes,no,unknown,4,jun,184,1,-1,0,unknown,0,positive,,
33,blue-collar,married,secondary,no,yes,no,unknown,4,jun,87,3,-1,0,unknown,0,positive,,
29,blue-collar,married,primary,no,yes,no,unknown,4,jun,235,2,-1,0,unknown,0,positive,,
22,admin.,married,secondary,no,yes,no,unknown,4,jun,525,1,-1,0,unknown,0,positive,,
26,blue-collar,married,primary,no,yes,no,unknown,4,jun,833,2,-1,0,unknown,0,positive,,
32,technician,divorced,secondary,no,yes,no,unknown,4,jun,204,1,-1,0,unknown,0,positive,,
35,blue-collar,married,primary,no,yes,no,unknown,4,jun,81,1,-1,0,unknown,0,positive,,
41,management,single,tertiary,no,yes,no,unknown,4,jun,393,11,-1,0,unknown,0,positive,,
52,blue-collar,single,secondary,no,yes,no,unknown,4,jun,324,1,-1,0,unknown,0,positive,,
53,services,married,secondary,no,no,no,unknown,4,jun,1224,7,-1,0,unknown,0,positive,,
44,entrepreneur,married,secondary,no,yes,yes,unknown,4,jun,184,2,-1,0,unknown,0,negative,,
57,blue-collar,married,primary,no,yes,no,unknown,4,jun,235,5,-1,0,unknown,0,positive,,
26,blue-collar,single,primary,no,yes,no,unknown,4,jun,329,4,-1,0,unknown,0,positive,,
31,admin.,married,secondary,no,yes,no,unknown,4,jun,119,1,-1,0,unknown,0,positive,,
49,blue-collar,married,secondary,no,no,no,unknown,4,jun,167,1,-1,0,unknown,0,positive,,
33,blue-collar,married,primary,no,yes,no,unknown,4,jun,244,2,-1,0,unknown,0,positive,,
50,blue-collar,married,primary,no,yes,no,unknown,4,jun,170,3,-1,0,unknown,0,positive,,
49,blue-collar,married,primary,no,yes,no,unknown,4,jun,39,2,-1,0,unknown,0,positive,,
26,blue-collar,married,secondary,no,yes,yes,unknown,4,jun,165,2,-1,0,unknown,0,positive,,
30,admin.,single,secondary,no,yes,no,unknown,4,jun,235,1,-1,0,unknown,0,positive,,
29,management,married,tertiary,no,yes,no,unknown,4,jun,570,11,-1,0,unknown,0,positive,,
29,self-employed,married,tertiary,yes,yes,yes,unknown,5,jun,399,3,-1,0,unknown,0,negative,,
56,technician,married,primary,no,yes,yes,unknown,5,jun,75,1,-1,0,unknown,0,positive,,
48,admin.,married,secondary,no,no,no,unknown,5,jun,168,1,-1,0,unknown,0,positive,,
39,blue-collar,single,primary,no,no,yes,unknown,5,jun,179,1,-1,0,unknown,0,negative,,
53,housemaid,married,primary,no,no,no,unknown,5,jun,827,1,-1,0,unknown,0,positive,,
35,management,married,tertiary,no,yes,yes,unknown,5,jun,78,6,-1,0,unknown,0,negative,,
51,unknown,divorced,unknown,no,no,no,unknown,5,jun,93,1,-1,0,unknown,0,positive,,
46,technician,single,tertiary,no,no,no,unknown,5,jun,47,1,-1,0,unknown,0,positive,,
53,management,married,tertiary,no,no,no,unknown,5,jun,89,1,-1,0,unknown,0,positive,,
40,blue-collar,married,secondary,no,no,no,unknown,5,jun,647,1,-1,0,unknown,0,positive,,
48,retired,single,secondary,no,no,no,unknown,5,jun,292,1,-1,0,unknown,0,positive,,
60,retired,married,secondary,no,no,no,unknown,5,jun,85,1,-1,0,unknown,0,positive,,
32,blue-collar,single,secondary,no,yes,yes,unknown,5,jun,67,2,-1,0,unknown,0,positive,,
58,retired,divorced,secondary,no,no,no,unknown,5,jun,133,1,-1,0,unknown,0,positive,,
51,unknown,single,unknown,no,no,no,unknown,5,jun,409,1,-1,0,unknown,0,negative,,
46,management,divorced,tertiary,no,no,no,unknown,5,jun,36,2,-1,0,unknown,0,positive,,
59,blue-collar,married,primary,no,no,yes,unknown,5,jun,118,2,-1,0,unknown,0,positive,,
60,management,married,tertiary,no,no,yes,unknown,5,jun,264,1,-1,0,unknown,0,positive,,
45,housemaid,married,tertiary,no,no,no,unknown,5,jun,452,1,-1,0,unknown,0,positive,,
50,retired,married,primary,no,no,no,unknown,5,jun,107,1,-1,0,unknown,0,positive,,
59,housemaid,married,primary,no,no,no,unknown,5,jun,150,2,-1,0,unknown,0,positive,,
57,housemaid,divorced,primary,no,no,no,unknown,5,jun,21,1,-1,0,unknown,0,positive,,
47,blue-collar,married,primary,yes,no,no,unknown,5,jun,148,2,-1,0,unknown,0,negative,,
54,housemaid,divorced,secondary,no,no,no,unknown,5,jun,115,2,-1,0,unknown,0,positive,,
46,blue-collar,married,primary,no,yes,no,unknown,5,jun,267,11,-1,0,unknown,0,positive,,
48,admin.,married,secondary,no,no,no,unknown,5,jun,489,3,-1,0,unknown,0,positive,,
60,blue-collar,married,secondary,no,no,no,unknown,5,jun,185,1,-1,0,unknown,0,positive,,
55,blue-collar,married,secondary,no,no,no,unknown,5,jun,348,1,-1,0,unknown,0,positive,,
38,self-employed,married,unknown,no,no,no,unknown,5,jun,57,2,-1,0,unknown,0,positive,,
37,blue-collar,single,primary,no,yes,no,unknown,5,jun,309,2,-1,0,unknown,0,negative,,
45,blue-collar,single,secondary,no,no,no,unknown,5,jun,201,1,-1,0,unknown,0,positive,,
46,technician,married,secondary,no,no,no,unknown,5,jun,170,2,-1,0,unknown,0,positive,,
29,services,married,primary,no,yes,no,unknown,5,jun,61,2,-1,0,unknown,0,positive,,
44,management,married,tertiary,no,yes,no,unknown,5,jun,245,2,-1,0,unknown,0,positive,,
39,unknown,single,secondary,no,no,no,unknown,5,jun,20,1,-1,0,unknown,0,positive,,
41,blue-collar,married,secondary,no,no,no,unknown,5,jun,82,1,-1,0,unknown,0,positive,,
45,retired,divorced,secondary,no,no,no,unknown,5,jun,181,2,-1,0,unknown,0,positive,,
42,management,married,tertiary,no,yes,no,unknown,5,jun,517,3,-1,0,unknown,0,positive,,
36,blue-collar,divorced,secondary,no,no,no,unknown,5,jun,152,2,-1,0,unknown,0,negative,,
39,blue-collar,single,unknown,no,no,no,unknown,5,jun,97,2,-1,0,unknown,0,positive,,
30,services,married,secondary,no,yes,yes,unknown,5,jun,94,4,-1,0,unknown,0,positive,,
53,entrepreneur,married,primary,no,yes,yes,unknown,5,jun,314,2,-1,0,unknown,0,positive,,
56,management,married,primary,no,no,no,unknown,5,jun,153,2,-1,0,unknown,0,negative,,
49,admin.,married,secondary,no,no,no,unknown,5,jun,19,3,-1,0,unknown,0,positive,,
37,self-employed,single,tertiary,no,yes,no,unknown,5,jun,869,2,-1,0,unknown,0,positive,,
52,self-employed,single,tertiary,no,yes,no,unknown,5,jun,21,17,-1,0,unknown,0,positive,,
58,admin.,married,primary,no,no,no,unknown,5,jun,82,2,-1,0,unknown,0,positive,,
40,entrepreneur,married,primary,no,no,no,unknown,5,jun,160,2,-1,0,unknown,0,positive,,
59,management,single,tertiary,no,no,yes,unknown,5,jun,172,2,-1,0,unknown,0,positive,,
39,self-employed,divorced,secondary,yes,no,yes,unknown,5,jun,210,3,-1,0,unknown,0,negative,,
38,admin.,married,primary,no,yes,yes,unknown,5,jun,124,2,-1,0,unknown,0,positive,,
46,management,married,tertiary,no,yes,no,unknown,6,jun,127,1,-1,0,unknown,0,positive,,
48,entrepreneur,single,tertiary,no,no,no,unknown,6,jun,130,1,-1,0,unknown,0,positive,,
36,services,married,secondary,no,yes,no,unknown,6,jun,82,4,-1,0,unknown,0,positive,,
44,management,single,secondary,no,no,no,unknown,6,jun,116,11,-1,0,unknown,0,positive,,
33,blue-collar,married,primary,no,yes,no,unknown,6,jun,447,2,-1,0,unknown,0,positive,,
46,unknown,married,unknown,no,no,no,unknown,6,jun,51,1,-1,0,unknown,0,positive,,
53,retired,married,primary,no,no,yes,unknown,6,jun,182,1,-1,0,unknown,0,positive,,
48,technician,married,secondary,no,no,no,unknown,6,jun,307,1,-1,0,unknown,0,positive,,
35,blue-collar,married,secondary,no,no,no,unknown,6,jun,30,1,-1,0,unknown,0,positive,,
59,admin.,married,secondary,no,no,no,unknown,6,jun,175,2,-1,0,unknown,0,positive,,
26,admin.,married,secondary,no,yes,no,unknown,6,jun,60,3,-1,0,unknown,0,positive,,
48,management,married,secondary,no,no,no,unknown,6,jun,136,1,-1,0,unknown,0,positive,,
37,technician,single,tertiary,no,no,no,unknown,6,jun,442,2,-1,0,unknown,0,positive,,
56,retired,divorced,tertiary,no,no,no,unknown,6,jun,1288,3,-1,0,unknown,0,positive,,
49,housemaid,divorced,secondary,no,no,no,unknown,6,jun,415,2,-1,0,unknown,0,positive,,
49,housemaid,divorced,unknown,no,no,no,unknown,6,jun,18,2,-1,0,unknown,0,positive,,
54,management,married,unknown,no,no,no,unknown,6,jun,13,5,-1,0,unknown,0,positive,,
45,self-employed,married,tertiary,no,no,no,unknown,6,jun,639,2,-1,0,unknown,0,positive,,
46,retired,single,primary,no,no,no,unknown,6,jun,316,2,-1,0,unknown,0,positive,,
44,technician,divorced,tertiary,no,yes,no,unknown,6,jun,59,3,-1,0,unknown,0,positive,,
52,retired,married,unknown,no,no,no,unknown,6,jun,33,1,-1,0,unknown,0,positive,,
37,self-employed,divorced,tertiary,no,yes,yes,unknown,6,jun,545,2,-1,0,unknown,0,positive,,
54,blue-collar,divorced,secondary,no,no,no,unknown,6,jun,514,2,-1,0,unknown,0,positive,,
57,housemaid,married,primary,no,no,no,unknown,6,jun,69,3,-1,0,unknown,0,positive,,
49,admin.,married,secondary,no,no,no,unknown,6,jun,47,1,-1,0,unknown,0,positive,,
46,unknown,married,unknown,no,no,no,unknown,6,jun,86,3,-1,0,unknown,0,positive,,
37,blue-collar,married,secondary,no,yes,yes,unknown,6,jun,298,2,-1,0,unknown,0,negative,,
50,blue-collar,married,secondary,no,no,no,unknown,6,jun,73,1,-1,0,unknown,0,positive,,
60,retired,married,secondary,no,no,no,unknown,6,jun,150,4,-1,0,unknown,0,positive,,
48,blue-collar,single,primary,no,no,no,unknown,6,jun,63,2,-1,0,unknown,0,positive,,
44,technician,divorced,secondary,no,yes,yes,unknown,6,jun,81,2,-1,0,unknown,0,positive,,
60,retired,married,secondary,no,yes,yes,unknown,6,jun,39,4,-1,0,unknown,0,positive,,
27,technician,single,tertiary,no,yes,no,unknown,6,jun,342,10,-1,0,unknown,0,positive,,
37,blue-collar,married,secondary,no,yes,no,unknown,6,jun,94,2,-1,0,unknown,0,positive,,
39,technician,single,secondary,no,yes,no,unknown,6,jun,100,4,-1,0,unknown,0,positive,,
51,retired,divorced,tertiary,no,no,yes,unknown,6,jun,152,1,-1,0,unknown,0,positive,,
42,blue-collar,married,primary,no,yes,no,unknown,6,jun,288,12,-1,0,unknown,0,positive,,
59,blue-collar,married,secondary,no,no,no,unknown,6,jun,135,1,-1,0,unknown,0,negative,,
48,management,married,tertiary,no,yes,no,unknown,6,jun,183,1,-1,0,unknown,0,negative,,
53,retired,divorced,primary,no,no,no,unknown,9,jun,162,1,-1,0,unknown,0,positive,,
47,unemployed,married,secondary,no,no,no,unknown,9,jun,169,1,-1,0,unknown,0,positive,,
45,unemployed,married,secondary,no,no,no,unknown,9,jun,164,2,-1,0,unknown,0,positive,,
45,services,married,primary,no,no,no,unknown,9,jun,349,2,-1,0,unknown,0,positive,,
44,entrepreneur,married,tertiary,no,no,no,unknown,9,jun,467,1,-1,0,unknown,0,positive,,
58,housemaid,married,primary,no,no,no,unknown,9,jun,226,1,-1,0,unknown,0,positive,,
35,technician,married,tertiary,no,no,no,unknown,9,jun,400,1,-1,0,unknown,0,positive,,
51,self-employed,married,tertiary,no,no,no,unknown,9,jun,146,1,-1,0,unknown,0,positive,,
39,management,married,tertiary,no,no,no,unknown,9,jun,77,1,-1,0,unknown,0,positive,,
53,retired,single,primary,no,no,no,unknown,9,jun,114,1,-1,0,unknown,0,negative,,
38,management,single,secondary,no,no,no,unknown,9,jun,280,1,-1,0,unknown,0,positive,,
49,retired,single,primary,no,no,no,unknown,9,jun,35,1,-1,0,unknown,0,positive,,
36,services,married,primary,no,no,no,unknown,9,jun,411,1,-1,0,unknown,0,positive,,
53,blue-collar,married,secondary,no,no,no,unknown,9,jun,151,1,-1,0,unknown,0,positive,,
36,technician,married,secondary,no,no,no,unknown,9,jun,73,1,-1,0,unknown,0,positive,,
37,blue-collar,married,primary,no,no,no,unknown,9,jun,173,1,-1,0,unknown,0,positive,,
37,blue-collar,single,primary,no,no,yes,unknown,9,jun,198,2,-1,0,unknown,0,positive,,
46,admin.,single,secondary,no,no,yes,unknown,9,jun,105,1,-1,0,unknown,0,positive,,
44,management,married,tertiary,no,no,no,unknown,9,jun,58,1,-1,0,unknown,0,positive,,
35,admin.,married,secondary,no,yes,yes,unknown,9,jun,274,2,-1,0,unknown,0,positive,,
37,admin.,married,secondary,no,no,no,unknown,9,jun,160,1,-1,0,unknown,0,positive,,
45,admin.,single,secondary,no,no,yes,unknown,9,jun,346,2,-1,0,unknown,0,positive,,
57,housemaid,married,primary,no,no,no,unknown,9,jun,233,2,-1,0,unknown,0,positive,,
37,admin.,married,primary,no,yes,no,unknown,9,jun,76,2,-1,0,unknown,0,positive,,
43,services,single,secondary,no,yes,no,unknown,9,jun,216,2,-1,0,unknown,0,positive,,
38,blue-collar,married,primary,no,no,no,unknown,9,jun,553,2,-1,0,unknown,0,positive,,
46,services,married,tertiary,no,no,no,unknown,9,jun,445,2,-1,0,unknown,0,positive,,
35,unemployed,married,primary,no,no,no,unknown,9,jun,330,3,-1,0,unknown,0,positive,,
57,housemaid,married,secondary,no,no,no,unknown,9,jun,329,3,-1,0,unknown,0,positive,,
39,services,married,secondary,no,yes,no,unknown,9,jun,53,4,-1,0,unknown,0,positive,,
48,entrepreneur,married,unknown,no,no,no,unknown,9,jun,66,6,-1,0,unknown,0,positive,,
44,self-employed,married,tertiary,no,no,no,unknown,9,jun,138,4,-1,0,unknown,0,positive,,
38,blue-collar,divorced,secondary,no,no,no,unknown,9,jun,299,5,-1,0,unknown,0,positive,,
41,management,married,tertiary,no,no,no,unknown,9,jun,44,4,-1,0,unknown,0,positive,,
52,management,married,primary,no,no,no,unknown,9,jun,135,2,-1,0,unknown,0,positive,,
38,self-employed,single,secondary,no,no,no,unknown,11,jun,69,2,-1,0,unknown,0,positive,,
47,technician,divorced,secondary,no,no,no,unknown,11,jun,40,5,-1,0,unknown,0,positive,,
39,blue-collar,single,secondary,no,no,no,unknown,11,jun,54,4,-1,0,unknown,0,positive,,
48,services,married,secondary,no,no,no,unknown,11,jun,399,8,-1,0,unknown,0,positive,,
50,blue-collar,married,primary,no,no,no,unknown,11,jun,103,3,-1,0,unknown,0,positive,,
27,technician,single,unknown,no,no,no,unknown,11,jun,240,9,-1,0,unknown,0,positive,,
60,blue-collar,married,primary,no,no,no,unknown,11,jun,281,4,-1,0,unknown,0,positive,,
35,blue-collar,married,primary,no,no,no,unknown,11,jun,88,5,-1,0,unknown,0,positive,,
45,entrepreneur,divorced,tertiary,no,yes,yes,unknown,11,jun,197,3,-1,0,unknown,0,positive,,
46,self-employed,married,primary,no,yes,no,unknown,11,jun,138,1,-1,0,unknown,0,positive,,
41,management,single,tertiary,no,no,no,unknown,11,jun,179,1,-1,0,unknown,0,positive,,
51,housemaid,married,unknown,no,no,no,unknown,11,jun,316,1,-1,0,unknown,0,positive,,
36,self-employed,married,tertiary,no,no,no,unknown,11,jun,117,2,-1,0,unknown,0,positive,,
42,blue-collar,married,secondary,no,no,no,unknown,11,jun,95,2,-1,0,unknown,0,positive,,
57,housemaid,married,primary,no,no,no,unknown,11,jun,510,1,-1,0,unknown,0,positive,,
51,unknown,married,unknown,no,no,no,unknown,11,jun,45,1,-1,0,unknown,0,positive,,
58,housemaid,married,secondary,no,no,no,unknown,11,jun,366,1,-1,0,unknown,0,positive,,
35,services,married,secondary,no,no,no,unknown,11,jun,436,1,-1,0,unknown,0,positive,,
52,housemaid,married,primary,no,no,no,unknown,11,jun,553,1,-1,0,unknown,0,positive,,
45,unknown,married,primary,no,no,no,unknown,11,jun,81,1,-1,0,unknown,0,positive,,
38,blue-collar,married,secondary,yes,no,no,unknown,11,jun,174,1,-1,0,unknown,0,negative,,
50,blue-collar,married,unknown,no,no,no,unknown,11,jun,249,1,-1,0,unknown,0,negative,,
41,housemaid,divorced,secondary,no,yes,yes,unknown,11,jun,678,4,-1,0,unknown,0,positive,,
54,admin.,married,secondary,no,yes,no,unknown,11,jun,105,2,-1,0,unknown,0,positive,,
28,technician,single,tertiary,no,yes,yes,unknown,11,jun,222,9,-1,0,unknown,0,negative,,
60,housemaid,married,secondary,no,no,no,unknown,11,jun,133,2,-1,0,unknown,0,positive,,
39,admin.,single,tertiary,no,no,no,unknown,11,jun,162,3,-1,0,unknown,0,positive,,
57,management,married,tertiary,no,no,no,unknown,11,jun,230,13,-1,0,unknown,0,positive,,
35,management,married,tertiary,no,no,no,unknown,11,jun,124,4,-1,0,unknown,0,positive,,
51,entrepreneur,single,tertiary,yes,no,no,unknown,11,jun,104,2,-1,0,unknown,0,positive,,
38,services,divorced,primary,no,no,no,unknown,11,jun,597,10,-1,0,unknown,0,positive,,
48,blue-collar,married,primary,no,no,no,unknown,11,jun,409,3,-1,0,unknown,0,positive,,
29,admin.,single,secondary,no,yes,no,unknown,11,jun,83,10,-1,0,unknown,0,positive,,
48,admin.,married,secondary,no,no,no,unknown,11,jun,89,3,-1,0,unknown,0,positive,,
38,blue-collar,married,secondary,no,no,no,unknown,12,jun,136,2,-1,0,unknown,0,positive,,
52,management,divorced,tertiary,no,yes,no,unknown,12,jun,84,3,-1,0,unknown,0,positive,,
46,management,married,secondary,no,no,no,unknown,12,jun,155,1,-1,0,unknown,0,negative,,
56,admin.,married,secondary,no,no,no,unknown,12,jun,243,1,-1,0,unknown,0,positive,,
45,blue-collar,married,primary,no,no,no,unknown,12,jun,108,1,-1,0,unknown,0,positive,,
46,technician,married,tertiary,no,no,no,unknown,12,jun,12,3,-1,0,unknown,0,positive,,
58,retired,married,primary,no,yes,no,unknown,12,jun,128,2,-1,0,unknown,0,positive,,
38,services,single,primary,no,yes,no,unknown,12,jun,113,1,-1,0,unknown,0,positive,,
48,blue-collar,single,secondary,no,yes,no,unknown,12,jun,185,2,-1,0,unknown,0,positive,,
47,services,married,secondary,no,no,no,unknown,12,jun,112,1,-1,0,unknown,0,positive,,
55,entrepreneur,married,primary,no,no,no,unknown,12,jun,217,1,-1,0,unknown,0,positive,,
56,self-employed,married,secondary,no,no,no,unknown,12,jun,138,1,-1,0,unknown,0,positive,,
39,blue-collar,married,primary,no,yes,no,unknown,12,jun,10,1,-1,0,unknown,0,positive,,
36,management,married,primary,no,no,no,unknown,12,jun,398,1,-1,0,unknown,0,positive,,
54,retired,married,primary,no,no,no,unknown,12,jun,281,1,-1,0,unknown,0,positive,,
60,housemaid,married,primary,no,no,no,unknown,12,jun,1178,3,-1,0,unknown,0,positive,,
39,services,married,secondary,no,no,no,unknown,12,jun,723,2,-1,0,unknown,0,positive,,
49,blue-collar,married,primary,no,no,no,unknown,12,jun,124,2,-1,0,unknown,0,positive,,
46,management,divorced,tertiary,no,no,yes,unknown,12,jun,190,2,-1,0,unknown,0,positive,,
30,management,single,tertiary,no,yes,no,unknown,16,jun,124,2,-1,0,unknown,0,positive,,
37,blue-collar,married,secondary,no,no,no,unknown,16,jun,405,3,-1,0,unknown,0,positive,,
45,services,married,primary,no,no,no,unknown,16,jun,143,2,-1,0,unknown,0,positive,,
36,services,married,secondary,no,no,no,unknown,16,jun,177,5,-1,0,unknown,0,positive,,
46,technician,married,secondary,no,yes,yes,unknown,16,jun,87,3,-1,0,unknown,0,positive,,
51,management,married,secondary,no,yes,yes,unknown,16,jun,95,8,-1,0,unknown,0,positive,,
51,management,married,unknown,no,no,no,unknown,16,jun,276,3,-1,0,unknown,0,positive,,
29,technician,single,secondary,no,yes,no,unknown,16,jun,179,15,-1,0,unknown,0,positive,,
43,technician,married,unknown,no,no,no,unknown,16,jun,90,2,-1,0,unknown,0,positive,,
36,blue-collar,married,primary,no,no,yes,unknown,16,jun,78,5,-1,0,unknown,0,positive,,
30,services,single,tertiary,no,no,no,unknown,16,jun,108,2,-1,0,unknown,0,positive,,
41,technician,married,secondary,no,no,no,unknown,16,jun,35,6,-1,0,unknown,0,positive,,
32,blue-collar,married,secondary,no,yes,no,unknown,16,jun,179,2,-1,0,unknown,0,positive,,
48,services,single,unknown,no,yes,no,unknown,16,jun,71,1,-1,0,unknown,0,positive,,
41,blue-collar,married,primary,no,yes,no,unknown,16,jun,87,6,-1,0,unknown,0,positive,,
38,technician,married,secondary,no,no,no,unknown,16,jun,35,1,-1,0,unknown,0,positive,,
52,technician,divorced,tertiary,no,no,no,unknown,16,jun,644,1,-1,0,unknown,0,positive,,
60,management,married,primary,no,no,no,unknown,16,jun,242,6,-1,0,unknown,0,positive,,
36,blue-collar,single,secondary,no,yes,yes,unknown,16,jun,181,2,-1,0,unknown,0,positive,,
55,entrepreneur,divorced,tertiary,no,yes,yes,unknown,16,jun,267,3,-1,0,unknown,0,positive,,
37,management,single,tertiary,no,yes,no,unknown,16,jun,244,1,-1,0,unknown,0,positive,,
38,services,divorced,secondary,no,no,no,unknown,16,jun,50,1,-1,0,unknown,0,positive,,
35,blue-collar,single,primary,no,no,no,unknown,16,jun,193,1,-1,0,unknown,0,positive,,
50,blue-collar,married,unknown,no,no,no,unknown,16,jun,599,3,-1,0,unknown,0,negative,,
53,retired,married,secondary,no,no,no,unknown,16,jun,254,1,-1,0,unknown,0,positive,,
50,housemaid,married,primary,no,no,no,unknown,16,jun,51,1,-1,0,unknown,0,positive,,
57,technician,divorced,secondary,no,no,yes,unknown,16,jun,420,4,-1,0,unknown,0,positive,,
50,management,married,tertiary,no,no,no,unknown,16,jun,535,2,-1,0,unknown,0,positive,,
44,admin.,married,secondary,no,no,no,unknown,16,jun,139,3,-1,0,unknown,0,positive,,
47,blue-collar,married,secondary,no,no,no,unknown,16,jun,53,1,-1,0,unknown,0,positive,,
53,services,single,secondary,no,yes,no,unknown,16,jun,227,4,-1,0,unknown,0,positive,,
28,blue-collar,single,secondary,no,yes,no,unknown,16,jun,102,46,-1,0,unknown,0,positive,,
38,management,married,tertiary,no,no,no,unknown,16,jun,301,6,-1,0,unknown,0,positive,,
42,housemaid,married,unknown,no,no,no,unknown,16,jun,22,1,-1,0,unknown,0,positive,,
56,entrepreneur,married,secondary,no,yes,yes,unknown,16,jun,345,4,-1,0,unknown,0,positive,,
45,housemaid,married,primary,no,no,no,unknown,16,jun,103,3,-1,0,unknown,0,positive,,
39,management,married,tertiary,no,yes,no,unknown,16,jun,26,18,-1,0,unknown,0,negative,,
58,unemployed,single,primary,no,no,no,unknown,16,jun,1009,5,-1,0,unknown,0,positive,,
55,blue-collar,married,primary,no,yes,no,unknown,16,jun,40,18,-1,0,unknown,0,positive,,
54,unknown,married,secondary,no,no,no,unknown,16,jun,97,6,-1,0,unknown,0,positive,,
57,admin.,divorced,primary,no,no,no,unknown,16,jun,295,2,-1,0,unknown,0,positive,,
35,self-employed,married,tertiary,no,no,no,unknown,17,jun,78,5,-1,0,unknown,0,positive,,
35,management,single,tertiary,no,no,no,unknown,17,jun,45,2,-1,0,unknown,0,positive,,
41,technician,married,secondary,no,no,no,unknown,17,jun,145,1,-1,0,unknown,0,positive,,
61,retired,married,secondary,no,no,no,unknown,17,jun,18,1,-1,0,unknown,0,positive,,
43,management,married,tertiary,no,no,no,unknown,17,jun,355,2,-1,0,unknown,0,positive,,
60,blue-collar,married,primary,no,yes,no,unknown,17,jun,147,2,-1,0,unknown,0,positive,,
59,retired,divorced,primary,no,no,no,unknown,17,jun,404,1,-1,0,unknown,0,positive,,
45,blue-collar,married,primary,no,no,no,unknown,17,jun,99,1,-1,0,unknown,0,positive,,
35,technician,married,unknown,no,yes,yes,unknown,17,jun,124,23,-1,0,unknown,0,positive,,
47,blue-collar,married,primary,no,no,no,unknown,17,jun,255,1,-1,0,unknown,0,positive,,
51,blue-collar,married,primary,no,no,no,unknown,17,jun,30,3,-1,0,unknown,0,positive,,
58,blue-collar,married,secondary,no,no,no,unknown,17,jun,97,1,-1,0,unknown,0,positive,,
39,management,married,tertiary,no,no,no,unknown,17,jun,139,1,-1,0,unknown,0,positive,,
36,blue-collar,single,primary,no,no,yes,unknown,17,jun,168,2,-1,0,unknown,0,positive,,
35,blue-collar,single,secondary,no,no,no,unknown,17,jun,43,6,-1,0,unknown,0,positive,,
55,self-employed,married,secondary,no,no,no,unknown,17,jun,20,1,-1,0,unknown,0,positive,,
53,blue-collar,married,primary,no,yes,no,unknown,17,jun,714,2,-1,0,unknown,0,positive,,
46,blue-collar,married,secondary,no,no,no,unknown,17,jun,110,2,-1,0,unknown,0,positive,,
44,blue-collar,married,primary,no,no,no,unknown,17,jun,291,1,-1,0,unknown,0,positive,,
52,housemaid,divorced,secondary,no,yes,no,unknown,17,jun,422,9,-1,0,unknown,0,positive,,
55,entrepreneur,married,secondary,no,no,no,unknown,17,jun,115,2,-1,0,unknown,0,positive,,
36,services,single,secondary,no,no,no,unknown,17,jun,256,9,-1,0,unknown,0,positive,,
40,blue-collar,married,secondary,no,yes,no,unknown,17,jun,681,2,-1,0,unknown,0,positive,,
44,blue-collar,single,primary,no,no,no,unknown,17,jun,187,7,-1,0,unknown,0,positive,,
48,technician,married,secondary,no,yes,no,unknown,17,jun,320,4,-1,0,unknown,0,positive,,
37,services,divorced,secondary,no,yes,yes,unknown,17,jun,411,6,-1,0,unknown,0,positive,,
51,self-employed,divorced,tertiary,no,no,no,unknown,17,jun,266,2,-1,0,unknown,0,positive,,
37,admin.,divorced,secondary,yes,no,no,unknown,17,jun,406,3,-1,0,unknown,0,negative,,
38,admin.,divorced,secondary,no,yes,no,unknown,17,jun,544,3,-1,0,unknown,0,positive,,
36,blue-collar,single,tertiary,no,yes,no,unknown,17,jun,756,2,-1,0,unknown,0,positive,,
50,services,married,secondary,no,no,no,unknown,17,jun,271,2,-1,0,unknown,0,positive,,
53,retired,married,primary,no,yes,yes,unknown,17,jun,203,2,-1,0,unknown,0,positive,,
53,technician,married,unknown,no,no,no,unknown,17,jun,198,6,-1,0,unknown,0,positive,,
46,blue-collar,divorced,primary,no,no,no,unknown,17,jun,259,2,-1,0,unknown,0,positive,,
36,blue-collar,married,secondary,no,no,no,unknown,17,jun,235,2,-1,0,unknown,0,positive,,
52,technician,married,secondary,no,no,no,unknown,17,jun,87,2,-1,0,unknown,0,positive,,
57,blue-collar,married,primary,no,no,no,unknown,17,jun,193,3,-1,0,unknown,0,positive,,
44,blue-collar,married,primary,no,no,no,unknown,18,jun,192,5,-1,0,unknown,0,negative,,
48,blue-collar,married,primary,no,yes,yes,unknown,18,jun,386,5,-1,0,unknown,0,positive,,
50,services,married,secondary,no,no,no,unknown,18,jun,53,2,-1,0,unknown,0,positive,,
48,admin.,single,secondary,no,yes,no,unknown,18,jun,245,2,-1,0,unknown,0,positive,,
28,blue-collar,married,secondary,no,yes,no,unknown,18,jun,126,4,-1,0,unknown,0,negative,,
60,retired,married,primary,no,no,no,unknown,18,jun,104,1,-1,0,unknown,0,negative,,
36,blue-collar,married,primary,no,no,no,unknown,18,jun,190,2,-1,0,unknown,0,positive,,
56,entrepreneur,single,unknown,no,no,no,unknown,18,jun,15,1,-1,0,unknown,0,positive,,
37,management,married,tertiary,no,no,no,unknown,18,jun,417,1,-1,0,unknown,0,positive,,
55,management,married,secondary,no,no,no,unknown,18,jun,192,1,-1,0,unknown,0,positive,,
39,entrepreneur,married,tertiary,no,yes,yes,unknown,18,jun,104,1,-1,0,unknown,0,positive,,
49,management,married,unknown,no,no,no,unknown,18,jun,300,1,-1,0,unknown,0,positive,,
42,technician,married,secondary,no,yes,no,unknown,18,jun,36,4,-1,0,unknown,0,negative,,
59,retired,married,primary,no,no,no,unknown,18,jun,1009,1,-1,0,unknown,0,negative,,
47,management,married,tertiary,no,no,no,unknown,18,jun,387,1,-1,0,unknown,0,positive,,
51,unknown,married,unknown,no,no,no,unknown,18,jun,205,4,-1,0,unknown,0,positive,,
59,retired,married,secondary,no,no,no,unknown,18,jun,632,1,-1,0,unknown,0,positive,,
48,self-employed,single,unknown,no,no,no,unknown,18,jun,453,1,-1,0,unknown,0,negative,,
44,services,married,secondary,no,yes,no,unknown,18,jun,146,3,-1,0,unknown,0,positive,,
44,blue-collar,single,unknown,no,no,no,unknown,18,jun,16,9,-1,0,unknown,0,positive,,
43,housemaid,married,secondary,no,no,no,unknown,18,jun,108,2,-1,0,unknown,0,positive,,
60,admin.,single,secondary,no,no,no,unknown,18,jun,18,5,-1,0,unknown,0,positive,,
50,blue-collar,married,primary,no,yes,no,unknown,18,jun,61,23,-1,0,unknown,0,positive,,
41,services,divorced,secondary,no,yes,no,unknown,18,jun,96,3,-1,0,unknown,0,positive,,
51,blue-collar,married,primary,no,no,no,unknown,18,jun,48,10,-1,0,unknown,0,positive,,
40,blue-collar,divorced,unknown,no,no,no,unknown,18,jun,66,3,-1,0,unknown,0,positive,,
37,blue-collar,single,primary,no,yes,no,unknown,18,jun,429,13,-1,0,unknown,0,positive,,
57,housemaid,divorced,primary,no,no,no,unknown,18,jun,378,2,-1,0,unknown,0,positive,,
44,blue-collar,married,secondary,no,no,yes,unknown,18,jun,452,1,-1,0,unknown,0,positive,,
46,housemaid,married,primary,no,no,no,unknown,19,jun,675,5,-1,0,unknown,0,positive,,
51,technician,divorced,secondary,no,no,no,unknown,19,jun,593,1,-1,0,unknown,0,positive,,
55,blue-collar,married,secondary,no,no,no,unknown,19,jun,229,1,-1,0,unknown,0,positive,,
58,retired,married,secondary,no,yes,no,unknown,19,jun,446,1,-1,0,unknown,0,positive,,
39,services,married,tertiary,no,no,no,unknown,19,jun,32,1,-1,0,unknown,0,positive,,
40,unemployed,single,primary,no,yes,no,unknown,19,jun,152,2,-1,0,unknown,0,positive,,
45,blue-collar,married,primary,no,yes,no,unknown,19,jun,66,1,-1,0,unknown,0,positive,,
48,services,married,secondary,no,no,yes,unknown,19,jun,270,2,-1,0,unknown,0,positive,,
41,admin.,divorced,secondary,no,no,no,unknown,19,jun,91,1,-1,0,unknown,0,positive,,
35,management,single,tertiary,no,yes,no,unknown,19,jun,221,12,-1,0,unknown,0,positive,,
38,retired,single,unknown,no,no,no,unknown,19,jun,212,1,-1,0,unknown,0,positive,,
37,technician,married,unknown,no,no,no,unknown,19,jun,374,3,-1,0,unknown,0,positive,,
49,blue-collar,married,primary,no,no,yes,unknown,19,jun,534,1,-1,0,unknown,0,positive,,
59,entrepreneur,married,primary,no,no,no,unknown,19,jun,239,1,-1,0,unknown,0,negative,,
58,services,married,secondary,no,no,no,unknown,19,jun,135,1,-1,0,unknown,0,positive,,
47,technician,divorced,secondary,no,no,no,unknown,19,jun,282,4,-1,0,unknown,0,positive,,
56,admin.,married,secondary,no,no,no,unknown,19,jun,74,1,-1,0,unknown,0,positive,,
46,blue-collar,married,unknown,no,yes,no,unknown,19,jun,177,2,-1,0,unknown,0,positive,,
42,services,divorced,secondary,no,yes,no,unknown,19,jun,405,2,-1,0,unknown,0,positive,,
54,retired,divorced,primary,no,no,no,unknown,19,jun,184,3,-1,0,unknown,0,positive,,
37,management,married,secondary,no,no,yes,unknown,19,jun,89,2,-1,0,unknown,0,positive,,
46,entrepreneur,married,tertiary,no,no,no,unknown,19,jun,318,2,-1,0,unknown,0,positive,,
59,retired,divorced,secondary,no,no,no,unknown,20,jun,89,3,-1,0,unknown,0,positive,,
41,technician,divorced,unknown,no,no,no,unknown,20,jun,141,4,-1,0,unknown,0,positive,,
39,technician,single,tertiary,no,no,no,unknown,20,jun,241,2,-1,0,unknown,0,positive,,
50,management,married,tertiary,no,no,no,unknown,20,jun,35,2,-1,0,unknown,0,positive,,
46,housemaid,married,primary,no,no,no,unknown,20,jun,62,4,-1,0,unknown,0,positive,,
50,management,married,tertiary,no,no,yes,unknown,20,jun,156,3,-1,0,unknown,0,positive,,
46,blue-collar,married,primary,no,no,yes,unknown,20,jun,166,1,-1,0,unknown,0,positive,,
55,technician,married,secondary,no,yes,yes,unknown,20,jun,124,1,-1,0,unknown,0,negative,,
38,blue-collar,married,primary,no,no,no,unknown,20,jun,114,2,-1,0,unknown,0,positive,,
45,housemaid,married,primary,no,no,no,unknown,20,jun,48,1,-1,0,unknown,0,positive,,
52,management,married,tertiary,no,no,no,unknown,20,jun,115,4,-1,0,unknown,0,positive,,
58,retired,married,secondary,no,no,no,unknown,20,jun,141,1,-1,0,unknown,0,positive,,
44,management,married,tertiary,no,no,no,unknown,20,jun,82,1,-1,0,unknown,0,positive,,
40,management,married,secondary,no,yes,no,unknown,20,jun,37,4,-1,0,unknown,0,positive,,
38,management,married,tertiary,no,yes,no,unknown,20,jun,211,2,-1,0,unknown,0,negative,,
43,admin.,married,secondary,no,no,no,unknown,20,jun,398,1,-1,0,unknown,0,positive,,
36,housemaid,single,primary,no,no,no,unknown,20,jun,1478,5,-1,0,unknown,0,positive,,
46,blue-collar,married,secondary,no,yes,no,unknown,20,jun,40,4,-1,0,unknown,0,positive,,
34,blue-collar,married,secondary,no,yes,no,unknown,20,jun,55,12,-1,0,unknown,0,positive,,
47,admin.,married,secondary,yes,no,yes,unknown,20,jun,93,2,-1,0,unknown,0,negative,,
30,admin.,married,secondary,no,yes,no,unknown,20,jun,25,3,-1,0,unknown,0,positive,,
42,blue-collar,married,primary,no,yes,no,unknown,20,jun,365,3,-1,0,unknown,0,positive,,
43,blue-collar,married,primary,no,no,yes,unknown,20,jun,11,5,-1,0,unknown,0,positive,,
37,services,married,secondary,no,no,no,unknown,20,jun,12,14,-1,0,unknown,0,negative,,
37,blue-collar,single,secondary,no,no,no,unknown,20,jun,8,12,-1,0,unknown,0,positive,,
49,technician,divorced,secondary,no,yes,no,unknown,20,jun,14,22,-1,0,unknown,0,positive,,
48,management,divorced,tertiary,no,no,no,unknown,20,jun,26,3,-1,0,unknown,0,negative,,
44,management,married,tertiary,no,yes,no,unknown,20,jun,268,3,-1,0,unknown,0,positive,,
51,services,married,secondary,no,yes,no,unknown,20,jun,123,4,-1,0,unknown,0,positive,,
52,blue-collar,married,primary,no,yes,yes,unknown,20,jun,7,20,-1,0,unknown,0,positive,,
36,blue-collar,divorced,secondary,no,no,no,unknown,20,jun,15,12,-1,0,unknown,0,positive,,
60,retired,divorced,tertiary,no,no,no,unknown,20,jun,8,9,-1,0,unknown,0,positive,,
47,management,married,tertiary,no,yes,no,unknown,20,jun,130,4,-1,0,unknown,0,positive,,
43,blue-collar,married,primary,no,yes,no,unknown,20,jun,205,5,-1,0,unknown,0,negative,,
43,admin.,single,secondary,no,yes,yes,unknown,20,jun,51,19,-1,0,unknown,0,positive,,
57,blue-collar,married,primary,no,no,yes,unknown,20,jun,78,4,-1,0,unknown,0,positive,,
55,services,single,secondary,no,no,no,unknown,20,jun,65,2,-1,0,unknown,0,positive,,
36,blue-collar,married,secondary,no,yes,yes,unknown,20,jun,258,2,-1,0,unknown,0,positive,,
59,blue-collar,married,primary,no,no,no,unknown,20,jun,81,3,-1,0,unknown,0,positive,,
39,technician,married,secondary,no,yes,yes,unknown,20,jun,116,3,-1,0,unknown,0,positive,,
36,admin.,single,secondary,no,yes,no,unknown,20,jun,136,3,-1,0,unknown,0,positive,,
58,services,married,secondary,no,no,no,unknown,20,jun,241,3,-1,0,unknown,0,negative,,
51,retired,single,primary,no,no,no,unknown,20,jun,43,2,-1,0,unknown,0,positive,,
32,blue-collar,married,primary,no,yes,yes,unknown,20,jun,8,31,-1,0,unknown,0,positive,,
44,technician,married,secondary,no,no,no,unknown,20,jun,27,3,-1,0,unknown,0,positive,,
60,admin.,married,secondary,no,no,no,unknown,20,jun,48,10,-1,0,unknown,0,positive,,
47,blue-collar,married,secondary,no,no,no,unknown,20,jun,9,6,-1,0,unknown,0,positive,,
42,blue-collar,married,primary,no,no,no,unknown,20,jun,13,14,-1,0,unknown,0,positive,,
44,student,single,unknown,no,no,no,unknown,20,jun,17,5,-1,0,unknown,0,positive,,
54,management,divorced,unknown,no,no,no,unknown,20,jun,7,3,-1,0,unknown,0,positive,,
38,technician,single,secondary,no,yes,no,unknown,20,jun,36,5,-1,0,unknown,0,positive,,
43,management,single,secondary,no,no,no,unknown,20,jun,30,4,-1,0,unknown,0,positive,,
52,self-employed,married,primary,no,no,yes,unknown,20,jun,39,5,-1,0,unknown,0,positive,,
46,blue-collar,married,secondary,no,no,no,unknown,20,jun,252,3,-1,0,unknown,0,positive,,
45,services,single,secondary,no,no,no,unknown,20,jun,14,4,-1,0,unknown,0,positive,,
38,blue-collar,married,primary,no,yes,no,unknown,20,jun,21,18,-1,0,unknown,0,positive,,
50,services,married,secondary,no,yes,no,unknown,20,jun,8,6,-1,0,unknown,0,positive,,
42,blue-collar,married,primary,no,no,no,unknown,20,jun,19,2,-1,0,unknown,0,negative,,
56,unknown,married,unknown,no,no,no,unknown,20,jun,247,7,-1,0,unknown,0,positive,,
33,admin.,married,secondary,no,yes,yes,unknown,20,jun,12,3,-1,0,unknown,0,negative,,
43,management,married,tertiary,no,yes,no,unknown,20,jun,11,12,-1,0,unknown,0,positive,,
47,technician,married,secondary,no,no,yes,unknown,20,jun,61,2,-1,0,unknown,0,positive,,
37,services,single,primary,no,yes,no,unknown,20,jun,6,17,-1,0,unknown,0,positive,,
40,student,married,secondary,no,no,no,unknown,20,jun,197,6,-1,0,unknown,0,positive,,
42,technician,married,secondary,no,no,no,unknown,20,jun,20,3,-1,0,unknown,0,positive,,
33,blue-collar,single,secondary,no,no,no,unknown,20,jun,13,12,-1,0,unknown,0,positive,,
56,entrepreneur,married,unknown,no,no,no,unknown,20,jun,18,2,-1,0,unknown,0,positive,,
30,management,married,tertiary,no,yes,no,unknown,20,jun,11,6,-1,0,unknown,0,negative,,
47,blue-collar,divorced,secondary,no,yes,no,unknown,20,jun,12,24,-1,0,unknown,0,positive,,
46,management,divorced,tertiary,no,yes,no,unknown,20,jun,10,23,-1,0,unknown,0,negative,,
46,admin.,married,unknown,no,yes,no,unknown,20,jun,10,3,-1,0,unknown,0,positive,,
39,technician,married,tertiary,no,no,no,unknown,20,jun,8,13,-1,0,unknown,0,negative,,
48,admin.,married,primary,no,no,no,unknown,20,jun,29,2,-1,0,unknown,0,positive,,
42,management,married,tertiary,no,yes,no,unknown,20,jun,9,18,-1,0,unknown,0,negative,,
36,blue-collar,divorced,secondary,no,yes,no,unknown,20,jun,310,2,-1,0,unknown,0,positive,,
41,services,single,secondary,no,no,no,unknown,20,jun,204,2,-1,0,unknown,0,negative,,
26,blue-collar,married,secondary,no,yes,no,unknown,23,jun,82,5,-1,0,unknown,0,positive,,
29,blue-collar,single,secondary,yes,yes,no,unknown,23,jun,123,2,-1,0,unknown,0,negative,,
58,unemployed,divorced,secondary,no,no,no,unknown,23,jun,598,2,-1,0,unknown,0,negative,,
55,technician,married,secondary,no,yes,no,unknown,23,jun,364,2,-1,0,unknown,0,positive,,
34,technician,married,secondary,no,yes,no,unknown,24,jun,165,5,-1,0,unknown,0,positive,,
42,self-employed,married,tertiary,no,no,yes,unknown,25,jun,322,1,-1,0,unknown,0,negative,,
36,blue-collar,married,secondary,no,yes,no,unknown,26,jun,322,2,-1,0,unknown,0,positive,,
43,services,divorced,tertiary,no,no,yes,unknown,26,jun,344,1,-1,0,unknown,0,positive,,
51,services,married,secondary,no,no,yes,unknown,26,jun,565,3,-1,0,unknown,0,negative,,
26,technician,single,secondary,no,no,yes,unknown,26,jun,667,3,-1,0,unknown,0,negative,,
47,self-employed,married,secondary,no,no,no,unknown,26,jun,174,8,-1,0,unknown,0,negative,,
25,blue-collar,single,primary,no,yes,no,unknown,26,jun,45,2,-1,0,unknown,0,positive,,
53,retired,married,primary,no,no,yes,unknown,27,jun,747,1,-1,0,unknown,0,negative,,
60,blue-collar,married,primary,no,no,no,unknown,27,jun,349,5,-1,0,unknown,0,positive,,
34,admin.,single,secondary,no,yes,yes,unknown,27,jun,111,4,-1,0,unknown,0,negative,,
40,technician,married,secondary,no,yes,no,unknown,30,jun,322,3,-1,0,unknown,0,positive,,
49,admin.,divorced,secondary,no,yes,no,unknown,30,jun,54,3,-1,0,unknown,0,positive,,
47,blue-collar,married,secondary,no,no,no,unknown,30,jun,385,1,-1,0,unknown,0,positive,,
39,technician,married,secondary,no,yes,yes,unknown,30,jun,252,4,-1,0,unknown,0,negative,,
49,admin.,married,secondary,no,no,no,unknown,30,jun,132,4,-1,0,unknown,0,positive,,
39,services,single,secondary,no,no,no,unknown,1,jul,60,4,-1,0,unknown,0,negative,,
31,services,married,tertiary,yes,no,yes,unknown,1,jul,173,1,-1,0,unknown,0,negative,,
41,entrepreneur,single,primary,no,no,yes,unknown,1,jul,125,3,-1,0,unknown,0,positive,,
31,admin.,single,secondary,no,no,no,unknown,1,jul,484,1,-1,0,unknown,0,positive,,
29,technician,married,tertiary,no,no,no,unknown,1,jul,56,1,-1,0,unknown,0,positive,,
26,technician,divorced,tertiary,no,no,yes,unknown,1,jul,1992,2,-1,0,unknown,0,negative,,
41,technician,married,secondary,no,no,yes,unknown,1,jul,130,1,-1,0,unknown,0,negative,,
44,technician,single,secondary,no,no,no,unknown,1,jul,723,2,-1,0,unknown,0,positive,,
37,services,single,primary,no,no,yes,unknown,2,jul,372,1,-1,0,unknown,0,negative,,
33,technician,single,tertiary,no,yes,yes,unknown,3,jul,343,2,-1,0,unknown,0,positive,,
27,admin.,single,secondary,no,no,no,unknown,3,jul,269,3,-1,0,unknown,0,positive,,
26,services,married,secondary,no,no,no,unknown,3,jul,149,1,-1,0,unknown,0,positive,,
33,blue-collar,married,secondary,no,no,yes,unknown,3,jul,267,1,-1,0,unknown,0,positive,,
49,blue-collar,married,primary,no,no,no,unknown,3,jul,60,1,-1,0,unknown,0,positive,,
52,housemaid,married,tertiary,no,no,no,unknown,3,jul,88,1,-1,0,unknown,0,positive,,
34,technician,married,secondary,no,yes,no,unknown,3,jul,115,4,-1,0,unknown,0,negative,,
35,services,married,secondary,no,yes,no,unknown,3,jul,197,1,-1,0,unknown,0,positive,,
35,technician,divorced,secondary,no,no,no,unknown,3,jul,88,1,-1,0,unknown,0,positive,,
61,retired,married,secondary,no,no,yes,unknown,3,jul,42,1,-1,0,unknown,0,positive,,
42,admin.,single,secondary,no,yes,yes,unknown,3,jul,277,2,-1,0,unknown,0,positive,,
33,technician,single,secondary,no,no,no,unknown,3,jul,1106,2,-1,0,unknown,0,negative,,
44,entrepreneur,married,tertiary,no,no,yes,unknown,4,jul,566,3,-1,0,unknown,0,positive,,
31,technician,single,unknown,no,no,no,unknown,4,jul,257,1,-1,0,unknown,0,positive,,
35,management,married,secondary,no,no,yes,unknown,4,jul,121,1,-1,0,unknown,0,negative,,
37,management,married,tertiary,no,no,yes,unknown,4,jul,101,1,-1,0,unknown,0,positive,,
34,admin.,divorced,secondary,no,no,yes,unknown,4,jul,88,1,-1,0,unknown,0,positive,,
29,admin.,single,secondary,no,no,yes,unknown,4,jul,840,2,-1,0,unknown,0,positive,,
45,services,single,secondary,no,yes,yes,unknown,4,jul,89,2,-1,0,unknown,0,positive,,
53,blue-collar,married,primary,no,no,yes,unknown,4,jul,212,1,-1,0,unknown,0,positive,,
43,blue-collar,married,secondary,no,no,yes,cellular,4,jul,668,2,-1,0,unknown,0,positive,,
27,technician,single,secondary,no,yes,yes,cellular,4,jul,436,4,-1,0,unknown,0,positive,,
44,technician,married,tertiary,no,no,no,cellular,4,jul,178,2,-1,0,unknown,0,positive,,
33,technician,single,secondary,no,no,yes,cellular,4,jul,425,2,-1,0,unknown,0,positive,,
30,services,married,secondary,no,no,no,cellular,4,jul,407,1,-1,0,unknown,0,positive,,
43,management,single,tertiary,no,yes,no,cellular,7,jul,316,5,-1,0,unknown,0,positive,,
53,blue-collar,married,primary,no,yes,no,cellular,7,jul,111,2,-1,0,unknown,0,positive,,
46,management,married,primary,no,yes,no,cellular,7,jul,113,2,-1,0,unknown,0,positive,,
58,blue-collar,divorced,primary,no,yes,no,cellular,7,jul,200,4,-1,0,unknown,0,positive,,
52,management,married,secondary,no,no,no,cellular,7,jul,196,2,-1,0,unknown,0,positive,,
35,unknown,married,primary,no,no,no,cellular,7,jul,185,2,-1,0,unknown,0,positive,,
50,blue-collar,married,primary,no,yes,no,cellular,7,jul,136,4,-1,0,unknown,0,positive,,
38,management,married,tertiary,no,yes,no,cellular,7,jul,139,2,-1,0,unknown,0,positive,,
41,blue-collar,married,primary,no,yes,no,cellular,7,jul,321,3,-1,0,unknown,0,positive,,
41,admin.,married,secondary,no,no,no,cellular,7,jul,244,4,-1,0,unknown,0,positive,,
47,unknown,divorced,primary,no,no,no,cellular,7,jul,240,1,-1,0,unknown,0,negative,,
44,blue-collar,married,primary,no,no,yes,telephone,7,jul,46,2,-1,0,unknown,0,positive,,
27,services,single,secondary,no,no,yes,cellular,7,jul,232,1,-1,0,unknown,0,positive,,
35,self-employed,married,secondary,no,yes,no,telephone,7,jul,126,4,-1,0,unknown,0,negative,,
59,retired,divorced,secondary,no,no,no,cellular,7,jul,66,1,-1,0,unknown,0,positive,,
36,services,married,secondary,no,no,no,cellular,7,jul,217,1,-1,0,unknown,0,negative,,
35,management,single,tertiary,no,no,no,cellular,7,jul,289,1,-1,0,unknown,0,positive,,
34,blue-collar,single,primary,yes,no,yes,cellular,7,jul,199,1,-1,0,unknown,0,negative,,
32,services,single,secondary,no,yes,no,cellular,7,jul,201,1,-1,0,unknown,0,negative,,
36,blue-collar,married,secondary,no,no,yes,cellular,7,jul,206,6,-1,0,unknown,0,positive,,
48,admin.,married,secondary,no,no,yes,cellular,7,jul,46,1,-1,0,unknown,0,positive,,
41,management,married,secondary,no,no,yes,cellular,7,jul,630,3,-1,0,unknown,0,negative,,
58,blue-collar,married,secondary,no,no,no,cellular,7,jul,206,3,-1,0,unknown,0,positive,,
35,blue-collar,married,primary,no,no,yes,cellular,7,jul,243,2,-1,0,unknown,0,positive,,
38,technician,married,secondary,no,yes,no,cellular,7,jul,162,4,-1,0,unknown,0,negative,,
44,housemaid,married,primary,no,no,yes,cellular,7,jul,153,1,-1,0,unknown,0,negative,,
26,technician,divorced,tertiary,no,yes,yes,cellular,7,jul,1467,1,-1,0,unknown,0,positive,,
37,admin.,married,secondary,no,no,yes,cellular,7,jul,162,2,-1,0,unknown,0,positive,,
27,management,single,tertiary,no,no,yes,cellular,7,jul,535,1,-1,0,unknown,0,positive,,
47,housemaid,married,tertiary,no,no,no,telephone,7,jul,141,1,-1,0,unknown,0,positive,,
40,services,married,secondary,no,yes,yes,cellular,7,jul,190,1,-1,0,unknown,0,positive,,
31,services,single,secondary,no,yes,yes,cellular,7,jul,104,1,-1,0,unknown,0,positive,,
33,blue-collar,single,primary,yes,no,yes,cellular,7,jul,326,2,-1,0,unknown,0,negative,,
43,management,married,tertiary,no,no,no,cellular,7,jul,91,3,-1,0,unknown,0,positive,,
42,technician,married,secondary,no,yes,no,cellular,7,jul,216,5,-1,0,unknown,0,positive,,
31,technician,single,secondary,no,yes,no,cellular,7,jul,234,1,-1,0,unknown,0,positive,,
42,blue-collar,single,secondary,no,no,no,cellular,7,jul,88,3,-1,0,unknown,0,positive,,
58,blue-collar,divorced,secondary,no,no,no,cellular,7,jul,244,4,-1,0,unknown,0,positive,,
33,management,single,secondary,no,no,yes,cellular,7,jul,164,2,-1,0,unknown,0,positive,,
47,blue-collar,married,secondary,yes,yes,yes,cellular,7,jul,100,4,-1,0,unknown,0,negative,,
49,management,married,tertiary,no,no,no,cellular,7,jul,51,2,-1,0,unknown,0,positive,,
41,admin.,married,secondary,no,yes,no,cellular,7,jul,104,4,-1,0,unknown,0,negative,,
58,blue-collar,married,primary,no,no,no,cellular,7,jul,317,3,-1,0,unknown,0,positive,,
38,technician,married,secondary,no,yes,yes,cellular,7,jul,500,5,-1,0,unknown,0,negative,,
31,blue-collar,married,primary,no,no,yes,telephone,7,jul,146,4,-1,0,unknown,0,positive,,
46,blue-collar,married,primary,no,no,no,cellular,7,jul,407,1,-1,0,unknown,0,positive,,
27,management,single,tertiary,no,yes,no,cellular,7,jul,416,4,-1,0,unknown,0,positive,,
43,entrepreneur,married,secondary,no,yes,no,telephone,7,jul,122,2,-1,0,unknown,0,positive,,
36,blue-collar,single,unknown,yes,yes,no,telephone,7,jul,9,17,-1,0,unknown,0,negative,,
46,unemployed,married,secondary,no,no,no,cellular,8,jul,491,1,-1,0,unknown,0,positive,,
53,management,married,secondary,no,no,yes,telephone,8,jul,141,1,-1,0,unknown,0,positive,,
29,blue-collar,single,primary,no,yes,no,cellular,8,jul,216,1,-1,0,unknown,0,positive,,
27,admin.,single,secondary,no,no,yes,cellular,8,jul,290,1,-1,0,unknown,0,negative,,
36,admin.,married,secondary,no,no,yes,cellular,8,jul,85,4,-1,0,unknown,0,positive,,
58,blue-collar,married,secondary,no,yes,no,cellular,8,jul,144,4,-1,0,unknown,0,positive,,
25,blue-collar,single,secondary,yes,no,no,cellular,8,jul,152,1,-1,0,unknown,0,negative,,
34,housemaid,married,secondary,no,yes,yes,cellular,8,jul,119,2,-1,0,unknown,0,negative,,
33,entrepreneur,married,secondary,yes,no,yes,cellular,8,jul,42,1,-1,0,unknown,0,negative,,
28,admin.,single,secondary,no,no,yes,cellular,8,jul,136,1,-1,0,unknown,0,positive,,
40,services,married,primary,no,no,yes,cellular,8,jul,166,1,-1,0,unknown,0,negative,,
42,unemployed,married,secondary,no,no,yes,cellular,8,jul,96,2,-1,0,unknown,0,negative,,
51,technician,married,secondary,no,no,yes,cellular,8,jul,187,2,-1,0,unknown,0,positive,,
39,services,married,secondary,no,no,no,cellular,8,jul,114,1,-1,0,unknown,0,positive,,
39,technician,married,secondary,no,no,no,cellular,8,jul,202,2,-1,0,unknown,0,positive,,
26,services,single,secondary,yes,no,no,cellular,8,jul,362,1,-1,0,unknown,0,positive,,
44,technician,divorced,secondary,no,no,no,telephone,8,jul,190,1,-1,0,unknown,0,positive,,
31,blue-collar,married,primary,no,no,no,telephone,8,jul,186,2,-1,0,unknown,0,positive,,
59,blue-collar,divorced,primary,no,no,yes,cellular,8,jul,214,1,-1,0,unknown,0,positive,,
26,management,single,tertiary,no,no,no,cellular,8,jul,143,2,-1,0,unknown,0,positive,,
55,retired,married,secondary,no,no,yes,cellular,8,jul,154,1,-1,0,unknown,0,positive,,
56,housemaid,married,primary,no,no,yes,cellular,8,jul,212,1,-1,0,unknown,0,positive,,
57,technician,married,primary,no,no,no,cellular,8,jul,97,6,-1,0,unknown,0,positive,,
51,services,married,secondary,no,no,yes,cellular,8,jul,217,1,-1,0,unknown,0,positive,,
28,blue-collar,married,secondary,no,yes,yes,cellular,8,jul,764,5,-1,0,unknown,0,positive,,
55,technician,married,secondary,no,no,no,cellular,8,jul,138,1,-1,0,unknown,0,positive,,
52,blue-collar,married,secondary,no,yes,yes,cellular,8,jul,58,1,-1,0,unknown,0,positive,,
59,management,married,tertiary,no,no,yes,cellular,8,jul,55,1,-1,0,unknown,0,positive,,
60,management,married,secondary,no,no,yes,cellular,8,jul,76,2,-1,0,unknown,0,positive,,
49,blue-collar,married,secondary,no,yes,no,cellular,8,jul,203,1,-1,0,unknown,0,positive,,
57,blue-collar,married,secondary,no,no,no,cellular,8,jul,157,8,-1,0,unknown,0,positive,,
27,services,single,secondary,no,no,yes,cellular,8,jul,606,2,-1,0,unknown,0,positive,,
45,blue-collar,single,tertiary,no,no,yes,cellular,8,jul,171,2,-1,0,unknown,0,negative,,
54,blue-collar,married,primary,no,no,yes,telephone,8,jul,346,2,-1,0,unknown,0,negative,,
33,services,single,secondary,no,no,no,telephone,8,jul,107,3,-1,0,unknown,0,positive,,
57,management,married,tertiary,no,yes,no,cellular,8,jul,96,1,-1,0,unknown,0,positive,,
47,technician,married,secondary,no,no,no,cellular,8,jul,236,2,-1,0,unknown,0,negative,,
36,management,single,tertiary,no,yes,yes,cellular,8,jul,476,2,-1,0,unknown,0,negative,,
41,blue-collar,married,primary,no,no,yes,telephone,8,jul,554,3,-1,0,unknown,0,negative,,
41,blue-collar,married,secondary,no,no,yes,cellular,8,jul,212,2,-1,0,unknown,0,positive,,
32,services,married,secondary,no,yes,no,cellular,8,jul,529,5,-1,0,unknown,0,positive,,
37,admin.,single,secondary,no,no,no,cellular,9,jul,259,3,-1,0,unknown,0,positive,,
48,admin.,married,secondary,no,yes,no,cellular,9,jul,205,1,-1,0,unknown,0,positive,,
35,services,married,secondary,no,no,yes,telephone,9,jul,42,1,-1,0,unknown,0,negative,,
53,management,married,tertiary,no,yes,no,cellular,9,jul,296,1,-1,0,unknown,0,negative,,
57,housemaid,married,primary,no,no,no,telephone,9,jul,138,3,-1,0,unknown,0,positive,,
36,admin.,single,secondary,no,no,no,cellular,9,jul,225,2,-1,0,unknown,0,positive,,
33,management,single,tertiary,no,no,yes,telephone,9,jul,25,1,-1,0,unknown,0,positive,,
45,blue-collar,married,secondary,no,yes,no,cellular,9,jul,285,1,-1,0,unknown,0,positive,,
47,blue-collar,married,secondary,no,yes,no,cellular,9,jul,113,1,-1,0,unknown,0,positive,,
48,technician,married,secondary,no,yes,yes,cellular,9,jul,112,1,-1,0,unknown,0,negative,,
46,self-employed,married,tertiary,no,no,no,cellular,9,jul,389,5,-1,0,unknown,0,positive,,
25,student,married,tertiary,no,yes,no,cellular,9,jul,160,1,-1,0,unknown,0,negative,,
35,management,married,tertiary,no,yes,no,cellular,9,jul,156,1,-1,0,unknown,0,positive,,
42,housemaid,married,secondary,no,yes,no,cellular,9,jul,121,1,-1,0,unknown,0,positive,,
31,admin.,single,secondary,no,no,no,cellular,9,jul,236,1,-1,0,unknown,0,positive,,
44,blue-collar,single,primary,no,yes,no,cellular,9,jul,668,1,-1,0,unknown,0,positive,,
35,self-employed,married,secondary,no,no,yes,cellular,9,jul,128,2,-1,0,unknown,0,positive,,
39,blue-collar,married,secondary,no,yes,yes,cellular,9,jul,175,1,-1,0,unknown,0,positive,,
39,blue-collar,married,primary,no,no,no,cellular,9,jul,108,1,-1,0,unknown,0,positive,,
42,blue-collar,married,secondary,no,yes,no,cellular,9,jul,124,2,-1,0,unknown,0,positive,,
37,self-employed,married,tertiary,no,yes,yes,cellular,9,jul,332,1,-1,0,unknown,0,positive,,
32,technician,married,secondary,no,yes,no,cellular,9,jul,224,1,-1,0,unknown,0,positive,,
44,admin.,married,secondary,no,yes,no,cellular,9,jul,74,1,-1,0,unknown,0,positive,,
39,blue-collar,married,primary,no,no,no,cellular,9,jul,176,1,-1,0,unknown,0,negative,,
34,services,married,secondary,no,yes,yes,cellular,9,jul,90,1,-1,0,unknown,0,positive,,
47,self-employed,married,secondary,no,no,yes,cellular,9,jul,432,1,-1,0,unknown,0,positive,,
58,unemployed,married,primary,no,no,no,unknown,9,jul,399,8,-1,0,unknown,0,positive,,
52,housemaid,married,primary,no,no,yes,cellular,9,jul,266,1,-1,0,unknown,0,negative,,
56,management,married,tertiary,no,no,yes,telephone,9,jul,246,3,-1,0,unknown,0,positive,,
35,housemaid,married,primary,no,no,yes,telephone,9,jul,17,1,-1,0,unknown,0,negative,,
51,services,divorced,secondary,no,no,no,cellular,9,jul,281,3,-1,0,unknown,0,positive,,
50,services,married,secondary,no,no,no,telephone,9,jul,56,1,-1,0,unknown,0,positive,,
42,management,married,tertiary,no,yes,no,cellular,9,jul,497,1,-1,0,unknown,0,positive,,
56,self-employed,married,secondary,no,no,yes,cellular,9,jul,170,1,-1,0,unknown,0,positive,,
36,admin.,divorced,primary,no,no,no,cellular,9,jul,185,1,-1,0,unknown,0,positive,,
42,housemaid,married,tertiary,no,yes,yes,cellular,9,jul,630,4,-1,0,unknown,0,negative,,
39,blue-collar,married,secondary,no,no,yes,telephone,10,jul,37,1,-1,0,unknown,0,positive,,
32,admin.,married,tertiary,no,yes,yes,cellular,10,jul,143,1,-1,0,unknown,0,positive,,
52,admin.,married,secondary,no,no,no,cellular,10,jul,168,1,-1,0,unknown,0,positive,,
44,management,married,tertiary,no,yes,no,cellular,10,jul,67,1,-1,0,unknown,0,positive,,
37,entrepreneur,married,secondary,no,yes,yes,cellular,10,jul,241,4,-1,0,unknown,0,positive,,
47,management,divorced,unknown,no,yes,no,cellular,10,jul,144,1,-1,0,unknown,0,positive,,
27,services,single,secondary,no,no,yes,cellular,10,jul,162,6,-1,0,unknown,0,negative,,
42,self-employed,married,secondary,no,no,no,cellular,10,jul,108,2,-1,0,unknown,0,positive,,
35,blue-collar,married,unknown,no,yes,no,cellular,10,jul,1019,1,-1,0,unknown,0,positive,,
33,services,single,secondary,no,no,yes,cellular,10,jul,119,5,-1,0,unknown,0,negative,,
53,technician,married,secondary,no,yes,no,cellular,10,jul,218,1,-1,0,unknown,0,positive,,
38,blue-collar,married,secondary,no,no,no,cellular,10,jul,624,1,-1,0,unknown,0,positive,,
50,management,married,tertiary,no,yes,no,cellular,10,jul,103,1,-1,0,unknown,0,positive,,
30,admin.,single,secondary,no,no,no,cellular,10,jul,473,1,-1,0,unknown,0,positive,,
41,blue-collar,married,primary,yes,no,yes,cellular,10,jul,439,1,-1,0,unknown,0,positive,,
35,blue-collar,divorced,primary,yes,yes,no,cellular,10,jul,187,1,-1,0,unknown,0,negative,,
28,services,married,secondary,no,no,yes,cellular,10,jul,418,4,-1,0,unknown,0,positive,,
35,management,single,tertiary,no,no,yes,cellular,10,jul,220,1,-1,0,unknown,0,positive,,
36,management,married,tertiary,no,yes,yes,cellular,10,jul,80,1,-1,0,unknown,0,positive,,
51,admin.,divorced,secondary,no,no,yes,cellular,10,jul,157,1,-1,0,unknown,0,positive,,
40,blue-collar,married,secondary,no,no,no,cellular,10,jul,277,1,-1,0,unknown,0,positive,,
35,admin.,single,secondary,no,yes,no,cellular,10,jul,301,1,-1,0,unknown,0,positive,,
56,admin.,married,secondary,no,yes,no,cellular,10,jul,288,1,-1,0,unknown,0,positive,,
39,services,married,secondary,no,yes,no,cellular,10,jul,466,1,-1,0,unknown,0,positive,,
29,self-employed,single,secondary,no,no,no,cellular,10,jul,313,1,-1,0,unknown,0,positive,,
60,management,married,tertiary,no,no,yes,cellular,10,jul,361,2,-1,0,unknown,0,positive,,
26,technician,single,tertiary,no,yes,no,cellular,10,jul,486,1,-1,0,unknown,0,positive,,
35,blue-collar,married,secondary,no,yes,no,telephone,10,jul,136,1,-1,0,unknown,0,positive,,
49,blue-collar,married,secondary,no,no,yes,telephone,10,jul,564,2,-1,0,unknown,0,negative,,
30,technician,married,tertiary,no,no,no,cellular,10,jul,363,2,-1,0,unknown,0,positive,,
41,blue-collar,married,primary,no,no,no,cellular,10,jul,326,5,-1,0,unknown,0,positive,,
37,management,single,tertiary,no,no,yes,cellular,10,jul,377,3,-1,0,unknown,0,positive,,
46,blue-collar,married,primary,no,yes,yes,telephone,10,jul,270,7,-1,0,unknown,0,positive,,
33,blue-collar,married,secondary,no,no,no,cellular,10,jul,182,1,-1,0,unknown,0,positive,,
32,management,single,tertiary,no,no,no,cellular,10,jul,55,6,-1,0,unknown,0,positive,,
27,entrepreneur,married,tertiary,no,no,no,cellular,10,jul,123,4,-1,0,unknown,0,negative,,
50,technician,married,secondary,no,no,no,cellular,10,jul,200,5,-1,0,unknown,0,positive,,
44,management,married,tertiary,no,yes,no,cellular,11,jul,122,2,-1,0,unknown,0,positive,,
40,admin.,married,secondary,no,yes,no,cellular,11,jul,159,1,-1,0,unknown,0,positive,,
28,blue-collar,single,secondary,no,yes,no,cellular,11,jul,166,1,-1,0,unknown,0,positive,,
36,technician,married,secondary,no,yes,no,cellular,11,jul,252,1,-1,0,unknown,0,negative,,
39,technician,married,secondary,no,yes,yes,cellular,11,jul,467,1,-1,0,unknown,0,positive,,
51,technician,divorced,secondary,no,yes,no,cellular,11,jul,451,1,-1,0,unknown,0,positive,,
31,blue-collar,single,secondary,no,no,no,cellular,11,jul,196,2,-1,0,unknown,0,negative,,
42,services,married,secondary,no,no,no,cellular,11,jul,148,2,-1,0,unknown,0,positive,,
47,management,married,tertiary,no,yes,no,cellular,11,jul,80,2,-1,0,unknown,0,positive,,
41,technician,married,secondary,no,yes,yes,cellular,11,jul,132,2,-1,0,unknown,0,negative,,
32,entrepreneur,married,secondary,no,yes,no,cellular,11,jul,223,2,-1,0,unknown,0,negative,,
31,services,single,secondary,no,yes,no,cellular,11,jul,60,2,-1,0,unknown,0,positive,,
34,blue-collar,married,secondary,yes,yes,yes,cellular,11,jul,131,2,-1,0,unknown,0,negative,,
50,entrepreneur,married,secondary,no,yes,no,cellular,11,jul,717,2,-1,0,unknown,0,negative,,
47,technician,married,secondary,no,yes,no,cellular,11,jul,289,2,-1,0,unknown,0,negative,,
41,technician,married,tertiary,no,yes,no,telephone,11,jul,117,2,-1,0,unknown,0,positive,,
55,retired,married,secondary,no,no,no,cellular,11,jul,593,2,-1,0,unknown,0,positive,,
58,admin.,married,secondary,no,yes,no,cellular,11,jul,116,2,-1,0,unknown,0,negative,,
30,blue-collar,married,primary,no,yes,no,cellular,11,jul,366,2,-1,0,unknown,0,positive,,
42,admin.,single,secondary,no,yes,no,cellular,11,jul,636,2,-1,0,unknown,0,positive,,
59,retired,married,unknown,no,yes,no,telephone,11,jul,330,2,-1,0,unknown,0,positive,,
37,management,divorced,secondary,no,yes,no,cellular,11,jul,71,2,-1,0,unknown,0,positive,,
33,housemaid,married,primary,no,yes,no,cellular,11,jul,260,2,-1,0,unknown,0,positive,,
40,blue-collar,married,secondary,no,yes,no,cellular,11,jul,595,2,-1,0,unknown,0,positive,,
49,technician,married,secondary,no,yes,no,cellular,11,jul,178,2,-1,0,unknown,0,negative,,
36,technician,married,unknown,no,no,no,cellular,11,jul,396,3,-1,0,unknown,0,positive,,
31,services,married,secondary,no,no,no,cellular,11,jul,773,3,-1,0,unknown,0,positive,,
36,blue-collar,married,secondary,no,yes,no,cellular,14,jul,135,2,-1,0,unknown,0,negative,,
33,technician,married,secondary,no,yes,yes,cellular,14,jul,122,2,-1,0,unknown,0,positive,,
45,admin.,married,secondary,no,yes,no,cellular,14,jul,175,2,-1,0,unknown,0,negative,,
59,technician,married,secondary,no,no,no,cellular,14,jul,607,2,-1,0,unknown,0,positive,,
55,services,divorced,secondary,no,no,no,cellular,14,jul,65,2,-1,0,unknown,0,positive,,
48,blue-collar,married,unknown,no,yes,no,telephone,14,jul,211,3,-1,0,unknown,0,positive,,
29,blue-collar,married,secondary,no,yes,yes,cellular,14,jul,611,2,-1,0,unknown,0,positive,,
56,retired,married,tertiary,no,no,yes,cellular,14,jul,329,5,-1,0,unknown,0,positive,,
51,housemaid,married,primary,no,yes,no,cellular,14,jul,333,2,-1,0,unknown,0,positive,,
30,self-employed,single,secondary,no,no,yes,cellular,14,jul,209,2,-1,0,unknown,0,positive,,
48,blue-collar,married,secondary,no,no,no,cellular,14,jul,549,3,-1,0,unknown,0,positive,,
33,technician,single,secondary,no,yes,no,cellular,14,jul,254,2,-1,0,unknown,0,positive,,
32,management,married,tertiary,no,no,yes,cellular,14,jul,460,3,-1,0,unknown,0,positive,,
35,technician,married,secondary,no,yes,no,cellular,14,jul,69,2,-1,0,unknown,0,positive,,
48,management,married,tertiary,no,yes,no,cellular,14,jul,125,5,-1,0,unknown,0,positive,,
35,blue-collar,single,primary,no,yes,no,cellular,14,jul,183,3,-1,0,unknown,0,negative,,
60,management,divorced,primary,no,no,yes,telephone,14,jul,113,3,-1,0,unknown,0,positive,,
32,admin.,married,secondary,no,no,no,telephone,14,jul,310,3,-1,0,unknown,0,negative,,
37,housemaid,married,primary,no,no,no,cellular,14,jul,76,2,-1,0,unknown,0,positive,,
32,technician,married,secondary,no,yes,no,cellular,14,jul,41,2,-1,0,unknown,0,positive,,
34,management,married,tertiary,no,yes,no,cellular,14,jul,64,3,-1,0,unknown,0,negative,,
49,services,married,primary,no,yes,no,cellular,14,jul,171,4,-1,0,unknown,0,positive,,
43,blue-collar,divorced,primary,no,yes,no,cellular,14,jul,124,3,-1,0,unknown,0,negative,,
29,technician,married,unknown,no,yes,no,cellular,14,jul,140,2,-1,0,unknown,0,positive,,
53,management,married,tertiary,no,yes,no,cellular,14,jul,85,3,-1,0,unknown,0,negative,,
35,blue-collar,married,secondary,no,yes,no,cellular,14,jul,334,3,-1,0,unknown,0,negative,,
31,technician,married,secondary,no,no,no,cellular,14,jul,229,3,-1,0,unknown,0,negative,,
43,services,married,secondary,no,no,no,cellular,14,jul,619,2,-1,0,unknown,0,positive,,
33,admin.,single,secondary,no,no,no,cellular,14,jul,425,3,-1,0,unknown,0,negative,,
39,housemaid,married,primary,no,yes,no,cellular,14,jul,377,3,-1,0,unknown,0,positive,,
53,management,divorced,tertiary,no,yes,no,cellular,14,jul,119,3,-1,0,unknown,0,negative,,
34,blue-collar,married,primary,no,no,yes,cellular,14,jul,326,11,-1,0,unknown,0,positive,,
35,technician,married,secondary,no,yes,no,telephone,14,jul,167,4,-1,0,unknown,0,negative,,
36,housemaid,married,primary,no,yes,no,cellular,14,jul,565,4,-1,0,unknown,0,positive,,
47,entrepreneur,married,tertiary,no,no,no,cellular,14,jul,364,4,-1,0,unknown,0,positive,,
39,services,married,secondary,no,yes,no,cellular,15,jul,92,3,-1,0,unknown,0,positive,,
52,blue-collar,single,primary,no,no,no,cellular,15,jul,131,2,-1,0,unknown,0,negative,,
34,housemaid,married,secondary,no,yes,no,cellular,15,jul,659,3,-1,0,unknown,0,positive,,
41,technician,married,secondary,no,yes,no,cellular,15,jul,315,2,-1,0,unknown,0,positive,,
32,management,single,tertiary,no,yes,no,cellular,15,jul,256,5,-1,0,unknown,0,positive,,
60,management,divorced,tertiary,yes,no,yes,telephone,15,jul,207,3,-1,0,unknown,0,positive,,
34,blue-collar,married,secondary,no,yes,no,cellular,15,jul,646,4,-1,0,unknown,0,positive,,
54,retired,divorced,secondary,no,no,yes,cellular,15,jul,364,10,-1,0,unknown,0,negative,,
29,blue-collar,married,secondary,no,yes,no,cellular,15,jul,126,3,-1,0,unknown,0,positive,,
36,management,single,tertiary,no,yes,yes,cellular,15,jul,503,6,-1,0,unknown,0,positive,,
58,technician,married,secondary,no,yes,no,cellular,15,jul,53,1,-1,0,unknown,0,negative,,
52,self-employed,single,primary,no,no,yes,cellular,15,jul,193,6,-1,0,unknown,0,positive,,
37,unemployed,single,secondary,no,yes,no,cellular,15,jul,348,1,-1,0,unknown,0,positive,,
33,student,single,tertiary,no,no,no,cellular,15,jul,94,4,-1,0,unknown,0,positive,,
35,management,married,tertiary,no,yes,no,cellular,15,jul,555,2,-1,0,unknown,0,positive,,
31,unemployed,married,secondary,no,yes,no,cellular,15,jul,211,6,-1,0,unknown,0,positive,,
40,management,married,tertiary,no,no,yes,cellular,15,jul,408,4,-1,0,unknown,0,negative,,
48,admin.,married,secondary,no,yes,no,telephone,15,jul,159,2,-1,0,unknown,0,positive,,
35,admin.,married,secondary,no,yes,yes,cellular,15,jul,323,3,-1,0,unknown,0,positive,,
40,services,married,secondary,no,no,no,cellular,15,jul,166,4,-1,0,unknown,0,positive,,
33,technician,single,secondary,no,yes,no,cellular,15,jul,159,6,-1,0,unknown,0,negative,,
39,management,married,tertiary,no,no,no,telephone,16,jul,41,6,-1,0,unknown,0,negative,,
44,admin.,married,secondary,no,yes,no,telephone,16,jul,208,8,-1,0,unknown,0,positive,,
45,management,married,tertiary,no,yes,no,cellular,16,jul,41,4,-1,0,unknown,0,positive,,
30,technician,married,unknown,no,yes,no,cellular,16,jul,510,3,-1,0,unknown,0,negative,,
33,unemployed,married,secondary,no,yes,no,cellular,16,jul,132,1,-1,0,unknown,0,positive,,
28,services,single,secondary,no,no,yes,cellular,16,jul,133,1,-1,0,unknown,0,negative,,
47,technician,single,secondary,no,no,yes,cellular,16,jul,525,2,-1,0,unknown,0,positive,,
41,management,married,tertiary,no,no,yes,cellular,16,jul,211,2,-1,0,unknown,0,negative,,
27,services,married,secondary,no,no,no,cellular,16,jul,57,2,-1,0,unknown,0,positive,,
60,admin.,married,primary,no,no,yes,cellular,16,jul,227,1,-1,0,unknown,0,negative,,
31,technician,single,tertiary,no,yes,no,cellular,16,jul,122,1,-1,0,unknown,0,positive,,
56,management,married,tertiary,no,yes,no,cellular,16,jul,156,2,-1,0,unknown,0,positive,,
32,management,divorced,tertiary,no,yes,no,cellular,16,jul,111,1,-1,0,unknown,0,positive,,
58,blue-collar,married,primary,no,no,no,telephone,16,jul,558,6,-1,0,unknown,0,negative,,
47,blue-collar,divorced,secondary,no,no,yes,cellular,16,jul,81,6,-1,0,unknown,0,positive,,
57,admin.,divorced,secondary,no,yes,no,cellular,16,jul,547,2,-1,0,unknown,0,positive,,
33,housemaid,single,primary,no,yes,no,cellular,16,jul,332,3,-1,0,unknown,0,positive,,
38,blue-collar,married,secondary,no,yes,yes,cellular,16,jul,111,4,-1,0,unknown,0,positive,,
39,management,married,tertiary,yes,yes,yes,cellular,16,jul,89,2,-1,0,unknown,0,negative,,
59,admin.,married,primary,no,yes,no,telephone,16,jul,73,6,-1,0,unknown,0,positive,,
36,blue-collar,divorced,secondary,no,yes,no,cellular,16,jul,345,10,-1,0,unknown,0,positive,,
34,blue-collar,married,primary,no,yes,no,cellular,16,jul,1389,7,-1,0,unknown,0,positive,,
31,services,married,secondary,yes,no,yes,cellular,16,jul,168,2,-1,0,unknown,0,negative,,
40,blue-collar,married,primary,no,no,yes,telephone,16,jul,201,5,-1,0,unknown,0,positive,,
48,entrepreneur,married,secondary,no,no,no,cellular,16,jul,191,1,-1,0,unknown,0,positive,,
42,technician,married,secondary,no,no,no,cellular,16,jul,319,5,-1,0,unknown,0,positive,,
58,retired,married,primary,no,no,yes,cellular,16,jul,204,2,-1,0,unknown,0,positive,,
32,admin.,married,secondary,no,yes,no,cellular,16,jul,524,4,-1,0,unknown,0,negative,,
27,management,married,tertiary,no,no,yes,cellular,17,jul,159,3,-1,0,unknown,0,positive,,
31,technician,single,tertiary,no,yes,no,cellular,17,jul,90,1,-1,0,unknown,0,negative,,
26,entrepreneur,married,secondary,no,yes,no,cellular,17,jul,126,1,-1,0,unknown,0,negative,,
40,services,married,secondary,no,no,no,telephone,17,jul,84,1,-1,0,unknown,0,positive,,
27,housemaid,married,secondary,no,no,yes,cellular,17,jul,72,1,-1,0,unknown,0,negative,,
52,admin.,divorced,secondary,no,no,no,cellular,17,jul,115,1,-1,0,unknown,0,positive,,
46,management,divorced,tertiary,no,no,no,cellular,17,jul,201,1,-1,0,unknown,0,negative,,
39,management,married,primary,no,no,yes,cellular,17,jul,262,1,-1,0,unknown,0,positive,,
27,management,married,tertiary,no,yes,no,cellular,17,jul,818,1,-1,0,unknown,0,positive,,
48,technician,married,tertiary,no,yes,no,cellular,17,jul,89,1,-1,0,unknown,0,positive,,
47,blue-collar,married,primary,no,no,yes,cellular,17,jul,509,1,-1,0,unknown,0,positive,,
30,management,married,tertiary,no,no,no,cellular,17,jul,692,1,-1,0,unknown,0,positive,,
42,technician,married,secondary,no,yes,no,cellular,17,jul,536,2,-1,0,unknown,0,positive,,
43,admin.,divorced,secondary,no,yes,no,cellular,17,jul,282,1,-1,0,unknown,0,positive,,
37,management,married,tertiary,no,no,yes,cellular,17,jul,105,1,-1,0,unknown,0,positive,,
30,services,divorced,secondary,no,no,no,cellular,17,jul,49,1,-1,0,unknown,0,positive,,
39,blue-collar,married,secondary,no,no,no,cellular,17,jul,260,1,-1,0,unknown,0,negative,,
34,management,married,tertiary,no,yes,no,cellular,17,jul,654,1,-1,0,unknown,0,positive,,
34,admin.,married,tertiary,no,yes,no,cellular,17,jul,54,3,-1,0,unknown,0,positive,,
33,management,married,secondary,no,yes,no,cellular,17,jul,62,1,-1,0,unknown,0,positive,,
31,blue-collar,married,unknown,no,yes,no,cellular,17,jul,231,2,-1,0,unknown,0,negative,,
32,management,married,tertiary,no,yes,no,cellular,17,jul,738,3,-1,0,unknown,0,positive,,
54,blue-collar,married,primary,no,no,no,telephone,17,jul,304,4,-1,0,unknown,0,positive,,
36,management,divorced,tertiary,no,yes,no,cellular,17,jul,182,2,-1,0,unknown,0,positive,,
42,self-employed,divorced,secondary,no,yes,no,cellular,17,jul,277,3,-1,0,unknown,0,positive,,
40,self-employed,married,tertiary,no,yes,no,cellular,17,jul,1018,1,-1,0,unknown,0,positive,,
47,technician,married,secondary,no,yes,no,cellular,17,jul,154,1,-1,0,unknown,0,positive,,
37,management,married,tertiary,yes,no,no,cellular,17,jul,91,2,-1,0,unknown,0,negative,,
34,services,married,secondary,no,yes,no,cellular,17,jul,75,3,-1,0,unknown,0,negative,,
47,admin.,married,secondary,no,no,yes,cellular,17,jul,125,1,-1,0,unknown,0,positive,,
54,blue-collar,single,secondary,no,yes,no,cellular,18,jul,172,2,-1,0,unknown,0,positive,,
45,services,married,secondary,yes,no,no,cellular,18,jul,95,8,-1,0,unknown,0,positive,,
43,management,single,secondary,yes,yes,yes,cellular,18,jul,76,4,-1,0,unknown,0,negative,,
31,admin.,single,tertiary,no,no,yes,cellular,18,jul,85,2,-1,0,unknown,0,positive,,
46,self-employed,single,secondary,no,no,yes,cellular,18,jul,103,2,-1,0,unknown,0,positive,,
31,student,single,tertiary,no,yes,no,telephone,18,jul,41,1,-1,0,unknown,0,positive,,
36,management,married,tertiary,no,yes,no,cellular,18,jul,178,1,-1,0,unknown,0,positive,,
40,services,divorced,secondary,no,no,yes,cellular,18,jul,191,1,-1,0,unknown,0,positive,,
33,technician,single,tertiary,no,no,no,cellular,18,jul,287,1,-1,0,unknown,0,positive,,
27,admin.,married,secondary,no,yes,no,cellular,18,jul,362,2,-1,0,unknown,0,positive,,
54,management,divorced,tertiary,no,no,yes,cellular,18,jul,259,3,-1,0,unknown,0,positive,,
33,blue-collar,single,secondary,no,yes,no,cellular,18,jul,187,1,-1,0,unknown,0,positive,,
53,technician,single,secondary,no,no,yes,telephone,18,jul,744,4,-1,0,unknown,0,positive,,
32,blue-collar,single,secondary,no,no,yes,cellular,18,jul,144,1,-1,0,unknown,0,positive,,
26,blue-collar,married,primary,no,yes,no,cellular,18,jul,169,2,-1,0,unknown,0,positive,,
35,services,married,secondary,no,yes,no,telephone,18,jul,183,9,-1,0,unknown,0,negative,,
34,entrepreneur,married,primary,no,yes,no,cellular,18,jul,1503,11,-1,0,unknown,0,positive,,
41,management,married,tertiary,no,no,yes,cellular,18,jul,168,7,-1,0,unknown,0,positive,,
29,self-employed,married,tertiary,no,yes,no,cellular,18,jul,73,4,-1,0,unknown,0,positive,,
50,services,married,secondary,no,no,yes,telephone,18,jul,55,9,-1,0,unknown,0,positive,,
34,entrepreneur,married,tertiary,no,yes,yes,cellular,18,jul,127,10,-1,0,unknown,0,positive,,
37,blue-collar,single,secondary,no,yes,no,cellular,18,jul,118,3,-1,0,unknown,0,positive,,
26,blue-collar,single,secondary,no,no,no,cellular,18,jul,225,2,-1,0,unknown,0,positive,,
32,management,married,secondary,no,yes,yes,cellular,18,jul,247,5,-1,0,unknown,0,positive,,
27,blue-collar,single,secondary,no,yes,no,cellular,18,jul,320,2,-1,0,unknown,0,positive,,
33,management,married,tertiary,no,yes,yes,cellular,18,jul,207,9,-1,0,unknown,0,positive,,
33,blue-collar,married,secondary,no,no,yes,cellular,18,jul,453,3,-1,0,unknown,0,negative,,
52,management,married,tertiary,no,no,no,cellular,18,jul,127,2,-1,0,unknown,0,positive,,
36,admin.,married,tertiary,no,yes,no,cellular,18,jul,837,8,-1,0,unknown,0,negative,,
60,retired,divorced,secondary,no,yes,no,telephone,21,jul,241,3,-1,0,unknown,0,positive,,
30,management,single,tertiary,no,yes,no,cellular,21,jul,200,2,-1,0,unknown,0,positive,,
59,retired,married,secondary,no,yes,no,cellular,21,jul,272,2,-1,0,unknown,0,positive,,
27,management,single,secondary,no,yes,no,cellular,21,jul,54,3,-1,0,unknown,0,negative,,
40,self-employed,married,secondary,no,no,no,cellular,21,jul,78,16,-1,0,unknown,0,positive,,
26,blue-collar,single,secondary,no,no,no,cellular,21,jul,489,3,-1,0,unknown,0,positive,,
58,blue-collar,married,unknown,no,no,yes,cellular,21,jul,78,2,-1,0,unknown,0,positive,,
26,services,single,secondary,no,no,yes,cellular,21,jul,140,4,-1,0,unknown,0,positive,,
32,management,married,tertiary,no,yes,no,cellular,21,jul,176,4,-1,0,unknown,0,negative,,
35,admin.,married,secondary,no,yes,no,cellular,21,jul,195,1,-1,0,unknown,0,positive,,
54,unemployed,single,tertiary,no,yes,no,cellular,21,jul,101,1,-1,0,unknown,0,positive,,
38,management,married,tertiary,no,yes,yes,cellular,21,jul,361,1,-1,0,unknown,0,positive,,
53,technician,married,primary,no,no,no,cellular,21,jul,96,1,-1,0,unknown,0,negative,,
46,admin.,divorced,secondary,no,no,yes,cellular,21,jul,76,3,-1,0,unknown,0,positive,,
29,services,single,secondary,no,yes,no,cellular,21,jul,554,2,-1,0,unknown,0,positive,,
32,services,single,primary,no,no,yes,cellular,21,jul,126,4,-1,0,unknown,0,positive,,
42,blue-collar,married,secondary,no,no,no,cellular,21,jul,455,4,-1,0,unknown,0,positive,,
29,blue-collar,married,primary,no,yes,yes,telephone,21,jul,53,1,-1,0,unknown,0,positive,,
30,blue-collar,married,secondary,no,yes,yes,cellular,21,jul,212,1,-1,0,unknown,0,positive,,
56,blue-collar,married,primary,no,yes,no,cellular,21,jul,853,1,-1,0,unknown,0,positive,,
32,admin.,married,secondary,no,yes,no,cellular,21,jul,229,1,-1,0,unknown,0,negative,,
31,services,married,secondary,no,yes,yes,cellular,21,jul,270,4,-1,0,unknown,0,negative,,
49,admin.,single,secondary,no,yes,no,cellular,21,jul,31,1,-1,0,unknown,0,negative,,
49,management,married,tertiary,yes,no,yes,cellular,21,jul,206,1,-1,0,unknown,0,negative,,
58,technician,married,secondary,no,yes,yes,telephone,21,jul,61,1,-1,0,unknown,0,positive,,
32,blue-collar,divorced,secondary,no,yes,yes,cellular,21,jul,808,5,-1,0,unknown,0,negative,,
56,management,married,tertiary,no,no,yes,cellular,21,jul,121,2,-1,0,unknown,0,positive,,
43,admin.,married,secondary,no,yes,yes,cellular,21,jul,56,1,-1,0,unknown,0,positive,,
57,services,married,secondary,no,no,no,cellular,21,jul,84,1,-1,0,unknown,0,positive,,
31,admin.,divorced,secondary,no,yes,no,cellular,21,jul,588,1,-1,0,unknown,0,positive,,
59,management,married,tertiary,no,yes,no,cellular,21,jul,250,1,-1,0,unknown,0,positive,,
57,management,married,primary,no,yes,yes,telephone,21,jul,107,3,-1,0,unknown,0,positive,,
49,technician,married,tertiary,no,no,yes,cellular,21,jul,298,1,-1,0,unknown,0,negative,,
44,housemaid,married,primary,no,yes,no,cellular,21,jul,319,1,-1,0,unknown,0,positive,,
42,management,divorced,tertiary,no,yes,no,cellular,21,jul,509,1,-1,0,unknown,0,positive,,
29,services,married,secondary,no,yes,no,telephone,21,jul,342,9,-1,0,unknown,0,positive,,
40,technician,single,secondary,yes,no,yes,cellular,21,jul,181,2,-1,0,unknown,0,positive,,
56,management,married,primary,no,no,no,cellular,21,jul,251,2,-1,0,unknown,0,positive,,
59,housemaid,married,primary,no,no,no,telephone,21,jul,132,10,-1,0,unknown,0,positive,,
38,admin.,divorced,secondary,yes,no,yes,cellular,21,jul,126,3,-1,0,unknown,0,negative,,
49,technician,divorced,secondary,no,no,yes,cellular,21,jul,482,2,-1,0,unknown,0,negative,,
34,management,married,secondary,no,yes,no,cellular,21,jul,240,2,-1,0,unknown,0,positive,,
36,blue-collar,married,secondary,no,yes,yes,cellular,21,jul,167,2,-1,0,unknown,0,positive,,
57,blue-collar,married,secondary,no,yes,yes,cellular,21,jul,322,3,-1,0,unknown,0,negative,,
30,blue-collar,married,primary,no,yes,yes,telephone,22,jul,80,2,-1,0,unknown,0,positive,,
34,services,married,secondary,no,no,yes,cellular,22,jul,152,2,-1,0,unknown,0,positive,,
36,admin.,married,secondary,no,no,yes,cellular,22,jul,204,3,-1,0,unknown,0,positive,,
40,technician,divorced,tertiary,no,yes,no,cellular,22,jul,637,2,-1,0,unknown,0,positive,,
60,housemaid,divorced,primary,no,no,no,cellular,22,jul,127,4,-1,0,unknown,0,positive,,
60,retired,single,secondary,no,no,yes,cellular,22,jul,69,6,-1,0,unknown,0,negative,,
30,admin.,married,secondary,no,yes,yes,cellular,22,jul,163,1,-1,0,unknown,0,positive,,
32,management,married,tertiary,no,yes,no,cellular,22,jul,72,1,-1,0,unknown,0,positive,,
40,entrepreneur,married,tertiary,no,yes,no,cellular,22,jul,80,1,-1,0,unknown,0,positive,,
26,services,single,secondary,no,yes,no,cellular,22,jul,161,1,-1,0,unknown,0,positive,,
31,management,married,tertiary,no,no,no,cellular,22,jul,47,1,-1,0,unknown,0,positive,,
36,management,married,tertiary,no,yes,no,cellular,22,jul,485,1,-1,0,unknown,0,positive,,
31,blue-collar,married,secondary,no,yes,yes,cellular,22,jul,271,1,-1,0,unknown,0,positive,,
48,housemaid,married,primary,no,yes,no,cellular,22,jul,188,5,-1,0,unknown,0,positive,,
33,technician,married,tertiary,no,yes,no,cellular,22,jul,65,1,-1,0,unknown,0,negative,,
54,housemaid,married,primary,no,yes,no,cellular,22,jul,106,2,-1,0,unknown,0,positive,,
57,blue-collar,married,secondary,no,no,yes,cellular,22,jul,127,2,-1,0,unknown,0,negative,,
26,blue-collar,married,primary,no,yes,no,cellular,22,jul,1288,2,-1,0,unknown,0,positive,,
25,admin.,single,secondary,no,yes,no,cellular,22,jul,129,1,-1,0,unknown,0,positive,,
33,blue-collar,married,secondary,no,yes,yes,cellular,22,jul,81,1,-1,0,unknown,0,positive,,
28,blue-collar,married,primary,no,yes,no,cellular,22,jul,443,1,-1,0,unknown,0,positive,,
35,blue-collar,married,secondary,no,no,yes,cellular,22,jul,675,2,-1,0,unknown,0,positive,,
57,technician,married,secondary,no,no,yes,telephone,22,jul,563,1,-1,0,unknown,0,positive,,
52,entrepreneur,divorced,secondary,no,no,yes,telephone,22,jul,275,4,-1,0,unknown,0,positive,,
26,student,single,secondary,no,no,no,cellular,22,jul,128,1,-1,0,unknown,0,positive,,
36,admin.,single,secondary,no,no,yes,cellular,22,jul,312,3,-1,0,unknown,0,negative,,
44,unknown,married,unknown,no,yes,no,telephone,22,jul,269,2,-1,0,unknown,0,positive,,
44,services,married,primary,no,no,yes,telephone,22,jul,249,21,-1,0,unknown,0,positive,,
59,housemaid,married,primary,no,yes,no,cellular,22,jul,186,2,-1,0,unknown,0,negative,,
28,technician,single,tertiary,no,no,yes,cellular,22,jul,470,2,-1,0,unknown,0,positive,,
60,blue-collar,married,secondary,no,no,yes,cellular,22,jul,282,2,-1,0,unknown,0,negative,,
34,blue-collar,single,secondary,no,no,no,cellular,22,jul,78,10,-1,0,unknown,0,negative,,
34,management,single,tertiary,no,no,no,cellular,22,jul,203,4,-1,0,unknown,0,positive,,
31,blue-collar,married,secondary,no,yes,no,cellular,22,jul,437,2,-1,0,unknown,0,positive,,
42,blue-collar,married,secondary,no,yes,no,cellular,22,jul,188,3,-1,0,unknown,0,positive,,
27,blue-collar,single,secondary,no,no,no,cellular,22,jul,203,1,-1,0,unknown,0,positive,,
33,housemaid,married,secondary,no,yes,yes,cellular,23,jul,85,13,-1,0,unknown,0,negative,,
25,technician,single,secondary,no,yes,no,cellular,23,jul,487,5,-1,0,unknown,0,negative,,
56,technician,married,secondary,no,no,yes,cellular,23,jul,442,2,-1,0,unknown,0,positive,,
39,housemaid,married,secondary,no,yes,yes,cellular,23,jul,133,3,-1,0,unknown,0,positive,,
29,technician,single,secondary,no,yes,yes,cellular,23,jul,89,6,-1,0,unknown,0,negative,,
40,services,divorced,secondary,no,no,yes,cellular,23,jul,186,1,-1,0,unknown,0,negative,,
41,admin.,single,tertiary,no,no,no,cellular,23,jul,105,1,-1,0,unknown,0,positive,,
40,retired,married,primary,no,yes,no,cellular,23,jul,177,2,-1,0,unknown,0,positive,,
39,self-employed,married,secondary,no,no,yes,cellular,23,jul,438,1,-1,0,unknown,0,positive,,
38,management,married,tertiary,no,no,yes,cellular,23,jul,237,1,-1,0,unknown,0,positive,,
26,management,single,tertiary,no,yes,no,cellular,23,jul,106,1,-1,0,unknown,0,positive,,
47,blue-collar,married,secondary,no,yes,no,cellular,23,jul,105,1,-1,0,unknown,0,positive,,
53,retired,divorced,secondary,no,no,no,cellular,23,jul,336,1,-1,0,unknown,0,positive,,
47,technician,married,tertiary,no,yes,no,telephone,23,jul,18,9,-1,0,unknown,0,positive,,
56,blue-collar,married,primary,no,yes,no,cellular,23,jul,156,2,-1,0,unknown,0,positive,,
46,entrepreneur,divorced,tertiary,no,no,yes,cellular,23,jul,182,1,-1,0,unknown,0,positive,,
35,management,single,secondary,no,no,no,cellular,23,jul,375,8,-1,0,unknown,0,positive,,
60,retired,married,primary,no,no,yes,cellular,23,jul,423,1,-1,0,unknown,0,positive,,
31,admin.,single,secondary,no,no,yes,cellular,23,jul,368,1,-1,0,unknown,0,positive,,
30,blue-collar,single,secondary,no,yes,yes,cellular,23,jul,123,2,-1,0,unknown,0,positive,,
28,student,single,tertiary,no,no,no,cellular,23,jul,172,1,-1,0,unknown,0,positive,,
29,services,married,secondary,no,yes,no,cellular,23,jul,74,3,-1,0,unknown,0,positive,,
38,technician,divorced,secondary,no,no,yes,cellular,23,jul,73,1,-1,0,unknown,0,positive,,
40,management,married,tertiary,no,yes,no,cellular,23,jul,97,5,-1,0,unknown,0,positive,,
41,management,single,tertiary,no,no,no,cellular,23,jul,179,2,-1,0,unknown,0,positive,,
53,management,married,tertiary,no,yes,no,telephone,23,jul,90,1,-1,0,unknown,0,positive,,
40,services,married,secondary,no,yes,no,cellular,23,jul,134,1,-1,0,unknown,0,positive,,
48,blue-collar,married,primary,no,no,yes,telephone,23,jul,85,6,-1,0,unknown,0,positive,,
43,housemaid,married,secondary,no,no,yes,cellular,23,jul,323,3,-1,0,unknown,0,positive,,
50,technician,married,secondary,no,yes,no,cellular,23,jul,119,2,-1,0,unknown,0,positive,,
46,technician,married,secondary,no,no,yes,cellular,23,jul,158,2,-1,0,unknown,0,positive,,
43,admin.,married,secondary,no,no,no,cellular,23,jul,129,2,-1,0,unknown,0,positive,,
48,management,married,secondary,no,yes,no,telephone,23,jul,90,2,-1,0,unknown,0,negative,,
28,self-employed,married,tertiary,no,yes,no,cellular,23,jul,339,4,-1,0,unknown,0,negative,,
31,admin.,single,secondary,no,no,no,cellular,23,jul,421,2,-1,0,unknown,0,positive,,
48,management,married,tertiary,no,yes,no,telephone,23,jul,350,2,-1,0,unknown,0,positive,,
59,retired,married,secondary,no,yes,yes,cellular,23,jul,437,2,-1,0,unknown,0,positive,,
54,management,divorced,secondary,no,no,yes,cellular,23,jul,147,4,-1,0,unknown,0,positive,,
60,technician,married,secondary,no,no,no,telephone,23,jul,248,2,-1,0,unknown,0,positive,,
37,admin.,married,secondary,no,yes,no,cellular,23,jul,328,2,-1,0,unknown,0,positive,,
51,technician,married,secondary,no,no,yes,cellular,23,jul,68,3,-1,0,unknown,0,negative,,
37,entrepreneur,married,unknown,no,no,yes,cellular,23,jul,609,2,-1,0,unknown,0,positive,,
26,management,single,tertiary,no,yes,no,cellular,23,jul,252,6,-1,0,unknown,0,positive,,
31,technician,single,secondary,no,yes,no,cellular,23,jul,158,4,-1,0,unknown,0,positive,,
41,blue-collar,married,primary,no,no,no,cellular,23,jul,74,5,-1,0,unknown,0,positive,,
26,blue-collar,single,secondary,no,no,no,cellular,23,jul,41,2,-1,0,unknown,0,positive,,
49,blue-collar,married,primary,no,no,no,telephone,23,jul,161,2,-1,0,unknown,0,negative,,
39,admin.,divorced,tertiary,no,no,yes,cellular,23,jul,85,2,-1,0,unknown,0,positive,,
49,blue-collar,married,primary,no,yes,yes,telephone,23,jul,97,6,-1,0,unknown,0,negative,,
31,management,single,tertiary,no,yes,no,cellular,24,jul,241,3,-1,0,unknown,0,positive,,
38,admin.,married,secondary,no,yes,no,cellular,24,jul,13,2,-1,0,unknown,0,positive,,
42,housemaid,single,primary,no,no,yes,cellular,24,jul,148,1,-1,0,unknown,0,positive,,
47,technician,married,secondary,no,yes,no,cellular,24,jul,208,1,-1,0,unknown,0,positive,,
51,retired,divorced,primary,no,no,no,cellular,24,jul,212,2,-1,0,unknown,0,positive,,
40,management,married,tertiary,no,yes,no,cellular,24,jul,55,2,-1,0,unknown,0,positive,,
51,services,married,secondary,no,no,yes,cellular,24,jul,192,1,-1,0,unknown,0,positive,,
49,entrepreneur,divorced,secondary,no,no,yes,cellular,24,jul,346,1,-1,0,unknown,0,positive,,
38,technician,married,tertiary,no,yes,yes,cellular,24,jul,63,1,-1,0,unknown,0,negative,,
33,management,married,tertiary,no,yes,yes,cellular,24,jul,604,1,-1,0,unknown,0,positive,,
45,entrepreneur,divorced,tertiary,no,yes,no,cellular,24,jul,144,1,-1,0,unknown,0,positive,,
30,unemployed,single,secondary,no,no,yes,cellular,24,jul,169,1,-1,0,unknown,0,positive,,
48,services,married,secondary,no,no,no,telephone,24,jul,154,1,-1,0,unknown,0,negative,,
34,management,married,tertiary,no,yes,no,telephone,24,jul,60,1,-1,0,unknown,0,negative,,
34,management,married,tertiary,no,yes,no,cellular,24,jul,363,2,-1,0,unknown,0,positive,,
52,blue-collar,married,primary,no,no,yes,cellular,24,jul,164,2,-1,0,unknown,0,positive,,
49,services,married,secondary,no,yes,yes,cellular,24,jul,92,2,-1,0,unknown,0,positive,,
48,blue-collar,divorced,secondary,no,yes,yes,cellular,24,jul,23,1,-1,0,unknown,0,positive,,
39,blue-collar,married,unknown,no,no,no,cellular,24,jul,90,3,-1,0,unknown,0,negative,,
51,management,married,primary,no,yes,no,cellular,24,jul,624,2,-1,0,unknown,0,positive,,
43,entrepreneur,married,secondary,no,no,no,telephone,24,jul,122,12,-1,0,unknown,0,negative,,
47,blue-collar,married,unknown,no,no,no,cellular,24,jul,172,3,-1,0,unknown,0,positive,,
49,technician,divorced,secondary,no,yes,yes,cellular,24,jul,147,3,-1,0,unknown,0,negative,,
31,technician,married,tertiary,no,yes,no,cellular,24,jul,141,11,-1,0,unknown,0,positive,,
48,blue-collar,married,primary,no,no,no,cellular,24,jul,464,1,-1,0,unknown,0,positive,,
41,management,married,secondary,no,yes,no,cellular,24,jul,273,6,-1,0,unknown,0,positive,,
61,retired,divorced,secondary,no,no,no,cellular,24,jul,286,5,-1,0,unknown,0,positive,,
34,technician,single,secondary,no,yes,no,cellular,24,jul,947,6,-1,0,unknown,0,positive,,
54,admin.,married,secondary,no,yes,no,cellular,24,jul,448,1,-1,0,unknown,0,positive,,
46,management,married,tertiary,no,yes,yes,telephone,24,jul,258,2,-1,0,unknown,0,negative,,
41,admin.,single,secondary,no,yes,no,telephone,24,jul,153,2,-1,0,unknown,0,positive,,
49,management,single,tertiary,no,no,yes,cellular,24,jul,263,2,-1,0,unknown,0,positive,,
32,management,single,tertiary,yes,no,yes,cellular,24,jul,577,3,-1,0,unknown,0,positive,,
59,blue-collar,married,secondary,no,no,no,telephone,24,jul,393,3,-1,0,unknown,0,negative,,
45,admin.,married,secondary,no,no,yes,cellular,24,jul,180,19,-1,0,unknown,0,positive,,
42,technician,single,tertiary,no,yes,no,cellular,24,jul,212,3,-1,0,unknown,0,negative,,
55,blue-collar,married,unknown,no,yes,no,cellular,25,jul,130,2,-1,0,unknown,0,positive,,
42,management,divorced,tertiary,no,no,no,cellular,25,jul,64,2,-1,0,unknown,0,positive,,
27,blue-collar,single,secondary,no,no,yes,cellular,25,jul,203,2,-1,0,unknown,0,positive,,
38,entrepreneur,married,primary,no,yes,no,cellular,25,jul,65,4,-1,0,unknown,0,positive,,
32,services,married,secondary,yes,yes,yes,cellular,25,jul,123,2,-1,0,unknown,0,negative,,
27,blue-collar,single,secondary,no,no,yes,cellular,25,jul,359,1,-1,0,unknown,0,positive,,
27,services,single,primary,no,yes,yes,cellular,25,jul,361,1,-1,0,unknown,0,positive,,
57,entrepreneur,married,secondary,yes,no,yes,cellular,25,jul,337,1,-1,0,unknown,0,negative,,
38,housemaid,married,primary,yes,no,no,cellular,25,jul,267,1,-1,0,unknown,0,negative,,
27,technician,single,secondary,no,no,yes,cellular,25,jul,282,2,-1,0,unknown,0,positive,,
31,blue-collar,married,secondary,no,yes,no,cellular,25,jul,112,2,-1,0,unknown,0,negative,,
30,blue-collar,single,primary,no,yes,yes,cellular,25,jul,134,1,-1,0,unknown,0,positive,,
29,self-employed,single,tertiary,no,no,yes,cellular,25,jul,324,1,-1,0,unknown,0,positive,,
30,admin.,married,secondary,no,no,yes,cellular,25,jul,61,2,-1,0,unknown,0,positive,,
45,management,married,tertiary,no,yes,no,cellular,25,jul,227,1,-1,0,unknown,0,positive,,
33,management,married,primary,no,no,yes,cellular,25,jul,113,3,-1,0,unknown,0,positive,,
35,blue-collar,married,primary,no,yes,no,cellular,25,jul,168,2,-1,0,unknown,0,positive,,
40,management,divorced,tertiary,no,no,no,cellular,25,jul,357,1,-1,0,unknown,0,positive,,
30,technician,divorced,tertiary,no,yes,no,cellular,25,jul,67,5,-1,0,unknown,0,positive,,
34,technician,single,secondary,no,no,yes,cellular,25,jul,239,5,-1,0,unknown,0,positive,,
48,management,married,tertiary,no,no,no,cellular,25,jul,51,4,-1,0,unknown,0,positive,,
34,management,married,tertiary,no,yes,no,cellular,25,jul,53,5,-1,0,unknown,0,positive,,
29,services,single,secondary,no,no,no,cellular,25,jul,98,1,-1,0,unknown,0,negative,,
54,technician,married,secondary,no,yes,no,telephone,25,jul,657,2,-1,0,unknown,0,positive,,
27,services,single,secondary,no,no,yes,cellular,25,jul,261,3,-1,0,unknown,0,negative,,
34,technician,married,secondary,no,yes,no,cellular,25,jul,141,3,-1,0,unknown,0,negative,,
35,admin.,married,secondary,no,no,yes,cellular,25,jul,322,1,-1,0,unknown,0,positive,,
42,services,divorced,secondary,no,no,no,cellular,25,jul,360,13,-1,0,unknown,0,positive,,
31,housemaid,single,secondary,no,yes,no,cellular,25,jul,293,4,-1,0,unknown,0,negative,,
28,management,single,secondary,no,yes,no,cellular,25,jul,194,2,-1,0,unknown,0,positive,,
25,blue-collar,married,secondary,no,yes,no,cellular,25,jul,936,1,-1,0,unknown,0,negative,,
49,admin.,divorced,secondary,no,yes,no,cellular,25,jul,85,3,-1,0,unknown,0,positive,,
28,services,married,secondary,no,no,no,cellular,25,jul,50,3,-1,0,unknown,0,positive,,
36,admin.,married,secondary,no,yes,no,cellular,25,jul,126,3,-1,0,unknown,0,positive,,
36,blue-collar,married,primary,no,yes,no,cellular,25,jul,400,2,-1,0,unknown,0,positive,,
49,entrepreneur,married,secondary,no,yes,yes,cellular,25,jul,96,3,-1,0,unknown,0,positive,,
40,management,divorced,tertiary,no,yes,no,cellular,25,jul,188,14,-1,0,unknown,0,positive,,
41,blue-collar,married,secondary,no,yes,no,cellular,25,jul,245,4,-1,0,unknown,0,positive,,
30,services,divorced,secondary,no,yes,no,cellular,25,jul,524,10,-1,0,unknown,0,positive,,
45,technician,single,secondary,no,no,yes,cellular,28,jul,32,3,-1,0,unknown,0,positive,,
55,blue-collar,divorced,secondary,no,no,yes,cellular,28,jul,93,4,-1,0,unknown,0,positive,,
58,retired,married,primary,no,yes,no,cellular,28,jul,40,4,-1,0,unknown,0,positive,,
56,management,married,tertiary,no,no,yes,cellular,28,jul,119,4,-1,0,unknown,0,negative,,
39,management,single,tertiary,no,no,no,cellular,28,jul,56,9,-1,0,unknown,0,positive,,
27,management,single,tertiary,no,yes,no,cellular,28,jul,131,7,-1,0,unknown,0,positive,,
46,admin.,married,secondary,no,yes,yes,telephone,28,jul,302,2,-1,0,unknown,0,positive,,
52,management,married,tertiary,no,yes,no,cellular,28,jul,61,3,-1,0,unknown,0,positive,,
38,services,married,secondary,no,yes,no,telephone,28,jul,121,2,-1,0,unknown,0,negative,,
39,management,married,tertiary,no,no,yes,cellular,28,jul,60,3,-1,0,unknown,0,positive,,
42,blue-collar,married,unknown,no,yes,yes,cellular,28,jul,307,3,-1,0,unknown,0,positive,,
59,admin.,married,secondary,no,yes,yes,cellular,28,jul,362,7,-1,0,unknown,0,positive,,
38,management,single,tertiary,no,yes,no,cellular,28,jul,219,2,-1,0,unknown,0,positive,,
33,services,single,secondary,no,yes,no,cellular,28,jul,174,2,-1,0,unknown,0,negative,,
40,services,divorced,secondary,no,no,no,cellular,28,jul,154,2,-1,0,unknown,0,positive,,
28,management,single,tertiary,no,yes,yes,cellular,28,jul,230,2,-1,0,unknown,0,positive,,
50,blue-collar,married,secondary,no,no,no,cellular,28,jul,139,2,-1,0,unknown,0,positive,,
40,technician,divorced,secondary,no,yes,no,cellular,28,jul,367,2,-1,0,unknown,0,positive,,
39,blue-collar,married,primary,no,no,yes,cellular,28,jul,24,14,-1,0,unknown,0,positive,,
34,management,single,secondary,no,yes,no,cellular,28,jul,292,2,-1,0,unknown,0,positive,,
50,admin.,divorced,secondary,no,no,no,cellular,28,jul,65,7,-1,0,unknown,0,positive,,
30,admin.,single,secondary,no,yes,yes,cellular,28,jul,70,2,-1,0,unknown,0,negative,,
38,housemaid,married,secondary,no,yes,no,cellular,28,jul,143,2,-1,0,unknown,0,negative,,
39,services,married,secondary,no,yes,no,cellular,28,jul,143,10,-1,0,unknown,0,negative,,
56,management,divorced,tertiary,no,no,no,cellular,28,jul,101,4,-1,0,unknown,0,negative,,
53,services,divorced,unknown,no,yes,no,cellular,28,jul,332,2,-1,0,unknown,0,positive,,
29,technician,single,secondary,no,yes,yes,cellular,28,jul,54,2,-1,0,unknown,0,positive,,
43,housemaid,married,secondary,no,no,no,telephone,28,jul,290,7,-1,0,unknown,0,positive,,
32,services,married,secondary,no,yes,no,cellular,28,jul,300,2,-1,0,unknown,0,negative,,
47,housemaid,married,primary,no,no,yes,cellular,28,jul,564,5,-1,0,unknown,0,positive,,
55,technician,single,tertiary,no,no,no,cellular,28,jul,246,2,-1,0,unknown,0,negative,,
50,admin.,married,secondary,no,no,no,cellular,28,jul,82,6,-1,0,unknown,0,positive,,
45,entrepreneur,married,tertiary,no,yes,yes,cellular,28,jul,118,4,-1,0,unknown,0,positive,,
53,blue-collar,married,secondary,no,no,yes,cellular,28,jul,57,6,-1,0,unknown,0,positive,,
27,technician,single,secondary,no,no,yes,cellular,28,jul,78,3,-1,0,unknown,0,positive,,
41,management,married,secondary,no,yes,no,cellular,28,jul,534,8,-1,0,unknown,0,positive,,
40,management,married,tertiary,no,no,no,cellular,28,jul,761,8,-1,0,unknown,0,positive,,
49,management,married,tertiary,no,yes,no,cellular,28,jul,88,3,-1,0,unknown,0,positive,,
30,self-employed,single,tertiary,no,yes,no,cellular,28,jul,283,4,-1,0,unknown,0,positive,,
37,services,married,secondary,no,yes,no,cellular,28,jul,418,3,-1,0,unknown,0,positive,,
31,unemployed,married,secondary,no,no,no,cellular,28,jul,121,2,-1,0,unknown,0,positive,,
31,blue-collar,single,secondary,no,no,yes,cellular,28,jul,120,4,-1,0,unknown,0,negative,,
31,management,single,tertiary,no,yes,no,cellular,28,jul,127,4,-1,0,unknown,0,positive,,
30,management,single,tertiary,no,yes,no,cellular,28,jul,377,4,-1,0,unknown,0,positive,,
30,technician,single,tertiary,no,yes,no,cellular,28,jul,257,6,-1,0,unknown,0,positive,,
29,services,married,secondary,no,yes,no,cellular,28,jul,234,11,-1,0,unknown,0,positive,,
57,retired,divorced,primary,no,no,no,telephone,28,jul,1037,3,-1,0,unknown,0,negative,,
33,services,married,secondary,no,yes,no,cellular,28,jul,22,3,-1,0,unknown,0,positive,,
40,management,married,tertiary,no,yes,no,cellular,28,jul,609,6,-1,0,unknown,0,positive,,
36,technician,married,secondary,no,yes,no,cellular,28,jul,170,3,-1,0,unknown,0,negative,,
50,housemaid,single,unknown,no,no,no,telephone,28,jul,118,8,-1,0,unknown,0,negative,,
35,management,single,tertiary,no,yes,yes,cellular,28,jul,85,9,-1,0,unknown,0,positive,,
40,admin.,single,secondary,no,no,yes,cellular,28,jul,100,16,-1,0,unknown,0,positive,,
44,blue-collar,married,secondary,no,no,no,cellular,28,jul,504,4,-1,0,unknown,0,positive,,
39,technician,single,tertiary,no,yes,no,cellular,29,jul,99,12,-1,0,unknown,0,positive,,
41,admin.,married,secondary,no,yes,no,cellular,29,jul,38,17,-1,0,unknown,0,negative,,
31,self-employed,married,tertiary,no,yes,no,cellular,29,jul,215,4,-1,0,unknown,0,positive,,
31,technician,single,tertiary,no,yes,yes,cellular,29,jul,82,4,-1,0,unknown,0,negative,,
41,services,married,primary,no,yes,yes,cellular,29,jul,117,3,-1,0,unknown,0,positive,,
48,blue-collar,married,secondary,no,no,no,cellular,29,jul,215,6,-1,0,unknown,0,negative,,
59,admin.,divorced,primary,no,yes,no,cellular,29,jul,604,3,-1,0,unknown,0,negative,,
42,technician,married,secondary,no,yes,yes,cellular,29,jul,32,5,-1,0,unknown,0,negative,,
53,blue-collar,married,unknown,no,no,no,cellular,29,jul,153,2,-1,0,unknown,0,positive,,
28,management,single,secondary,no,no,no,cellular,29,jul,71,3,-1,0,unknown,0,positive,,
49,self-employed,married,secondary,no,no,no,cellular,29,jul,179,4,-1,0,unknown,0,positive,,
51,technician,married,secondary,no,yes,no,cellular,29,jul,179,6,-1,0,unknown,0,negative,,
31,blue-collar,married,secondary,no,yes,no,cellular,29,jul,25,22,-1,0,unknown,0,positive,,
57,retired,married,primary,no,no,yes,cellular,29,jul,112,3,-1,0,unknown,0,negative,,
26,technician,single,secondary,no,yes,no,cellular,29,jul,70,3,-1,0,unknown,0,positive,,
39,management,single,tertiary,no,no,no,telephone,29,jul,64,4,-1,0,unknown,0,positive,,
43,unknown,married,primary,no,no,no,cellular,29,jul,33,2,-1,0,unknown,0,positive,,
51,management,married,tertiary,yes,no,yes,cellular,29,jul,204,6,-1,0,unknown,0,negative,,
49,management,married,secondary,no,no,no,cellular,29,jul,47,5,-1,0,unknown,0,positive,,
52,blue-collar,married,secondary,no,no,no,telephone,29,jul,178,2,-1,0,unknown,0,positive,,
48,management,married,primary,no,no,no,cellular,29,jul,1186,4,-1,0,unknown,0,positive,,
45,services,married,secondary,no,yes,no,telephone,29,jul,340,1,-1,0,unknown,0,negative,,
31,management,married,tertiary,no,yes,no,cellular,29,jul,109,8,-1,0,unknown,0,positive,,
57,management,married,tertiary,no,no,no,cellular,29,jul,339,3,-1,0,unknown,0,positive,,
36,admin.,single,secondary,no,yes,no,cellular,29,jul,114,2,-1,0,unknown,0,positive,,
49,admin.,married,secondary,no,no,no,cellular,29,jul,246,4,-1,0,unknown,0,positive,,
34,blue-collar,single,primary,no,yes,no,cellular,29,jul,263,2,-1,0,unknown,0,positive,,
54,housemaid,divorced,tertiary,no,no,yes,cellular,29,jul,136,3,-1,0,unknown,0,positive,,
49,blue-collar,married,primary,no,no,yes,cellular,29,jul,53,5,-1,0,unknown,0,positive,,
32,technician,married,tertiary,no,yes,no,cellular,29,jul,52,4,-1,0,unknown,0,negative,,
35,management,married,tertiary,no,yes,no,telephone,29,jul,399,12,-1,0,unknown,0,negative,,
51,housemaid,married,unknown,no,no,no,telephone,29,jul,308,3,-1,0,unknown,0,positive,,
42,self-employed,married,secondary,no,yes,no,cellular,29,jul,178,3,-1,0,unknown,0,positive,,
48,management,single,tertiary,no,yes,no,telephone,29,jul,289,9,-1,0,unknown,0,positive,,
52,services,married,secondary,no,no,yes,cellular,29,jul,101,4,-1,0,unknown,0,negative,,
52,blue-collar,single,primary,no,no,no,cellular,30,jul,103,4,-1,0,unknown,0,positive,,
33,services,married,secondary,no,yes,no,cellular,30,jul,329,5,-1,0,unknown,0,negative,,
41,blue-collar,married,primary,no,yes,yes,cellular,30,jul,125,5,-1,0,unknown,0,positive,,
26,technician,single,secondary,no,no,yes,cellular,30,jul,65,26,-1,0,unknown,0,negative,,
27,blue-collar,single,primary,no,no,yes,cellular,30,jul,70,3,-1,0,unknown,0,negative,,
56,retired,divorced,primary,no,no,no,cellular,30,jul,39,2,-1,0,unknown,0,positive,,
45,admin.,divorced,secondary,no,no,no,cellular,30,jul,652,2,-1,0,unknown,0,positive,,
39,technician,married,secondary,no,yes,yes,cellular,30,jul,65,5,-1,0,unknown,0,negative,,
38,unemployed,single,secondary,no,no,no,telephone,30,jul,285,2,-1,0,unknown,0,positive,,
41,management,married,tertiary,no,yes,no,telephone,30,jul,80,2,-1,0,unknown,0,positive,,
60,blue-collar,married,secondary,no,yes,no,telephone,30,jul,42,3,-1,0,unknown,0,positive,,
42,technician,married,secondary,no,no,no,cellular,30,jul,351,2,-1,0,unknown,0,negative,,
30,housemaid,married,primary,no,no,yes,cellular,30,jul,274,3,-1,0,unknown,0,positive,,
51,retired,divorced,primary,no,yes,no,cellular,30,jul,85,2,-1,0,unknown,0,positive,,
27,self-employed,single,secondary,no,no,no,cellular,30,jul,80,3,-1,0,unknown,0,positive,,
51,technician,divorced,secondary,no,no,no,cellular,30,jul,220,2,-1,0,unknown,0,positive,,
39,blue-collar,married,primary,no,no,no,cellular,30,jul,261,4,-1,0,unknown,0,positive,,
44,blue-collar,married,primary,no,yes,no,cellular,30,jul,83,2,-1,0,unknown,0,negative,,
41,management,single,tertiary,no,no,no,cellular,30,jul,81,2,-1,0,unknown,0,positive,,
39,services,married,secondary,no,yes,no,cellular,30,jul,218,4,-1,0,unknown,0,positive,,
60,retired,married,secondary,no,yes,no,cellular,30,jul,380,7,-1,0,unknown,0,positive,,
54,admin.,divorced,secondary,no,yes,yes,cellular,30,jul,622,4,-1,0,unknown,0,positive,,
39,admin.,married,secondary,no,no,no,cellular,30,jul,120,2,-1,0,unknown,0,negative,,
40,management,divorced,tertiary,no,yes,no,cellular,30,jul,149,2,-1,0,unknown,0,positive,,
59,retired,married,secondary,no,yes,no,cellular,30,jul,73,4,-1,0,unknown,0,negative,,
46,technician,divorced,secondary,no,yes,yes,cellular,30,jul,132,3,-1,0,unknown,0,positive,,
53,services,married,secondary,no,no,no,telephone,30,jul,166,4,-1,0,unknown,0,positive,,
53,entrepreneur,married,tertiary,no,yes,yes,cellular,30,jul,50,20,-1,0,unknown,0,positive,,
37,blue-collar,married,primary,no,no,no,telephone,30,jul,109,8,-1,0,unknown,0,positive,,
55,blue-collar,single,secondary,no,no,no,cellular,30,jul,95,6,-1,0,unknown,0,positive,,
31,entrepreneur,married,secondary,no,yes,no,cellular,30,jul,89,3,-1,0,unknown,0,positive,,
50,management,married,tertiary,no,no,no,telephone,30,jul,1567,5,-1,0,unknown,0,positive,,
58,retired,divorced,tertiary,no,yes,no,cellular,30,jul,104,7,-1,0,unknown,0,negative,,
60,retired,married,secondary,no,no,yes,cellular,30,jul,61,5,-1,0,unknown,0,positive,,
41,services,divorced,secondary,no,no,no,cellular,30,jul,244,3,-1,0,unknown,0,positive,,
56,management,divorced,tertiary,no,no,yes,cellular,30,jul,72,4,-1,0,unknown,0,positive,,
31,technician,divorced,secondary,no,no,yes,cellular,30,jul,113,10,-1,0,unknown,0,negative,,
39,self-employed,single,tertiary,no,no,no,cellular,30,jul,122,3,-1,0,unknown,0,positive,,
53,unemployed,married,secondary,no,yes,no,cellular,30,jul,122,1,-1,0,unknown,0,positive,,
36,blue-collar,married,secondary,no,yes,no,cellular,30,jul,184,6,-1,0,unknown,0,negative,,
47,management,married,tertiary,no,no,no,telephone,30,jul,300,5,-1,0,unknown,0,positive,,
30,management,single,secondary,no,no,yes,cellular,30,jul,117,17,-1,0,unknown,0,negative,,
40,management,single,tertiary,no,yes,no,cellular,30,jul,96,6,-1,0,unknown,0,positive,,
41,admin.,married,secondary,no,no,no,cellular,30,jul,92,3,-1,0,unknown,0,positive,,
40,management,married,tertiary,no,yes,no,cellular,30,jul,134,24,-1,0,unknown,0,positive,,
49,blue-collar,married,secondary,no,no,yes,cellular,30,jul,188,3,-1,0,unknown,0,positive,,
29,blue-collar,married,primary,no,yes,no,cellular,30,jul,219,5,-1,0,unknown,0,positive,,
51,services,married,secondary,no,yes,yes,cellular,30,jul,111,8,-1,0,unknown,0,positive,,
58,management,married,tertiary,no,no,no,cellular,31,jul,85,4,-1,0,unknown,0,negative,,
38,admin.,married,tertiary,no,no,no,cellular,31,jul,98,5,-1,0,unknown,0,positive,,
47,entrepreneur,married,secondary,no,no,no,telephone,31,jul,125,7,-1,0,unknown,0,positive,,
33,entrepreneur,married,tertiary,no,no,no,cellular,31,jul,8,25,-1,0,unknown,0,positive,,
50,unemployed,divorced,tertiary,no,no,no,cellular,31,jul,81,6,-1,0,unknown,0,positive,,
37,management,married,unknown,yes,yes,no,cellular,31,jul,85,4,-1,0,unknown,0,positive,,
37,entrepreneur,married,primary,no,no,no,cellular,31,jul,404,2,-1,0,unknown,0,positive,,
52,blue-collar,single,secondary,no,no,no,cellular,31,jul,37,4,-1,0,unknown,0,negative,,
37,technician,married,tertiary,no,yes,yes,cellular,31,jul,18,10,-1,0,unknown,0,positive,,
47,blue-collar,married,secondary,no,yes,no,cellular,31,jul,394,2,-1,0,unknown,0,positive,,
44,technician,divorced,primary,no,no,no,cellular,31,jul,196,2,-1,0,unknown,0,positive,,
48,blue-collar,married,secondary,no,yes,no,cellular,31,jul,130,3,-1,0,unknown,0,negative,,
35,services,married,primary,no,no,yes,cellular,31,jul,151,8,-1,0,unknown,0,positive,,
35,technician,married,tertiary,no,yes,no,cellular,31,jul,65,3,-1,0,unknown,0,positive,,
36,blue-collar,married,secondary,no,no,no,cellular,31,jul,474,2,-1,0,unknown,0,positive,,
52,management,married,tertiary,no,no,no,telephone,31,jul,30,7,-1,0,unknown,0,positive,,
42,admin.,divorced,secondary,no,no,no,cellular,31,jul,196,4,-1,0,unknown,0,positive,,
53,management,divorced,tertiary,no,no,no,cellular,31,jul,126,23,-1,0,unknown,0,positive,,
56,entrepreneur,divorced,tertiary,no,no,no,cellular,31,jul,86,7,-1,0,unknown,0,positive,,
46,technician,married,secondary,no,yes,no,telephone,31,jul,181,2,-1,0,unknown,0,negative,,
35,blue-collar,married,secondary,no,no,no,cellular,31,jul,128,2,-1,0,unknown,0,positive,,
38,admin.,married,secondary,no,yes,no,cellular,31,jul,27,22,-1,0,unknown,0,positive,,
47,admin.,married,secondary,no,yes,no,telephone,31,jul,15,2,-1,0,unknown,0,positive,,
41,blue-collar,married,secondary,no,yes,no,telephone,31,jul,121,2,-1,0,unknown,0,positive,,
47,management,married,tertiary,no,yes,yes,cellular,31,jul,122,2,-1,0,unknown,0,positive,,
43,technician,single,secondary,yes,yes,no,cellular,31,jul,94,2,-1,0,unknown,0,positive,,
46,services,married,secondary,no,yes,no,cellular,31,jul,126,2,-1,0,unknown,0,positive,,
44,management,married,tertiary,no,no,no,telephone,31,jul,168,2,-1,0,unknown,0,positive,,
43,management,married,tertiary,no,no,no,cellular,31,jul,107,17,-1,0,unknown,0,negative,,
46,services,single,secondary,no,no,no,telephone,31,jul,46,4,-1,0,unknown,0,positive,,
55,management,married,tertiary,no,no,yes,cellular,31,jul,126,2,-1,0,unknown,0,positive,,
56,retired,married,secondary,no,no,no,telephone,31,jul,45,2,-1,0,unknown,0,negative,,
39,self-employed,married,primary,no,yes,no,cellular,31,jul,88,21,-1,0,unknown,0,positive,,
56,unknown,married,unknown,no,no,no,telephone,31,jul,26,15,-1,0,unknown,0,positive,,
37,services,married,secondary,no,yes,yes,cellular,31,jul,187,2,-1,0,unknown,0,negative,,
46,entrepreneur,married,unknown,no,no,yes,cellular,31,jul,171,4,-1,0,unknown,0,positive,,
53,blue-collar,married,secondary,no,no,no,telephone,31,jul,36,4,-1,0,unknown,0,negative,,
41,management,married,tertiary,yes,yes,yes,cellular,31,jul,81,1,-1,0,unknown,0,negative,,
50,management,single,tertiary,no,yes,no,cellular,31,jul,198,3,-1,0,unknown,0,positive,,
44,admin.,single,unknown,yes,yes,no,cellular,31,jul,297,1,-1,0,unknown,0,negative,,
52,housemaid,married,tertiary,no,no,no,cellular,31,jul,44,5,-1,0,unknown,0,positive,,
49,management,married,tertiary,no,no,yes,cellular,31,jul,196,4,-1,0,unknown,0,positive,,
50,blue-collar,married,primary,no,no,no,cellular,31,jul,64,20,-1,0,unknown,0,positive,,
32,blue-collar,married,primary,no,yes,yes,telephone,31,jul,454,19,-1,0,unknown,0,negative,,
40,admin.,married,secondary,no,no,no,cellular,31,jul,48,3,-1,0,unknown,0,positive,,
49,technician,divorced,secondary,no,yes,yes,cellular,31,jul,67,3,-1,0,unknown,0,positive,,
46,management,married,tertiary,no,no,no,cellular,31,jul,195,3,-1,0,unknown,0,positive,,
35,blue-collar,married,secondary,no,yes,no,cellular,31,jul,14,32,-1,0,unknown,0,negative,,
53,management,divorced,tertiary,no,yes,no,cellular,31,jul,27,2,-1,0,unknown,0,negative,,
39,management,single,tertiary,no,yes,no,cellular,31,jul,153,20,-1,0,unknown,0,positive,,
42,management,single,tertiary,no,yes,no,cellular,31,jul,68,5,-1,0,unknown,0,positive,,
47,management,divorced,tertiary,no,yes,no,cellular,31,jul,9,19,-1,0,unknown,0,positive,,
35,management,single,tertiary,no,no,no,cellular,31,jul,213,3,-1,0,unknown,0,positive,,
31,technician,single,secondary,no,yes,no,telephone,31,jul,21,24,-1,0,unknown,0,positive,,
39,blue-collar,single,primary,no,no,no,telephone,31,jul,22,5,-1,0,unknown,0,positive,,
59,retired,married,tertiary,no,yes,no,telephone,31,jul,16,9,-1,0,unknown,0,positive,,
31,technician,married,tertiary,no,no,yes,telephone,31,jul,9,16,-1,0,unknown,0,positive,,
46,management,divorced,tertiary,no,yes,yes,cellular,31,jul,5,2,-1,0,unknown,0,positive,,
50,entrepreneur,married,tertiary,no,no,no,cellular,31,jul,22,8,-1,0,unknown,0,positive,,
35,unemployed,single,tertiary,no,no,no,cellular,31,jul,420,9,-1,0,unknown,0,positive,,
35,technician,married,secondary,no,no,yes,cellular,31,jul,57,34,-1,0,unknown,0,negative,,
36,blue-collar,married,secondary,no,no,no,cellular,31,jul,17,3,-1,0,unknown,0,positive,,
29,management,married,tertiary,yes,yes,no,cellular,31,jul,27,17,-1,0,unknown,0,positive,,
46,blue-collar,single,primary,no,no,yes,cellular,31,jul,652,7,-1,0,unknown,0,positive,,
36,blue-collar,married,unknown,no,yes,yes,cellular,31,jul,110,3,-1,0,unknown,0,negative,,
47,admin.,married,secondary,no,yes,yes,cellular,31,jul,153,4,-1,0,unknown,0,negative,,
50,unemployed,married,secondary,no,yes,no,cellular,31,jul,29,10,-1,0,unknown,0,positive,,
50,unknown,married,unknown,no,no,no,cellular,4,aug,157,1,-1,0,unknown,0,positive,,
42,technician,married,secondary,no,no,no,cellular,4,aug,240,1,-1,0,unknown,0,negative,,
51,management,married,tertiary,no,no,no,cellular,4,aug,147,1,-1,0,unknown,0,positive,,
31,technician,single,tertiary,no,no,no,cellular,4,aug,149,1,-1,0,unknown,0,positive,,
31,technician,single,secondary,no,no,no,cellular,4,aug,139,1,-1,0,unknown,0,positive,,
46,blue-collar,married,primary,no,no,no,cellular,4,aug,174,1,-1,0,unknown,0,positive,,
52,management,married,tertiary,no,no,no,cellular,4,aug,145,1,-1,0,unknown,0,positive,,
49,blue-collar,married,primary,no,no,no,cellular,4,aug,134,1,-1,0,unknown,0,positive,,
48,unemployed,married,secondary,no,no,no,cellular,4,aug,198,1,-1,0,unknown,0,positive,,
33,technician,single,secondary,no,no,yes,cellular,4,aug,307,1,-1,0,unknown,0,positive,,
57,blue-collar,married,secondary,no,no,no,cellular,4,aug,58,1,-1,0,unknown,0,positive,,
51,housemaid,married,unknown,no,no,yes,cellular,4,aug,166,2,-1,0,unknown,0,positive,,
44,unemployed,single,tertiary,no,no,no,cellular,4,aug,184,1,-1,0,unknown,0,positive,,
47,blue-collar,married,primary,no,yes,yes,cellular,4,aug,166,2,-1,0,unknown,0,positive,,
54,technician,married,secondary,no,no,no,cellular,4,aug,226,1,-1,0,unknown,0,positive,,
60,unknown,married,unknown,no,no,no,cellular,4,aug,122,1,-1,0,unknown,0,positive,,
45,self-employed,married,secondary,no,no,no,cellular,4,aug,165,2,-1,0,unknown,0,positive,,
46,admin.,married,secondary,no,no,no,cellular,4,aug,282,1,-1,0,unknown,0,positive,,
49,services,married,secondary,no,no,no,cellular,4,aug,143,1,-1,0,unknown,0,positive,,
31,management,married,tertiary,no,yes,yes,cellular,4,aug,182,3,-1,0,unknown,0,positive,,
58,admin.,married,secondary,no,no,no,cellular,4,aug,110,2,-1,0,unknown,0,positive,,
60,entrepreneur,married,unknown,yes,yes,yes,cellular,4,aug,67,8,-1,0,unknown,0,negative,,
45,admin.,married,secondary,no,yes,yes,cellular,4,aug,368,2,-1,0,unknown,0,negative,,
31,management,single,tertiary,no,no,no,cellular,4,aug,144,2,-1,0,unknown,0,positive,,
59,admin.,married,secondary,no,no,yes,cellular,5,aug,125,3,-1,0,unknown,0,positive,,
54,blue-collar,married,secondary,no,yes,yes,cellular,5,aug,98,1,-1,0,unknown,0,positive,,
30,management,married,tertiary,no,no,no,cellular,5,aug,222,1,-1,0,unknown,0,positive,,
55,management,married,secondary,no,no,no,cellular,5,aug,114,1,-1,0,unknown,0,positive,,
59,retired,married,secondary,no,no,no,cellular,5,aug,91,1,-1,0,unknown,0,positive,,
50,management,married,tertiary,no,yes,no,cellular,5,aug,36,1,-1,0,unknown,0,positive,,
45,technician,divorced,secondary,no,no,no,cellular,5,aug,164,3,-1,0,unknown,0,positive,,
43,management,divorced,tertiary,no,no,no,cellular,5,aug,175,1,-1,0,unknown,0,positive,,
59,technician,divorced,secondary,no,no,no,cellular,5,aug,54,1,-1,0,unknown,0,negative,,
59,blue-collar,divorced,primary,no,no,no,cellular,5,aug,268,2,-1,0,unknown,0,positive,,
59,retired,married,primary,yes,no,no,cellular,5,aug,229,2,-1,0,unknown,0,negative,,
30,management,single,tertiary,no,no,no,cellular,5,aug,68,1,-1,0,unknown,0,positive,,
41,technician,single,secondary,no,no,no,cellular,5,aug,149,2,-1,0,unknown,0,positive,,
50,admin.,married,secondary,no,no,no,cellular,5,aug,66,2,-1,0,unknown,0,positive,,
44,management,married,tertiary,no,no,no,cellular,5,aug,187,2,-1,0,unknown,0,positive,,
50,blue-collar,married,primary,no,no,no,cellular,5,aug,104,1,-1,0,unknown,0,positive,,
47,admin.,married,secondary,no,no,no,cellular,5,aug,109,4,-1,0,unknown,0,negative,,
44,management,single,secondary,no,no,yes,cellular,5,aug,307,1,-1,0,unknown,0,positive,,
47,blue-collar,married,primary,no,no,no,cellular,5,aug,203,1,-1,0,unknown,0,positive,,
39,management,married,tertiary,no,no,no,cellular,5,aug,425,2,-1,0,unknown,0,positive,,
35,technician,married,tertiary,no,no,no,cellular,5,aug,592,2,-1,0,unknown,0,positive,,
35,management,divorced,tertiary,no,no,yes,cellular,5,aug,37,2,-1,0,unknown,0,positive,,
50,services,married,secondary,no,yes,no,cellular,5,aug,203,2,-1,0,unknown,0,positive,,
42,management,married,tertiary,no,no,no,cellular,6,aug,92,6,-1,0,unknown,0,positive,,
36,management,single,tertiary,no,yes,no,cellular,6,aug,91,3,-1,0,unknown,0,positive,,
56,management,married,tertiary,no,no,no,cellular,6,aug,46,4,-1,0,unknown,0,positive,,
42,management,married,tertiary,no,no,no,cellular,6,aug,81,3,-1,0,unknown,0,negative,,
46,admin.,married,secondary,no,no,no,cellular,6,aug,175,2,-1,0,unknown,0,positive,,
56,retired,married,secondary,no,no,no,cellular,6,aug,113,3,-1,0,unknown,0,negative,,
57,services,married,primary,no,no,no,cellular,6,aug,86,2,-1,0,unknown,0,positive,,
48,technician,married,secondary,no,no,no,cellular,6,aug,80,2,-1,0,unknown,0,positive,,
41,technician,married,secondary,no,no,no,cellular,6,aug,140,3,-1,0,unknown,0,positive,,
30,self-employed,single,tertiary,no,no,no,cellular,6,aug,898,2,-1,0,unknown,0,positive,,
48,management,married,tertiary,no,no,no,cellular,6,aug,206,2,-1,0,unknown,0,positive,,
49,blue-collar,married,secondary,no,yes,no,cellular,6,aug,182,2,-1,0,unknown,0,positive,,
50,management,divorced,secondary,no,no,no,cellular,6,aug,102,2,-1,0,unknown,0,positive,,
45,blue-collar,married,primary,no,no,no,cellular,6,aug,133,2,-1,0,unknown,0,positive,,
55,retired,married,primary,no,no,yes,cellular,6,aug,123,2,-1,0,unknown,0,positive,,
47,management,married,secondary,no,no,no,cellular,6,aug,302,4,-1,0,unknown,0,negative,,
48,technician,divorced,tertiary,no,no,no,cellular,6,aug,68,4,-1,0,unknown,0,positive,,
31,self-employed,married,secondary,no,no,no,cellular,6,aug,165,4,-1,0,unknown,0,positive,,
39,unknown,married,primary,no,no,no,cellular,6,aug,111,2,-1,0,unknown,0,positive,,
30,management,married,tertiary,no,no,no,cellular,6,aug,136,4,-1,0,unknown,0,positive,,
30,management,single,tertiary,no,no,no,cellular,6,aug,391,4,-1,0,unknown,0,positive,,
56,retired,married,primary,no,no,no,cellular,6,aug,128,2,-1,0,unknown,0,positive,,
36,technician,married,secondary,no,yes,no,cellular,6,aug,64,2,-1,0,unknown,0,positive,,
59,blue-collar,married,primary,no,no,no,cellular,6,aug,170,2,-1,0,unknown,0,positive,,
40,technician,single,secondary,no,no,yes,cellular,6,aug,102,4,-1,0,unknown,0,positive,,
49,blue-collar,married,secondary,no,no,no,cellular,6,aug,275,1,-1,0,unknown,0,positive,,
32,technician,married,secondary,no,no,no,cellular,6,aug,269,3,-1,0,unknown,0,positive,,
59,admin.,married,unknown,no,no,no,cellular,6,aug,45,4,-1,0,unknown,0,positive,,
48,technician,married,secondary,no,no,yes,cellular,6,aug,227,3,-1,0,unknown,0,positive,,
54,blue-collar,married,primary,no,yes,no,cellular,7,aug,108,3,-1,0,unknown,0,positive,,
35,technician,married,secondary,no,yes,no,cellular,7,aug,261,2,-1,0,unknown,0,positive,,
52,entrepreneur,married,secondary,no,no,no,cellular,7,aug,82,2,-1,0,unknown,0,negative,,
45,blue-collar,married,secondary,no,yes,yes,cellular,7,aug,235,2,-1,0,unknown,0,positive,,
48,technician,married,secondary,no,no,no,cellular,7,aug,51,3,-1,0,unknown,0,positive,,
45,technician,married,secondary,no,no,no,cellular,7,aug,163,2,-1,0,unknown,0,positive,,
31,technician,married,secondary,no,no,no,cellular,7,aug,137,2,-1,0,unknown,0,positive,,
52,technician,divorced,secondary,no,no,no,cellular,7,aug,134,2,-1,0,unknown,0,positive,,
48,blue-collar,married,secondary,no,no,no,cellular,7,aug,239,2,-1,0,unknown,0,positive,,
39,management,married,tertiary,no,no,no,cellular,7,aug,1462,4,-1,0,unknown,0,positive,,
46,technician,married,secondary,no,yes,no,cellular,7,aug,131,2,-1,0,unknown,0,positive,,
36,management,married,tertiary,no,no,no,cellular,7,aug,71,2,-1,0,unknown,0,positive,,
36,admin.,married,secondary,no,no,yes,cellular,7,aug,95,2,-1,0,unknown,0,positive,,
47,management,married,tertiary,no,no,no,cellular,7,aug,156,8,-1,0,unknown,0,positive,,
32,housemaid,married,secondary,no,no,no,cellular,7,aug,306,2,-1,0,unknown,0,positive,,
50,services,married,secondary,no,no,no,cellular,7,aug,103,4,-1,0,unknown,0,positive,,
50,technician,married,secondary,no,no,no,telephone,7,aug,204,4,-1,0,unknown,0,positive,,
35,technician,single,secondary,no,no,no,cellular,7,aug,77,2,-1,0,unknown,0,positive,,
32,technician,married,secondary,no,no,yes,cellular,7,aug,231,2,-1,0,unknown,0,positive,,
56,blue-collar,married,secondary,no,no,no,cellular,7,aug,112,7,-1,0,unknown,0,positive,,
45,technician,married,tertiary,no,no,no,cellular,7,aug,216,4,-1,0,unknown,0,positive,,
34,housemaid,married,secondary,no,no,no,cellular,7,aug,252,4,-1,0,unknown,0,positive,,
37,management,single,tertiary,no,no,no,cellular,7,aug,259,4,-1,0,unknown,0,positive,,
50,housemaid,married,primary,no,no,no,cellular,7,aug,107,4,-1,0,unknown,0,positive,,
39,management,married,tertiary,no,no,no,cellular,7,aug,96,2,-1,0,unknown,0,positive,,
45,entrepreneur,married,tertiary,no,no,no,cellular,7,aug,391,4,-1,0,unknown,0,positive,,
36,technician,married,secondary,no,no,no,cellular,7,aug,171,2,-1,0,unknown,0,negative,,
50,blue-collar,married,unknown,no,yes,no,cellular,7,aug,276,2,-1,0,unknown,0,positive,,
46,admin.,married,secondary,no,yes,no,cellular,7,aug,414,4,-1,0,unknown,0,positive,,
61,housemaid,married,tertiary,no,no,no,cellular,7,aug,108,4,-1,0,unknown,0,positive,,
56,retired,married,secondary,no,no,no,cellular,7,aug,126,2,-1,0,unknown,0,positive,,
43,technician,married,tertiary,no,no,no,cellular,7,aug,51,7,-1,0,unknown,0,positive,,
34,technician,single,secondary,no,no,no,cellular,7,aug,124,3,-1,0,unknown,0,positive,,
30,technician,married,tertiary,no,no,no,cellular,7,aug,111,5,-1,0,unknown,0,negative,,
56,retired,married,secondary,no,no,yes,cellular,7,aug,93,4,-1,0,unknown,0,positive,,
47,management,married,secondary,no,no,no,cellular,8,aug,175,2,-1,0,unknown,0,positive,,
58,unknown,married,secondary,no,no,no,cellular,8,aug,121,2,-1,0,unknown,0,positive,,
31,management,single,tertiary,no,no,no,cellular,8,aug,82,2,-1,0,unknown,0,positive,,
53,services,married,tertiary,no,no,no,cellular,8,aug,133,2,-1,0,unknown,0,negative,,
32,management,single,tertiary,no,no,no,cellular,8,aug,282,4,-1,0,unknown,0,negative,,
51,blue-collar,married,primary,no,no,no,cellular,8,aug,82,2,-1,0,unknown,0,positive,,
34,management,married,tertiary,no,yes,no,cellular,8,aug,126,2,-1,0,unknown,0,negative,,
30,technician,single,tertiary,no,no,no,cellular,8,aug,261,2,-1,0,unknown,0,positive,,
37,technician,married,secondary,no,no,no,cellular,8,aug,241,6,-1,0,unknown,0,positive,,
50,services,married,primary,no,no,no,cellular,8,aug,175,2,-1,0,unknown,0,positive,,
36,management,married,tertiary,no,no,no,cellular,8,aug,75,2,-1,0,unknown,0,positive,,
41,self-employed,married,secondary,no,no,no,cellular,8,aug,197,2,-1,0,unknown,0,negative,,
42,self-employed,married,tertiary,no,no,no,cellular,8,aug,118,6,-1,0,unknown,0,negative,,
52,technician,married,secondary,no,yes,yes,cellular,8,aug,75,2,-1,0,unknown,0,positive,,
47,blue-collar,married,primary,no,no,no,cellular,8,aug,121,2,-1,0,unknown,0,positive,,
35,management,single,tertiary,no,yes,no,cellular,8,aug,89,2,-1,0,unknown,0,positive,,
34,technician,single,secondary,no,no,no,cellular,8,aug,70,2,-1,0,unknown,0,positive,,
45,technician,married,tertiary,no,no,no,cellular,8,aug,109,2,-1,0,unknown,0,positive,,
54,management,divorced,tertiary,no,no,yes,cellular,8,aug,107,2,-1,0,unknown,0,negative,,
32,technician,single,secondary,no,no,no,cellular,8,aug,63,4,-1,0,unknown,0,positive,,
38,technician,single,secondary,no,no,no,cellular,8,aug,170,2,-1,0,unknown,0,positive,,
55,management,married,tertiary,no,yes,no,cellular,8,aug,73,6,-1,0,unknown,0,positive,,
55,blue-collar,married,primary,no,no,no,cellular,8,aug,118,2,-1,0,unknown,0,positive,,
47,management,married,tertiary,no,no,yes,cellular,8,aug,138,2,-1,0,unknown,0,positive,,
35,entrepreneur,married,tertiary,no,yes,yes,cellular,8,aug,275,4,-1,0,unknown,0,positive,,
40,management,married,tertiary,no,no,no,cellular,8,aug,236,2,-1,0,unknown,0,positive,,
47,blue-collar,married,secondary,no,no,no,cellular,8,aug,194,4,-1,0,unknown,0,positive,,
35,technician,married,tertiary,no,no,no,cellular,8,aug,351,2,-1,0,unknown,0,positive,,
41,management,married,tertiary,no,no,no,cellular,8,aug,51,2,-1,0,unknown,0,positive,,
47,management,single,tertiary,no,no,no,cellular,8,aug,82,2,-1,0,unknown,0,positive,,
33,management,married,tertiary,no,yes,yes,cellular,8,aug,212,2,-1,0,unknown,0,positive,,
39,technician,single,secondary,no,no,no,cellular,8,aug,100,1,-1,0,unknown,0,positive,,
38,technician,single,tertiary,no,no,no,cellular,8,aug,388,1,-1,0,unknown,0,positive,,
32,housemaid,married,primary,no,no,no,cellular,8,aug,93,1,-1,0,unknown,0,positive,,
32,admin.,single,tertiary,no,no,no,cellular,8,aug,494,1,-1,0,unknown,0,positive,,
39,technician,single,tertiary,no,no,no,cellular,8,aug,136,1,-1,0,unknown,0,positive,,
48,blue-collar,married,secondary,no,no,no,cellular,8,aug,88,3,-1,0,unknown,0,positive,,
34,management,single,tertiary,no,no,no,cellular,8,aug,371,6,-1,0,unknown,0,positive,,
53,management,married,tertiary,no,no,no,cellular,8,aug,498,8,-1,0,unknown,0,positive,,
30,management,single,tertiary,no,no,no,cellular,8,aug,179,3,-1,0,unknown,0,positive,,
31,management,married,tertiary,no,yes,no,cellular,8,aug,231,3,-1,0,unknown,0,positive,,
32,technician,single,secondary,no,no,no,cellular,11,aug,99,2,-1,0,unknown,0,positive,,
49,entrepreneur,married,secondary,no,no,no,cellular,11,aug,105,2,-1,0,unknown,0,positive,,
36,management,single,tertiary,no,no,no,cellular,11,aug,106,2,-1,0,unknown,0,positive,,
51,management,married,tertiary,no,no,no,cellular,11,aug,39,2,-1,0,unknown,0,positive,,
47,management,married,tertiary,no,no,no,cellular,11,aug,72,3,-1,0,unknown,0,positive,,
30,technician,married,secondary,no,yes,yes,cellular,11,aug,97,2,-1,0,unknown,0,positive,,
42,management,married,tertiary,no,no,no,cellular,11,aug,667,2,-1,0,unknown,0,positive,,
45,unknown,married,unknown,no,no,no,cellular,11,aug,212,2,-1,0,unknown,0,positive,,
54,retired,married,secondary,no,no,no,cellular,11,aug,45,2,-1,0,unknown,0,positive,,
55,technician,married,secondary,no,no,no,cellular,11,aug,116,2,-1,0,unknown,0,positive,,
30,student,single,tertiary,no,no,no,cellular,11,aug,269,2,-1,0,unknown,0,positive,,
30,technician,married,tertiary,no,yes,no,cellular,11,aug,166,2,-1,0,unknown,0,positive,,
58,unknown,married,primary,no,no,no,cellular,11,aug,57,2,-1,0,unknown,0,positive,,
31,technician,single,secondary,no,no,no,cellular,11,aug,70,2,-1,0,unknown,0,positive,,
49,services,married,secondary,no,no,no,cellular,11,aug,97,2,-1,0,unknown,0,positive,,
35,technician,single,tertiary,no,no,no,cellular,11,aug,86,2,-1,0,unknown,0,positive,,
42,technician,married,secondary,no,no,no,cellular,11,aug,149,4,-1,0,unknown,0,positive,,
47,blue-collar,married,primary,no,no,no,cellular,11,aug,356,2,-1,0,unknown,0,positive,,
43,technician,divorced,secondary,no,no,no,cellular,11,aug,61,2,-1,0,unknown,0,positive,,
30,technician,single,secondary,no,no,no,cellular,11,aug,194,2,-1,0,unknown,0,positive,,
40,management,divorced,secondary,no,yes,no,cellular,11,aug,105,2,-1,0,unknown,0,positive,,
32,housemaid,married,tertiary,no,no,no,cellular,11,aug,144,2,-1,0,unknown,0,positive,,
60,retired,married,secondary,no,no,no,cellular,11,aug,152,6,-1,0,unknown,0,negative,,
32,admin.,married,secondary,no,yes,yes,cellular,11,aug,255,15,-1,0,unknown,0,positive,,
35,technician,married,tertiary,no,no,no,cellular,11,aug,591,4,-1,0,unknown,0,positive,,
46,blue-collar,married,unknown,no,no,no,cellular,11,aug,79,6,-1,0,unknown,0,positive,,
58,management,married,tertiary,no,no,no,cellular,11,aug,121,2,-1,0,unknown,0,positive,,
34,management,married,tertiary,no,no,no,unknown,11,aug,93,2,-1,0,unknown,0,positive,,
30,management,single,tertiary,no,no,no,cellular,11,aug,381,4,-1,0,unknown,0,positive,,
32,management,married,tertiary,no,no,no,cellular,11,aug,379,3,-1,0,unknown,0,positive,,
59,retired,married,primary,yes,no,no,cellular,11,aug,77,1,-1,0,unknown,0,negative,,
32,management,married,tertiary,no,no,no,cellular,11,aug,221,3,-1,0,unknown,0,positive,,
32,housemaid,married,secondary,no,no,no,cellular,11,aug,80,3,-1,0,unknown,0,positive,,
31,self-employed,single,secondary,no,no,no,cellular,11,aug,312,3,-1,0,unknown,0,positive,,
42,management,married,tertiary,no,no,no,cellular,11,aug,101,5,-1,0,unknown,0,positive,,
43,management,married,tertiary,no,no,no,cellular,11,aug,95,4,-1,0,unknown,0,positive,,
46,technician,divorced,tertiary,no,yes,no,cellular,11,aug,249,5,-1,0,unknown,0,negative,,
33,management,single,tertiary,no,yes,no,cellular,11,aug,217,1,-1,0,unknown,0,positive,,
45,blue-collar,married,primary,no,no,no,cellular,11,aug,48,9,-1,0,unknown,0,positive,,
52,technician,married,secondary,no,no,no,cellular,11,aug,356,1,-1,0,unknown,0,positive,,
44,management,married,tertiary,no,no,no,cellular,11,aug,1015,1,-1,0,unknown,0,negative,,
59,admin.,divorced,secondary,no,no,no,cellular,12,aug,91,4,-1,0,unknown,0,positive,,
30,management,single,tertiary,no,no,no,cellular,12,aug,154,2,-1,0,unknown,0,positive,,
39,technician,married,secondary,no,no,no,cellular,12,aug,96,2,-1,0,unknown,0,positive,,
33,management,divorced,tertiary,no,no,no,cellular,12,aug,75,2,-1,0,unknown,0,negative,,
33,technician,married,tertiary,no,no,no,cellular,12,aug,172,2,-1,0,unknown,0,positive,,
46,entrepreneur,married,secondary,no,no,yes,cellular,12,aug,185,2,-1,0,unknown,0,negative,,
58,management,married,tertiary,no,no,no,cellular,12,aug,64,2,-1,0,unknown,0,positive,,
30,management,single,tertiary,no,no,no,cellular,12,aug,96,5,-1,0,unknown,0,positive,,
39,housemaid,married,primary,no,no,no,cellular,12,aug,234,2,-1,0,unknown,0,positive,,
34,blue-collar,married,secondary,no,no,no,cellular,12,aug,237,2,-1,0,unknown,0,positive,,
30,management,single,secondary,no,no,no,cellular,12,aug,29,4,-1,0,unknown,0,positive,,
50,blue-collar,married,secondary,no,no,yes,cellular,12,aug,867,2,-1,0,unknown,0,positive,,
32,technician,single,secondary,no,no,no,cellular,12,aug,105,2,-1,0,unknown,0,positive,,
53,admin.,married,secondary,no,no,no,cellular,12,aug,123,2,-1,0,unknown,0,positive,,
33,technician,single,secondary,no,no,no,cellular,12,aug,104,2,-1,0,unknown,0,positive,,
30,management,single,tertiary,no,no,no,cellular,12,aug,88,2,-1,0,unknown,0,positive,,
52,housemaid,married,unknown,no,no,no,cellular,12,aug,254,2,-1,0,unknown,0,positive,,
41,technician,divorced,secondary,no,yes,no,cellular,12,aug,173,2,-1,0,unknown,0,positive,,
58,technician,married,secondary,no,no,no,cellular,12,aug,92,4,-1,0,unknown,0,positive,,
35,technician,married,tertiary,no,no,no,cellular,12,aug,104,8,-1,0,unknown,0,positive,,
52,technician,divorced,secondary,no,no,no,cellular,12,aug,193,4,-1,0,unknown,0,positive,,
55,blue-collar,married,secondary,no,no,no,cellular,12,aug,187,2,-1,0,unknown,0,positive,,
52,services,married,secondary,no,no,yes,cellular,12,aug,158,2,-1,0,unknown,0,positive,,
54,blue-collar,married,primary,no,no,no,telephone,12,aug,128,8,-1,0,unknown,0,positive,,
47,services,married,secondary,no,no,no,cellular,12,aug,153,4,-1,0,unknown,0,positive,,
42,technician,married,tertiary,no,no,yes,cellular,12,aug,213,3,-1,0,unknown,0,positive,,
30,management,single,tertiary,no,no,no,cellular,12,aug,180,3,-1,0,unknown,0,positive,,
56,admin.,married,unknown,no,no,no,cellular,12,aug,465,9,-1,0,unknown,0,positive,,
34,management,single,tertiary,no,yes,no,cellular,12,aug,204,3,-1,0,unknown,0,positive,,
33,management,married,secondary,no,yes,no,cellular,12,aug,507,3,-1,0,unknown,0,negative,,
49,technician,married,secondary,no,no,no,cellular,13,aug,77,8,-1,0,unknown,0,positive,,
41,self-employed,married,primary,no,no,no,cellular,13,aug,111,7,-1,0,unknown,0,positive,,
52,technician,married,secondary,no,yes,no,cellular,13,aug,156,2,-1,0,unknown,0,positive,,
33,technician,single,secondary,no,no,no,cellular,13,aug,206,2,-1,0,unknown,0,positive,,
31,management,married,tertiary,no,yes,no,cellular,13,aug,460,2,-1,0,unknown,0,positive,,
35,management,married,tertiary,no,yes,no,cellular,13,aug,96,2,-1,0,unknown,0,positive,,
39,management,married,tertiary,no,no,no,cellular,13,aug,247,2,-1,0,unknown,0,positive,,
51,management,married,unknown,no,no,no,cellular,13,aug,287,2,-1,0,unknown,0,positive,,
50,technician,married,secondary,no,yes,yes,cellular,13,aug,221,8,-1,0,unknown,0,positive,,
40,technician,married,secondary,no,yes,no,cellular,13,aug,100,2,-1,0,unknown,0,positive,,
60,admin.,married,secondary,no,no,no,cellular,13,aug,352,2,-1,0,unknown,0,positive,,
55,technician,married,secondary,no,no,yes,cellular,13,aug,261,2,-1,0,unknown,0,positive,,
39,management,married,tertiary,no,no,yes,cellular,13,aug,130,4,-1,0,unknown,0,negative,,
47,admin.,married,secondary,no,yes,no,cellular,13,aug,151,2,-1,0,unknown,0,positive,,
38,technician,single,secondary,no,no,no,cellular,13,aug,95,4,-1,0,unknown,0,positive,,
30,technician,single,tertiary,no,yes,no,cellular,13,aug,150,4,-1,0,unknown,0,negative,,
47,admin.,married,secondary,no,no,no,cellular,13,aug,260,2,-1,0,unknown,0,positive,,
36,management,married,tertiary,no,no,no,cellular,13,aug,122,2,-1,0,unknown,0,positive,,
55,technician,married,secondary,no,no,no,cellular,13,aug,15,17,-1,0,unknown,0,positive,,
43,management,divorced,tertiary,no,no,no,cellular,13,aug,160,3,-1,0,unknown,0,positive,,
32,technician,married,secondary,no,no,yes,cellular,13,aug,363,1,-1,0,unknown,0,positive,,
58,management,married,tertiary,no,no,yes,cellular,13,aug,76,1,-1,0,unknown,0,positive,,
53,technician,divorced,secondary,no,no,no,cellular,13,aug,111,1,-1,0,unknown,0,positive,,
35,management,married,tertiary,no,no,no,cellular,13,aug,356,1,-1,0,unknown,0,positive,,
35,management,married,tertiary,no,no,no,cellular,13,aug,388,3,-1,0,unknown,0,positive,,
32,management,married,tertiary,no,no,no,cellular,13,aug,202,3,-1,0,unknown,0,positive,,
42,technician,married,tertiary,no,no,no,cellular,13,aug,75,5,-1,0,unknown,0,positive,,
34,technician,married,secondary,no,no,no,cellular,13,aug,413,5,-1,0,unknown,0,positive,,
58,retired,married,secondary,no,no,no,cellular,13,aug,740,4,-1,0,unknown,0,positive,,
35,management,married,tertiary,no,no,no,cellular,14,aug,76,2,-1,0,unknown,0,positive,,
48,housemaid,married,primary,no,no,no,cellular,14,aug,103,2,-1,0,unknown,0,positive,,
36,technician,married,secondary,no,no,no,cellular,14,aug,175,2,-1,0,unknown,0,positive,,
37,technician,divorced,secondary,no,no,no,cellular,14,aug,144,4,-1,0,unknown,0,positive,,
33,technician,single,tertiary,no,no,no,cellular,14,aug,96,2,-1,0,unknown,0,positive,,
41,management,married,tertiary,no,no,no,cellular,14,aug,50,5,-1,0,unknown,0,positive,,
30,technician,single,secondary,no,no,no,cellular,14,aug,205,2,-1,0,unknown,0,positive,,
34,technician,single,secondary,yes,no,no,cellular,14,aug,85,2,-1,0,unknown,0,negative,,
36,management,married,tertiary,no,no,no,cellular,14,aug,159,2,-1,0,unknown,0,positive,,
32,management,married,tertiary,no,no,no,cellular,14,aug,297,4,-1,0,unknown,0,positive,,
42,technician,single,tertiary,no,no,no,cellular,14,aug,143,2,-1,0,unknown,0,positive,,
33,technician,single,secondary,no,no,no,cellular,14,aug,423,4,-1,0,unknown,0,positive,,
55,services,married,secondary,no,no,no,cellular,14,aug,93,2,-1,0,unknown,0,positive,,
39,management,divorced,tertiary,no,yes,no,cellular,14,aug,373,2,-1,0,unknown,0,positive,,
45,blue-collar,married,unknown,no,no,no,cellular,14,aug,168,2,-1,0,unknown,0,positive,,
51,technician,married,tertiary,no,no,no,telephone,14,aug,85,4,-1,0,unknown,0,positive,,
30,technician,single,secondary,yes,no,yes,cellular,14,aug,108,6,-1,0,unknown,0,negative,,
35,technician,single,secondary,no,no,yes,cellular,14,aug,215,2,-1,0,unknown,0,positive,,
46,self-employed,married,primary,no,no,no,cellular,14,aug,77,8,-1,0,unknown,0,positive,,
47,blue-collar,married,primary,no,yes,yes,cellular,14,aug,337,2,-1,0,unknown,0,positive,,
34,management,married,tertiary,no,no,no,cellular,14,aug,94,6,-1,0,unknown,0,positive,,
33,housemaid,married,secondary,no,yes,no,cellular,14,aug,425,4,-1,0,unknown,0,positive,,
30,management,single,tertiary,no,no,no,cellular,14,aug,65,4,-1,0,unknown,0,positive,,
42,self-employed,married,secondary,no,no,no,cellular,14,aug,277,4,-1,0,unknown,0,negative,,
52,technician,married,tertiary,no,no,no,cellular,14,aug,244,2,-1,0,unknown,0,positive,,
32,self-employed,married,tertiary,no,no,no,telephone,14,aug,133,2,-1,0,unknown,0,positive,,
31,technician,married,secondary,no,no,no,cellular,14,aug,204,6,-1,0,unknown,0,positive,,
31,management,single,tertiary,no,no,no,cellular,18,aug,131,3,-1,0,unknown,0,positive,,
57,retired,married,secondary,no,no,no,cellular,18,aug,299,6,-1,0,unknown,0,positive,,
60,retired,married,secondary,no,no,yes,cellular,18,aug,87,5,-1,0,unknown,0,positive,,
45,blue-collar,married,primary,no,no,no,cellular,18,aug,113,4,-1,0,unknown,0,positive,,
35,management,married,tertiary,no,yes,no,cellular,18,aug,233,12,-1,0,unknown,0,positive,,
30,management,single,tertiary,no,no,no,cellular,18,aug,313,3,-1,0,unknown,0,positive,,
48,blue-collar,married,unknown,no,no,no,cellular,18,aug,73,6,-1,0,unknown,0,positive,,
57,blue-collar,married,secondary,no,yes,no,cellular,18,aug,70,5,-1,0,unknown,0,positive,,
45,blue-collar,married,primary,no,no,no,cellular,18,aug,34,14,-1,0,unknown,0,positive,,
45,services,married,secondary,no,no,no,cellular,18,aug,122,8,-1,0,unknown,0,positive,,
54,retired,married,primary,no,yes,yes,cellular,18,aug,48,10,-1,0,unknown,0,positive,,
55,blue-collar,married,secondary,no,no,no,cellular,18,aug,143,4,-1,0,unknown,0,positive,,
36,management,married,tertiary,no,no,no,cellular,18,aug,104,4,-1,0,unknown,0,positive,,
44,self-employed,married,tertiary,no,yes,no,cellular,18,aug,515,5,-1,0,unknown,0,positive,,
35,management,divorced,tertiary,no,no,no,cellular,18,aug,100,6,-1,0,unknown,0,negative,,
48,blue-collar,married,primary,no,no,no,cellular,18,aug,98,12,-1,0,unknown,0,positive,,
31,management,married,tertiary,no,no,no,cellular,18,aug,100,4,-1,0,unknown,0,positive,,
32,management,single,tertiary,no,yes,yes,cellular,18,aug,129,4,-1,0,unknown,0,negative,,
30,management,single,tertiary,no,no,no,cellular,18,aug,128,4,-1,0,unknown,0,positive,,
55,housemaid,married,primary,no,no,no,cellular,18,aug,111,3,-1,0,unknown,0,positive,,
45,management,married,tertiary,no,no,no,cellular,18,aug,140,13,-1,0,unknown,0,positive,,
49,admin.,married,unknown,no,no,no,cellular,18,aug,29,3,-1,0,unknown,0,positive,,
60,management,single,tertiary,no,no,no,telephone,18,aug,161,2,-1,0,unknown,0,negative,,
43,management,married,tertiary,no,no,no,cellular,18,aug,68,4,-1,0,unknown,0,positive,,
39,management,married,tertiary,no,no,no,cellular,18,aug,80,6,-1,0,unknown,0,positive,,
50,blue-collar,married,primary,no,no,no,cellular,18,aug,204,7,-1,0,unknown,0,positive,,
39,management,divorced,tertiary,no,no,yes,cellular,18,aug,74,3,-1,0,unknown,0,positive,,
32,technician,single,secondary,no,no,no,cellular,18,aug,66,4,-1,0,unknown,0,positive,,
32,technician,single,tertiary,no,no,no,cellular,18,aug,377,7,-1,0,unknown,0,positive,,
36,technician,single,tertiary,no,no,yes,cellular,18,aug,64,7,-1,0,unknown,0,positive,,
48,blue-collar,married,primary,no,no,no,cellular,18,aug,260,8,-1,0,unknown,0,positive,,
46,services,married,secondary,no,no,no,cellular,18,aug,166,6,-1,0,unknown,0,positive,,
47,blue-collar,married,secondary,no,no,no,cellular,18,aug,885,3,-1,0,unknown,0,positive,,
33,technician,single,secondary,no,no,no,cellular,18,aug,76,5,-1,0,unknown,0,positive,,
30,management,single,secondary,no,no,no,cellular,18,aug,243,9,-1,0,unknown,0,positive,,
48,technician,married,tertiary,no,no,no,cellular,18,aug,445,3,-1,0,unknown,0,positive,,
32,management,single,tertiary,no,no,no,cellular,18,aug,176,3,-1,0,unknown,0,positive,,
33,management,single,tertiary,yes,no,no,cellular,18,aug,127,4,-1,0,unknown,0,negative,,
60,services,married,primary,no,no,no,cellular,18,aug,393,3,-1,0,unknown,0,positive,,
30,management,single,tertiary,no,no,no,cellular,18,aug,189,7,-1,0,unknown,0,positive,,
49,technician,married,secondary,no,no,no,cellular,18,aug,157,3,-1,0,unknown,0,positive,,
48,blue-collar,married,secondary,no,no,no,cellular,19,aug,607,7,-1,0,unknown,0,positive,,
50,management,divorced,tertiary,no,no,no,cellular,19,aug,255,2,-1,0,unknown,0,positive,,
44,management,married,tertiary,no,no,yes,cellular,19,aug,70,2,-1,0,unknown,0,negative,,
41,self-employed,married,secondary,no,no,no,cellular,19,aug,55,4,-1,0,unknown,0,positive,,
48,unknown,married,unknown,no,no,no,cellular,19,aug,104,2,-1,0,unknown,0,positive,,
39,technician,married,secondary,no,yes,no,cellular,19,aug,344,4,-1,0,unknown,0,positive,,
45,management,married,tertiary,no,no,no,cellular,19,aug,91,2,-1,0,unknown,0,positive,,
37,admin.,divorced,secondary,no,yes,yes,cellular,19,aug,150,2,-1,0,unknown,0,positive,,
32,management,single,tertiary,no,no,no,cellular,19,aug,133,4,-1,0,unknown,0,positive,,
42,management,divorced,tertiary,no,no,no,telephone,19,aug,225,4,-1,0,unknown,0,negative,,
39,management,married,tertiary,no,yes,no,cellular,19,aug,391,6,-1,0,unknown,0,positive,,
60,self-employed,married,tertiary,no,no,no,cellular,19,aug,222,4,-1,0,unknown,0,positive,,
60,retired,married,primary,no,no,no,cellular,19,aug,99,6,-1,0,unknown,0,positive,,
37,entrepreneur,married,secondary,no,no,yes,cellular,19,aug,119,4,-1,0,unknown,0,positive,,
51,management,divorced,tertiary,no,no,no,cellular,19,aug,95,4,-1,0,unknown,0,positive,,
40,unknown,married,tertiary,no,no,no,cellular,19,aug,258,2,-1,0,unknown,0,positive,,
45,admin.,married,secondary,no,yes,no,cellular,19,aug,102,2,-1,0,unknown,0,positive,,
43,technician,married,secondary,no,yes,yes,cellular,19,aug,124,2,-1,0,unknown,0,positive,,
39,management,married,tertiary,no,no,no,cellular,19,aug,349,4,-1,0,unknown,0,positive,,
33,self-employed,married,secondary,no,no,no,cellular,19,aug,168,2,-1,0,unknown,0,positive,,
32,technician,single,secondary,no,no,no,cellular,19,aug,156,2,-1,0,unknown,0,positive,,
33,technician,single,secondary,no,no,no,cellular,19,aug,255,1,-1,0,unknown,0,positive,,
41,management,married,tertiary,no,no,no,cellular,19,aug,171,7,-1,0,unknown,0,positive,,
31,management,married,tertiary,no,no,no,cellular,19,aug,37,5,-1,0,unknown,0,positive,,
53,self-employed,married,tertiary,no,no,no,cellular,19,aug,268,14,-1,0,unknown,0,positive,,
53,technician,married,secondary,no,no,no,cellular,19,aug,609,4,-1,0,unknown,0,positive,,
48,blue-collar,married,secondary,no,no,no,cellular,19,aug,112,7,-1,0,unknown,0,negative,,
33,unemployed,married,tertiary,no,no,no,cellular,19,aug,207,3,-1,0,unknown,0,positive,,
35,technician,divorced,secondary,no,no,no,cellular,19,aug,152,3,-1,0,unknown,0,positive,,
52,management,married,secondary,no,no,no,cellular,20,aug,68,8,-1,0,unknown,0,positive,,
43,self-employed,married,tertiary,no,no,no,cellular,20,aug,190,12,-1,0,unknown,0,positive,,
46,management,divorced,tertiary,no,no,no,cellular,20,aug,50,2,-1,0,unknown,0,negative,,
47,technician,divorced,secondary,no,no,no,cellular,20,aug,64,2,-1,0,unknown,0,positive,,
39,management,married,tertiary,no,yes,no,cellular,20,aug,157,4,-1,0,unknown,0,positive,,
40,management,married,secondary,no,no,no,cellular,20,aug,129,2,-1,0,unknown,0,positive,,
45,management,married,tertiary,no,no,no,cellular,20,aug,71,2,-1,0,unknown,0,negative,,
31,management,married,tertiary,no,no,no,cellular,20,aug,195,2,-1,0,unknown,0,positive,,
46,services,married,secondary,no,no,no,cellular,20,aug,81,2,-1,0,unknown,0,positive,,
51,admin.,married,primary,no,no,no,cellular,20,aug,65,2,-1,0,unknown,0,positive,,
41,technician,single,secondary,no,no,no,cellular,20,aug,744,7,-1,0,unknown,0,positive,,
32,management,married,tertiary,no,no,no,cellular,20,aug,94,4,-1,0,unknown,0,positive,,
39,housemaid,married,secondary,no,yes,yes,cellular,20,aug,239,2,-1,0,unknown,0,negative,,
39,management,married,tertiary,no,no,no,cellular,20,aug,414,2,-1,0,unknown,0,positive,,
50,management,married,secondary,no,no,no,cellular,20,aug,203,4,-1,0,unknown,0,positive,,
49,management,married,tertiary,no,yes,no,cellular,20,aug,380,4,-1,0,unknown,0,positive,,
44,management,married,tertiary,no,no,no,cellular,20,aug,175,2,-1,0,unknown,0,positive,,
30,technician,single,secondary,no,no,no,cellular,20,aug,696,3,-1,0,unknown,0,positive,,
34,management,married,tertiary,no,no,no,cellular,20,aug,160,4,-1,0,unknown,0,positive,,
40,technician,single,secondary,no,no,no,cellular,21,aug,971,2,-1,0,unknown,0,positive,,
51,management,married,tertiary,no,no,no,cellular,21,aug,79,2,-1,0,unknown,0,negative,,
38,technician,married,secondary,no,no,no,cellular,21,aug,311,2,-1,0,unknown,0,positive,,
41,technician,divorced,secondary,no,no,no,cellular,21,aug,429,2,-1,0,unknown,0,positive,,
43,technician,married,tertiary,no,no,no,cellular,21,aug,180,2,-1,0,unknown,0,positive,,
51,blue-collar,married,primary,no,no,no,cellular,21,aug,234,4,-1,0,unknown,0,negative,,
36,management,married,tertiary,no,no,no,cellular,21,aug,173,2,-1,0,unknown,0,negative,,
39,technician,married,secondary,no,no,no,cellular,21,aug,76,2,-1,0,unknown,0,positive,,
33,management,married,tertiary,no,no,no,cellular,21,aug,151,2,-1,0,unknown,0,positive,,
31,management,single,tertiary,no,no,no,cellular,21,aug,243,2,-1,0,unknown,0,negative,,
34,technician,married,tertiary,no,yes,no,cellular,21,aug,12,21,-1,0,unknown,0,positive,,
60,blue-collar,married,secondary,no,no,no,cellular,21,aug,111,2,-1,0,unknown,0,negative,,
45,management,married,tertiary,no,no,no,cellular,21,aug,508,6,-1,0,unknown,0,negative,,
37,management,married,tertiary,no,no,no,cellular,21,aug,133,2,-1,0,unknown,0,positive,,
34,technician,single,secondary,no,yes,no,cellular,21,aug,114,2,-1,0,unknown,0,positive,,
37,self-employed,married,secondary,no,yes,yes,cellular,21,aug,161,3,-1,0,unknown,0,positive,,
57,technician,married,tertiary,no,no,no,cellular,21,aug,242,5,-1,0,unknown,0,negative,,
55,blue-collar,married,secondary,no,no,no,cellular,21,aug,42,3,-1,0,unknown,0,positive,,
36,self-employed,married,primary,no,no,no,cellular,21,aug,239,3,-1,0,unknown,0,positive,,
33,management,single,tertiary,no,no,no,cellular,21,aug,231,3,-1,0,unknown,0,positive,,
36,technician,single,secondary,no,no,no,cellular,21,aug,42,1,-1,0,unknown,0,negative,,
59,housemaid,married,secondary,no,no,no,cellular,21,aug,162,1,-1,0,unknown,0,positive,,
31,technician,single,tertiary,no,no,no,cellular,21,aug,794,1,-1,0,unknown,0,positive,,
35,management,single,tertiary,no,yes,no,cellular,21,aug,269,1,-1,0,unknown,0,negative,,
44,management,married,tertiary,no,no,no,cellular,22,aug,98,5,-1,0,unknown,0,positive,,
50,services,married,primary,no,no,no,cellular,22,aug,203,4,-1,0,unknown,0,negative,,
41,management,married,tertiary,no,no,no,cellular,22,aug,136,9,-1,0,unknown,0,positive,,
33,technician,single,tertiary,no,no,no,cellular,22,aug,76,7,-1,0,unknown,0,positive,,
45,technician,single,tertiary,no,no,no,cellular,22,aug,87,4,-1,0,unknown,0,negative,,
46,blue-collar,married,primary,no,no,no,cellular,22,aug,95,2,-1,0,unknown,0,positive,,
49,technician,married,secondary,no,no,no,cellular,22,aug,57,2,-1,0,unknown,0,positive,,
46,housemaid,single,tertiary,no,no,no,cellular,22,aug,1241,2,-1,0,unknown,0,positive,,
53,blue-collar,married,primary,no,no,no,cellular,22,aug,86,4,-1,0,unknown,0,positive,,
50,admin.,married,secondary,no,no,no,cellular,22,aug,119,4,-1,0,unknown,0,negative,,
38,technician,married,tertiary,no,no,no,cellular,22,aug,82,6,-1,0,unknown,0,negative,,
46,services,married,primary,no,no,no,cellular,22,aug,257,2,-1,0,unknown,0,positive,,
35,management,married,tertiary,no,no,no,cellular,22,aug,24,30,-1,0,unknown,0,positive,,
33,management,married,tertiary,no,no,no,cellular,22,aug,129,6,-1,0,unknown,0,positive,,
49,technician,married,secondary,no,yes,yes,cellular,22,aug,73,15,-1,0,unknown,0,positive,,
35,technician,married,secondary,no,no,no,cellular,22,aug,268,2,-1,0,unknown,0,positive,,
33,self-employed,married,tertiary,no,no,yes,cellular,22,aug,286,2,-1,0,unknown,0,positive,,
31,technician,single,secondary,no,no,no,cellular,22,aug,78,2,-1,0,unknown,0,positive,,
54,housemaid,married,primary,no,no,no,cellular,22,aug,132,2,-1,0,unknown,0,positive,,
49,housemaid,married,secondary,no,no,no,cellular,22,aug,220,2,-1,0,unknown,0,positive,,
44,management,divorced,tertiary,yes,no,no,cellular,22,aug,92,4,-1,0,unknown,0,negative,,
33,technician,single,secondary,no,no,no,cellular,22,aug,572,2,-1,0,unknown,0,positive,,
36,management,single,secondary,no,yes,no,cellular,22,aug,243,4,-1,0,unknown,0,positive,,
35,management,single,tertiary,no,yes,no,cellular,22,aug,73,4,-1,0,unknown,0,positive,,
49,admin.,married,secondary,no,no,no,cellular,22,aug,86,4,-1,0,unknown,0,positive,,
47,blue-collar,married,primary,no,no,no,telephone,22,aug,208,6,-1,0,unknown,0,positive,,
36,technician,single,secondary,no,yes,no,cellular,22,aug,251,4,-1,0,unknown,0,positive,,
32,management,single,tertiary,no,no,no,cellular,22,aug,72,4,-1,0,unknown,0,positive,,
50,management,married,tertiary,yes,no,no,cellular,22,aug,171,13,-1,0,unknown,0,positive,,
57,retired,married,primary,no,no,no,cellular,22,aug,371,4,-1,0,unknown,0,positive,,
34,management,single,secondary,no,no,no,cellular,22,aug,132,4,-1,0,unknown,0,negative,,
31,technician,single,secondary,no,no,yes,cellular,22,aug,186,2,-1,0,unknown,0,positive,,
57,technician,married,secondary,no,no,no,cellular,22,aug,527,6,-1,0,unknown,0,negative,,
56,admin.,married,secondary,no,no,no,cellular,22,aug,105,1,-1,0,unknown,0,positive,,
30,technician,single,tertiary,no,no,no,cellular,22,aug,121,2,-1,0,unknown,0,negative,,
31,technician,married,secondary,no,no,no,cellular,22,aug,436,5,-1,0,unknown,0,positive,,
53,unemployed,divorced,secondary,no,no,no,cellular,22,aug,153,6,-1,0,unknown,0,positive,,
31,technician,divorced,tertiary,no,no,no,cellular,22,aug,34,9,-1,0,unknown,0,positive,,
59,admin.,married,secondary,no,no,no,cellular,22,aug,353,16,-1,0,unknown,0,positive,,
37,management,married,tertiary,no,no,yes,cellular,22,aug,132,1,-1,0,unknown,0,positive,,
53,services,married,secondary,no,no,no,cellular,22,aug,120,10,-1,0,unknown,0,positive,,
33,management,single,tertiary,no,no,no,cellular,22,aug,182,1,-1,0,unknown,0,positive,,
32,self-employed,married,tertiary,no,no,no,cellular,22,aug,398,5,-1,0,unknown,0,positive,,
52,self-employed,married,tertiary,no,yes,no,cellular,22,aug,132,1,-1,0,unknown,0,positive,,
36,management,married,tertiary,no,yes,no,cellular,25,aug,109,5,-1,0,unknown,0,positive,,
36,management,single,tertiary,no,no,no,cellular,25,aug,48,4,-1,0,unknown,0,positive,,
53,unknown,married,unknown,no,no,no,cellular,25,aug,209,5,-1,0,unknown,0,negative,,
33,management,single,tertiary,no,yes,no,cellular,25,aug,80,4,-1,0,unknown,0,positive,,
42,management,single,tertiary,no,no,no,cellular,25,aug,129,4,-1,0,unknown,0,negative,,
49,housemaid,married,primary,no,no,yes,cellular,25,aug,125,4,-1,0,unknown,0,negative,,
37,technician,married,secondary,no,no,no,cellular,25,aug,123,6,-1,0,unknown,0,positive,,
40,technician,married,secondary,no,no,no,cellular,25,aug,59,6,-1,0,unknown,0,positive,,
56,management,single,tertiary,no,no,no,cellular,25,aug,57,4,-1,0,unknown,0,positive,,
45,admin.,married,secondary,no,no,no,cellular,25,aug,72,4,-1,0,unknown,0,positive,,
49,technician,married,secondary,no,yes,no,cellular,25,aug,90,4,-1,0,unknown,0,positive,,
54,blue-collar,married,secondary,no,yes,no,cellular,25,aug,177,4,-1,0,unknown,0,positive,,
33,technician,married,secondary,no,no,no,cellular,25,aug,250,2,-1,0,unknown,0,positive,,
36,technician,married,secondary,no,no,no,cellular,25,aug,248,2,-1,0,unknown,0,negative,,
34,technician,married,secondary,no,yes,no,cellular,25,aug,324,4,-1,0,unknown,0,positive,,
54,blue-collar,married,secondary,no,no,no,cellular,25,aug,54,6,-1,0,unknown,0,positive,,
30,management,married,tertiary,no,yes,no,cellular,25,aug,23,17,-1,0,unknown,0,positive,,
52,services,married,secondary,no,no,no,cellular,25,aug,228,4,-1,0,unknown,0,negative,,
39,entrepreneur,married,tertiary,no,no,no,cellular,25,aug,422,10,-1,0,unknown,0,negative,,
46,blue-collar,married,secondary,no,no,no,cellular,25,aug,164,4,-1,0,unknown,0,positive,,
33,technician,single,tertiary,no,no,no,cellular,25,aug,30,4,-1,0,unknown,0,positive,,
34,management,married,secondary,no,no,no,cellular,25,aug,184,7,-1,0,unknown,0,positive,,
52,technician,married,secondary,no,no,no,cellular,25,aug,160,7,-1,0,unknown,0,positive,,
33,management,married,tertiary,no,no,no,cellular,25,aug,121,8,-1,0,unknown,0,positive,,
31,technician,single,tertiary,no,no,no,cellular,25,aug,106,4,-1,0,unknown,0,positive,,
54,management,divorced,tertiary,no,no,no,cellular,25,aug,56,2,-1,0,unknown,0,positive,,
58,management,married,tertiary,no,no,no,cellular,25,aug,378,3,-1,0,unknown,0,positive,,
47,blue-collar,married,primary,no,no,no,cellular,25,aug,83,5,-1,0,unknown,0,positive,,
40,housemaid,married,primary,no,no,no,cellular,25,aug,115,4,-1,0,unknown,0,positive,,
31,management,married,tertiary,no,no,no,cellular,25,aug,392,6,-1,0,unknown,0,positive,,
48,services,married,secondary,no,yes,yes,cellular,25,aug,99,6,-1,0,unknown,0,positive,,
54,management,married,tertiary,no,no,no,cellular,25,aug,240,9,-1,0,unknown,0,positive,,
39,technician,single,secondary,no,no,no,cellular,25,aug,194,9,-1,0,unknown,0,negative,,
38,management,married,tertiary,no,yes,no,cellular,26,aug,69,4,-1,0,unknown,0,positive,,
39,technician,divorced,secondary,no,yes,yes,cellular,26,aug,209,6,-1,0,unknown,0,positive,,
37,self-employed,married,secondary,no,no,no,cellular,26,aug,179,8,-1,0,unknown,0,positive,,
41,management,married,tertiary,no,no,no,cellular,26,aug,338,9,-1,0,unknown,0,positive,,
51,management,divorced,secondary,no,no,no,cellular,26,aug,146,9,-1,0,unknown,0,positive,,
35,management,single,tertiary,no,yes,no,cellular,26,aug,135,22,-1,0,unknown,0,positive,,
48,management,married,tertiary,no,no,no,cellular,26,aug,60,5,-1,0,unknown,0,negative,,
34,management,single,tertiary,no,no,no,cellular,26,aug,64,2,-1,0,unknown,0,positive,,
46,technician,married,secondary,no,yes,no,cellular,26,aug,106,7,-1,0,unknown,0,positive,,
33,technician,married,tertiary,no,yes,no,cellular,26,aug,108,7,-1,0,unknown,0,negative,,
30,management,single,tertiary,no,no,yes,cellular,26,aug,252,2,-1,0,unknown,0,positive,,
48,technician,married,tertiary,no,no,no,telephone,26,aug,176,15,-1,0,unknown,0,negative,,
30,management,single,secondary,no,no,no,cellular,26,aug,191,2,-1,0,unknown,0,positive,,
47,blue-collar,married,primary,no,no,no,cellular,26,aug,292,2,-1,0,unknown,0,negative,,
44,management,single,secondary,no,no,no,cellular,26,aug,358,2,-1,0,unknown,0,positive,,
53,technician,married,secondary,no,no,no,cellular,26,aug,392,2,-1,0,unknown,0,negative,,
49,blue-collar,married,secondary,no,yes,no,cellular,26,aug,168,5,-1,0,unknown,0,positive,,
58,blue-collar,married,primary,no,no,no,cellular,26,aug,168,4,-1,0,unknown,0,negative,,
46,blue-collar,married,primary,no,yes,no,cellular,26,aug,260,4,-1,0,unknown,0,positive,,
37,management,single,tertiary,no,no,no,cellular,26,aug,484,2,-1,0,unknown,0,positive,,
60,retired,married,primary,no,no,no,cellular,26,aug,63,2,-1,0,unknown,0,positive,,
47,blue-collar,married,secondary,no,yes,no,cellular,26,aug,79,6,-1,0,unknown,0,positive,,
44,management,married,tertiary,no,no,no,cellular,26,aug,224,6,-1,0,unknown,0,positive,,
43,technician,married,secondary,no,no,no,cellular,26,aug,301,16,-1,0,unknown,0,positive,,
30,technician,single,secondary,no,no,no,cellular,26,aug,75,4,-1,0,unknown,0,positive,,
33,technician,married,secondary,no,yes,no,cellular,26,aug,271,4,-1,0,unknown,0,positive,,
36,entrepreneur,divorced,tertiary,no,no,no,cellular,26,aug,358,4,-1,0,unknown,0,positive,,
33,technician,single,tertiary,no,no,no,cellular,26,aug,158,9,-1,0,unknown,0,positive,,
52,self-employed,married,secondary,no,no,no,cellular,26,aug,77,4,-1,0,unknown,0,positive,,
46,management,married,tertiary,no,no,no,cellular,26,aug,182,7,-1,0,unknown,0,positive,,
58,services,married,secondary,no,no,no,cellular,26,aug,384,4,-1,0,unknown,0,positive,,
38,technician,married,secondary,no,no,no,cellular,26,aug,57,10,-1,0,unknown,0,positive,,
46,services,married,secondary,no,no,no,cellular,26,aug,225,3,-1,0,unknown,0,positive,,
32,management,divorced,tertiary,no,no,no,cellular,26,aug,99,4,-1,0,unknown,0,positive,,
45,technician,divorced,tertiary,no,no,no,cellular,27,aug,144,8,-1,0,unknown,0,positive,,
58,admin.,married,secondary,no,no,no,cellular,27,aug,503,13,-1,0,unknown,0,negative,,
55,retired,married,secondary,no,no,no,cellular,27,aug,281,5,-1,0,unknown,0,positive,,
47,admin.,married,secondary,no,no,no,cellular,27,aug,39,13,-1,0,unknown,0,positive,,
44,management,married,tertiary,no,yes,no,cellular,27,aug,159,6,-1,0,unknown,0,negative,,
42,management,single,tertiary,no,no,no,cellular,27,aug,223,13,-1,0,unknown,0,positive,,
32,management,single,tertiary,no,no,no,cellular,27,aug,121,2,-1,0,unknown,0,negative,,
57,retired,married,secondary,no,no,no,cellular,27,aug,91,2,-1,0,unknown,0,positive,,
51,blue-collar,married,secondary,no,yes,yes,telephone,27,aug,145,2,-1,0,unknown,0,positive,,
56,blue-collar,married,secondary,no,no,yes,telephone,27,aug,220,16,-1,0,unknown,0,positive,,
33,technician,single,secondary,yes,no,no,cellular,27,aug,342,4,-1,0,unknown,0,negative,,
38,technician,divorced,secondary,no,no,yes,cellular,27,aug,15,9,-1,0,unknown,0,negative,,
33,unemployed,divorced,secondary,no,no,no,telephone,27,aug,29,28,-1,0,unknown,0,positive,,
44,technician,single,secondary,no,no,yes,cellular,27,aug,14,13,-1,0,unknown,0,negative,,
39,management,divorced,tertiary,no,yes,yes,cellular,27,aug,49,4,-1,0,unknown,0,positive,,
36,self-employed,married,secondary,no,no,no,cellular,27,aug,125,15,-1,0,unknown,0,positive,,
30,management,single,tertiary,no,no,no,cellular,27,aug,16,18,-1,0,unknown,0,positive,,
47,technician,divorced,secondary,no,no,no,cellular,27,aug,120,8,-1,0,unknown,0,positive,,
32,management,divorced,tertiary,no,no,no,cellular,27,aug,88,3,-1,0,unknown,0,positive,,
55,retired,married,secondary,no,no,no,cellular,27,aug,43,3,-1,0,unknown,0,positive,,
48,blue-collar,married,primary,no,no,no,cellular,27,aug,218,7,-1,0,unknown,0,positive,,
51,housemaid,married,secondary,no,no,no,cellular,27,aug,316,5,-1,0,unknown,0,positive,,
54,management,divorced,tertiary,no,no,no,cellular,27,aug,119,11,-1,0,unknown,0,positive,,
50,management,married,secondary,no,no,no,cellular,27,aug,97,7,-1,0,unknown,0,negative,,
37,management,married,tertiary,no,no,no,cellular,27,aug,23,19,-1,0,unknown,0,positive,,
53,management,divorced,tertiary,no,no,no,cellular,27,aug,202,6,-1,0,unknown,0,positive,,
39,management,single,secondary,no,yes,no,telephone,27,aug,23,9,-1,0,unknown,0,positive,,
55,admin.,married,secondary,no,no,no,telephone,27,aug,554,6,-1,0,unknown,0,positive,,
40,technician,married,secondary,yes,no,no,cellular,27,aug,145,3,-1,0,unknown,0,positive,,
33,management,single,tertiary,no,no,no,cellular,27,aug,61,5,-1,0,unknown,0,positive,,
38,unemployed,single,secondary,no,no,no,cellular,27,aug,44,3,-1,0,unknown,0,negative,,
38,technician,married,secondary,no,no,no,cellular,28,aug,82,4,-1,0,unknown,0,negative,,
50,admin.,married,secondary,no,no,no,cellular,28,aug,131,13,-1,0,unknown,0,positive,,
38,technician,married,secondary,no,no,no,cellular,28,aug,13,17,-1,0,unknown,0,negative,,
39,management,married,tertiary,no,no,no,cellular,28,aug,148,4,-1,0,unknown,0,positive,,
52,blue-collar,married,primary,no,no,no,cellular,28,aug,51,8,-1,0,unknown,0,negative,,
40,technician,single,secondary,no,yes,no,cellular,28,aug,71,4,-1,0,unknown,0,positive,,
57,management,married,tertiary,no,no,no,cellular,28,aug,54,8,-1,0,unknown,0,positive,,
44,management,married,tertiary,no,no,no,cellular,28,aug,125,12,-1,0,unknown,0,positive,,
37,management,married,tertiary,no,no,yes,cellular,28,aug,87,11,-1,0,unknown,0,positive,,
33,management,single,tertiary,no,no,no,cellular,28,aug,59,10,-1,0,unknown,0,negative,,
50,blue-collar,married,primary,no,no,no,cellular,28,aug,119,6,-1,0,unknown,0,positive,,
50,services,married,secondary,no,no,no,cellular,28,aug,56,8,-1,0,unknown,0,positive,,
34,technician,single,secondary,no,no,no,cellular,28,aug,54,4,-1,0,unknown,0,negative,,
55,retired,married,secondary,no,no,no,cellular,28,aug,26,4,-1,0,unknown,0,positive,,
36,technician,married,secondary,no,no,no,cellular,28,aug,121,16,-1,0,unknown,0,positive,,
38,student,married,secondary,no,no,no,cellular,28,aug,12,21,-1,0,unknown,0,positive,,
59,retired,married,secondary,no,no,no,cellular,28,aug,359,7,-1,0,unknown,0,negative,,
47,services,married,unknown,yes,no,no,cellular,28,aug,21,22,-1,0,unknown,0,negative,,
37,technician,married,secondary,no,no,yes,cellular,28,aug,9,24,-1,0,unknown,0,positive,,
32,technician,divorced,secondary,no,yes,no,telephone,28,aug,85,24,-1,0,unknown,0,negative,,
40,housemaid,married,primary,no,no,no,cellular,28,aug,16,20,-1,0,unknown,0,negative,,
43,management,divorced,tertiary,no,no,no,telephone,28,aug,146,19,-1,0,unknown,0,positive,,
48,blue-collar,married,unknown,no,no,no,cellular,28,aug,429,3,-1,0,unknown,0,positive,,
32,technician,single,tertiary,no,yes,no,cellular,28,aug,16,13,-1,0,unknown,0,positive,,
52,technician,married,secondary,no,no,no,cellular,28,aug,16,20,-1,0,unknown,0,positive,,
57,retired,married,unknown,no,no,no,cellular,28,aug,31,9,-1,0,unknown,0,negative,,
45,self-employed,married,secondary,no,no,no,cellular,28,aug,238,1,-1,0,unknown,0,positive,,
36,management,married,tertiary,no,no,no,cellular,28,aug,131,1,-1,0,unknown,0,positive,,
31,management,single,tertiary,no,no,no,cellular,28,aug,162,1,-1,0,unknown,0,positive,,
34,technician,married,secondary,no,no,no,cellular,28,aug,42,10,-1,0,unknown,0,positive,,
45,technician,married,secondary,no,no,no,cellular,28,aug,90,1,-1,0,unknown,0,positive,,
44,management,married,tertiary,no,no,no,cellular,28,aug,43,1,-1,0,unknown,0,negative,,
41,technician,divorced,secondary,no,yes,no,cellular,28,aug,49,7,-1,0,unknown,0,positive,,
34,management,married,tertiary,no,no,no,cellular,28,aug,103,12,-1,0,unknown,0,positive,,
47,blue-collar,married,primary,no,no,no,cellular,28,aug,460,5,-1,0,unknown,0,positive,,
60,retired,married,secondary,no,no,no,cellular,28,aug,602,3,-1,0,unknown,0,positive,,
31,management,single,tertiary,no,no,no,cellular,28,aug,35,31,-1,0,unknown,0,negative,,
51,admin.,married,tertiary,no,yes,no,telephone,28,aug,51,3,-1,0,unknown,0,positive,,
35,management,married,tertiary,no,yes,no,cellular,28,aug,39,8,-1,0,unknown,0,positive,,
45,technician,married,tertiary,no,no,no,cellular,28,aug,14,3,-1,0,unknown,0,positive,,
36,technician,married,secondary,no,yes,no,cellular,29,aug,65,2,-1,0,unknown,0,positive,,
33,technician,married,secondary,no,no,no,cellular,29,aug,144,3,-1,0,unknown,0,positive,,
33,technician,married,secondary,no,yes,no,telephone,29,aug,57,2,-1,0,unknown,0,positive,,
34,management,married,tertiary,no,no,no,cellular,29,aug,120,2,-1,0,unknown,0,negative,,
35,technician,divorced,secondary,no,yes,yes,cellular,29,aug,114,3,-1,0,unknown,0,positive,,
40,management,married,tertiary,no,no,yes,cellular,29,aug,189,2,-1,0,unknown,0,positive,,
35,unknown,married,primary,no,no,no,cellular,29,aug,41,2,-1,0,unknown,0,positive,,
35,management,single,tertiary,no,no,no,cellular,29,aug,131,2,-1,0,unknown,0,negative,,
33,technician,married,secondary,yes,no,no,cellular,29,aug,93,2,-1,0,unknown,0,negative,,
57,admin.,married,secondary,no,no,no,cellular,29,aug,214,7,-1,0,unknown,0,positive,,
39,housemaid,divorced,primary,no,no,no,cellular,29,aug,204,2,-1,0,unknown,0,positive,,
37,management,married,tertiary,no,no,no,cellular,29,aug,36,2,-1,0,unknown,0,positive,,
31,services,single,secondary,no,no,no,cellular,29,aug,319,2,-1,0,unknown,0,positive,,
35,technician,single,tertiary,no,no,no,cellular,29,aug,300,2,-1,0,unknown,0,positive,,
38,admin.,divorced,secondary,no,no,no,cellular,29,aug,156,2,-1,0,unknown,0,positive,,
56,services,married,unknown,no,no,no,cellular,29,aug,96,2,-1,0,unknown,0,positive,,
39,management,divorced,tertiary,no,no,no,cellular,29,aug,345,2,-1,0,unknown,0,positive,,
34,technician,married,secondary,yes,no,no,cellular,29,aug,67,4,-1,0,unknown,0,positive,,
33,services,married,secondary,no,no,no,cellular,29,aug,155,2,-1,0,unknown,0,positive,,
49,self-employed,married,secondary,no,no,no,cellular,29,aug,61,4,-1,0,unknown,0,positive,,
36,technician,divorced,secondary,no,no,no,telephone,29,aug,140,2,-1,0,unknown,0,positive,,
37,technician,married,secondary,no,no,no,cellular,29,aug,301,4,-1,0,unknown,0,positive,,
50,admin.,married,tertiary,no,no,no,telephone,29,aug,253,2,-1,0,unknown,0,negative,,
37,admin.,married,secondary,no,no,no,cellular,29,aug,98,10,-1,0,unknown,0,positive,,
31,management,single,tertiary,no,no,no,telephone,29,aug,51,1,-1,0,unknown,0,positive,,
37,technician,married,secondary,no,no,no,cellular,29,aug,127,5,-1,0,unknown,0,positive,,
47,admin.,married,secondary,no,no,no,telephone,29,aug,367,3,-1,0,unknown,0,positive,,
53,entrepreneur,married,secondary,no,no,no,cellular,29,aug,88,3,-1,0,unknown,0,negative,,
43,management,married,tertiary,no,no,no,telephone,17,oct,147,1,-1,0,unknown,0,negative,,
36,management,married,tertiary,no,yes,no,telephone,22,oct,73,1,86,4,other,0,positive,,
44,blue-collar,married,secondary,no,yes,no,telephone,25,oct,119,1,89,2,other,0,positive,,
30,admin.,married,secondary,no,no,no,telephone,27,oct,3284,1,-1,0,unknown,0,positive,,
31,admin.,married,secondary,no,no,no,telephone,28,oct,60,1,-1,0,unknown,0,positive,,
59,technician,married,tertiary,no,yes,no,telephone,10,nov,4918,1,-1,0,unknown,0,positive,,
31,technician,married,secondary,no,yes,no,telephone,11,nov,133,1,-1,0,unknown,0,positive,,
33,admin.,single,secondary,no,no,no,telephone,13,nov,168,1,-1,0,unknown,0,positive,,
46,unknown,married,unknown,no,no,no,unknown,13,nov,722,1,-1,0,unknown,0,positive,,
34,technician,single,secondary,no,yes,no,cellular,17,nov,303,1,196,2,failure,0,positive,,
42,management,married,secondary,no,no,no,cellular,17,nov,80,1,-1,0,unknown,0,positive,,
40,services,divorced,unknown,no,no,no,telephone,17,nov,206,1,-1,0,unknown,0,positive,,
42,self-employed,married,tertiary,no,no,no,cellular,17,nov,139,1,-1,0,unknown,0,positive,,
47,housemaid,married,tertiary,no,yes,no,cellular,17,nov,80,1,118,1,failure,0,positive,,
33,services,single,secondary,no,yes,no,cellular,17,nov,252,1,-1,0,unknown,0,positive,,
50,management,married,tertiary,no,no,no,cellular,17,nov,53,1,-1,0,unknown,0,positive,,
30,management,single,secondary,no,no,yes,cellular,17,nov,548,1,-1,0,unknown,0,positive,,
49,services,married,secondary,no,no,no,cellular,17,nov,283,1,-1,0,unknown,0,positive,,
39,admin.,married,secondary,no,yes,no,cellular,17,nov,396,1,129,2,failure,0,positive,,
50,entrepreneur,married,secondary,no,yes,yes,cellular,17,nov,344,1,-1,0,unknown,0,negative,,
57,retired,married,secondary,no,no,no,cellular,17,nov,288,2,-1,0,unknown,0,positive,,
37,technician,married,tertiary,no,yes,no,cellular,17,nov,77,1,-1,0,unknown,0,negative,,
47,blue-collar,married,secondary,no,yes,yes,unknown,17,nov,81,1,-1,0,unknown,0,positive,,
46,blue-collar,married,secondary,no,yes,no,cellular,17,nov,127,1,-1,0,unknown,0,negative,,
58,management,married,tertiary,no,no,no,telephone,17,nov,85,1,-1,0,unknown,0,positive,,
50,entrepreneur,married,tertiary,no,yes,no,cellular,17,nov,73,1,-1,0,unknown,0,positive,,
45,technician,married,secondary,no,yes,no,cellular,17,nov,483,1,116,1,failure,0,positive,,
30,management,married,tertiary,no,yes,no,cellular,17,nov,348,1,123,1,failure,0,positive,,
41,management,single,tertiary,no,yes,no,cellular,17,nov,150,1,-1,0,unknown,0,positive,,
59,admin.,married,unknown,no,no,yes,unknown,17,nov,300,1,-1,0,unknown,0,positive,,
58,admin.,married,secondary,no,no,yes,cellular,17,nov,112,1,-1,0,unknown,0,positive,,
56,technician,divorced,secondary,no,yes,no,cellular,17,nov,110,1,103,4,failure,0,positive,,
58,management,married,tertiary,no,yes,yes,cellular,17,nov,191,2,-1,0,unknown,0,negative,,
52,blue-collar,married,secondary,no,yes,no,cellular,17,nov,125,1,-1,0,unknown,0,negative,,
58,management,divorced,tertiary,no,yes,no,cellular,17,nov,62,2,-1,0,unknown,0,positive,,
58,management,divorced,tertiary,no,yes,yes,cellular,17,nov,279,1,-1,0,unknown,0,positive,,
33,management,married,tertiary,no,no,no,unknown,17,nov,53,1,-1,0,unknown,0,positive,,
32,admin.,single,secondary,no,yes,no,cellular,17,nov,79,2,118,3,failure,0,positive,,
56,management,married,tertiary,no,yes,no,cellular,17,nov,150,2,-1,0,unknown,0,positive,,
57,admin.,married,secondary,no,no,yes,cellular,17,nov,49,3,-1,0,unknown,0,positive,,
39,blue-collar,single,primary,no,yes,no,cellular,17,nov,186,1,181,1,failure,0,positive,,
43,admin.,married,tertiary,no,yes,no,cellular,17,nov,111,1,-1,0,unknown,0,positive,,
41,technician,married,secondary,no,yes,no,cellular,17,nov,1081,1,131,1,failure,0,positive,,
53,admin.,divorced,tertiary,no,yes,yes,cellular,17,nov,64,3,-1,0,unknown,0,positive,,
51,technician,married,secondary,no,yes,no,cellular,17,nov,504,1,123,3,failure,0,positive,,
52,technician,married,tertiary,no,yes,no,cellular,17,nov,124,1,131,1,failure,0,positive,,
38,management,single,tertiary,no,yes,no,cellular,17,nov,213,2,-1,0,unknown,0,negative,,
42,blue-collar,married,secondary,no,yes,yes,cellular,17,nov,155,1,-1,0,unknown,0,positive,,
51,management,married,tertiary,no,yes,yes,cellular,17,nov,139,2,126,3,failure,0,positive,,
44,management,married,tertiary,no,yes,no,cellular,17,nov,76,3,-1,0,unknown,0,positive,,
34,admin.,single,secondary,no,no,no,cellular,17,nov,184,3,-1,0,unknown,0,positive,,
46,services,divorced,secondary,no,no,no,cellular,17,nov,407,1,150,3,success,0,negative,,
46,blue-collar,married,primary,no,yes,no,cellular,17,nov,332,1,-1,0,unknown,0,positive,,
42,admin.,single,secondary,no,yes,yes,telephone,17,nov,106,1,-1,0,unknown,0,positive,,
53,retired,married,secondary,no,yes,no,cellular,17,nov,89,1,-1,0,unknown,0,positive,,
37,services,married,secondary,yes,yes,no,cellular,17,nov,69,1,180,3,failure,0,negative,,
39,self-employed,married,tertiary,no,yes,no,cellular,17,nov,118,2,131,1,other,0,positive,,
38,technician,married,secondary,no,yes,yes,cellular,17,nov,224,2,180,1,failure,0,positive,,
47,management,married,secondary,no,yes,yes,cellular,17,nov,564,2,-1,0,unknown,0,positive,,
57,technician,married,secondary,no,no,no,unknown,17,nov,204,2,109,21,other,0,positive,,
54,management,married,tertiary,no,yes,yes,cellular,17,nov,227,2,119,1,failure,0,positive,,
50,management,married,tertiary,no,no,yes,cellular,17,nov,141,3,-1,0,unknown,0,positive,,
52,blue-collar,married,unknown,no,yes,no,cellular,17,nov,567,2,-1,0,unknown,0,positive,,
42,unemployed,married,primary,no,no,no,cellular,17,nov,178,2,151,1,failure,0,positive,,
50,admin.,married,secondary,no,yes,yes,telephone,17,nov,49,2,-1,0,unknown,0,positive,,
54,admin.,married,unknown,no,no,no,telephone,17,nov,110,2,-1,0,unknown,0,positive,,
48,admin.,married,secondary,no,no,no,cellular,17,nov,212,2,-1,0,unknown,0,positive,,
35,admin.,married,secondary,no,yes,yes,cellular,17,nov,70,3,-1,0,unknown,0,positive,,
40,admin.,married,secondary,no,yes,yes,cellular,17,nov,288,2,-1,0,unknown,0,positive,,
43,management,married,tertiary,no,yes,no,cellular,17,nov,31,2,-1,0,unknown,0,positive,,
43,services,divorced,secondary,no,yes,no,cellular,17,nov,57,4,119,3,failure,0,positive,,
44,management,married,tertiary,no,yes,no,cellular,17,nov,157,2,172,1,failure,0,positive,,
36,blue-collar,married,secondary,no,yes,no,cellular,17,nov,273,2,131,1,failure,0,negative,,
43,management,married,tertiary,no,no,no,cellular,17,nov,44,2,-1,0,unknown,0,positive,,
58,management,married,tertiary,no,no,no,telephone,17,nov,99,3,-1,0,unknown,0,positive,,
48,technician,married,unknown,no,yes,no,cellular,17,nov,499,2,195,1,failure,0,positive,,
40,technician,married,secondary,no,yes,no,cellular,17,nov,353,1,172,1,failure,0,positive,,
38,services,married,secondary,no,yes,yes,cellular,17,nov,118,2,-1,0,unknown,0,positive,,
34,blue-collar,married,secondary,no,yes,no,cellular,17,nov,301,1,-1,0,unknown,0,negative,,
54,retired,married,secondary,no,yes,no,cellular,17,nov,264,4,-1,0,unknown,0,positive,,
36,management,married,tertiary,no,no,no,telephone,17,nov,240,3,-1,0,unknown,0,positive,,
48,technician,divorced,secondary,no,no,yes,cellular,17,nov,318,1,-1,0,unknown,0,negative,,
54,technician,divorced,secondary,no,no,no,cellular,18,nov,42,1,-1,0,unknown,0,positive,,
44,entrepreneur,single,tertiary,no,yes,no,cellular,18,nov,88,1,-1,0,unknown,0,positive,,
53,technician,married,secondary,no,no,yes,cellular,18,nov,52,1,176,1,failure,0,positive,,
35,management,married,tertiary,no,yes,no,cellular,18,nov,95,1,-1,0,unknown,0,positive,,
51,housemaid,divorced,secondary,no,yes,no,cellular,18,nov,91,1,-1,0,unknown,0,negative,,
48,management,married,tertiary,no,yes,yes,telephone,18,nov,40,1,-1,0,unknown,0,positive,,
44,technician,married,secondary,no,yes,no,cellular,18,nov,67,1,105,1,failure,0,positive,,
33,technician,married,secondary,no,yes,no,cellular,18,nov,76,1,-1,0,unknown,0,positive,,
41,technician,married,secondary,no,yes,no,cellular,18,nov,55,1,-1,0,unknown,0,positive,,
58,management,married,tertiary,no,yes,no,telephone,18,nov,52,3,172,3,other,0,positive,,
53,technician,divorced,secondary,no,yes,no,cellular,18,nov,151,1,-1,0,unknown,0,positive,,
35,management,single,secondary,no,yes,no,cellular,18,nov,59,1,182,2,failure,0,positive,,
32,blue-collar,single,secondary,no,yes,no,cellular,18,nov,276,1,195,1,failure,0,positive,,
34,management,married,tertiary,no,yes,yes,cellular,18,nov,250,1,-1,0,unknown,0,positive,,
36,management,single,tertiary,no,no,yes,cellular,18,nov,300,1,96,4,failure,0,negative,,
35,blue-collar,married,secondary,no,yes,no,cellular,18,nov,645,2,-1,0,unknown,0,positive,,
44,entrepreneur,married,secondary,no,no,no,cellular,18,nov,280,2,-1,0,unknown,0,positive,,
30,technician,single,secondary,no,yes,no,cellular,18,nov,266,1,167,2,failure,0,positive,,
43,management,married,tertiary,no,yes,no,cellular,18,nov,435,4,-1,0,unknown,0,positive,,
36,technician,married,secondary,no,yes,no,cellular,18,nov,82,1,172,3,failure,0,positive,,
53,blue-collar,married,primary,no,yes,no,cellular,18,nov,198,1,-1,0,unknown,0,positive,,
37,blue-collar,married,secondary,no,yes,no,cellular,18,nov,99,1,-1,0,unknown,0,positive,,
52,self-employed,divorced,tertiary,no,yes,no,cellular,18,nov,336,1,-1,0,unknown,0,positive,,
52,entrepreneur,married,tertiary,no,yes,yes,telephone,18,nov,103,1,-1,0,unknown,0,positive,,
39,self-employed,married,tertiary,no,yes,no,cellular,18,nov,48,1,181,3,failure,0,positive,,
43,management,married,secondary,no,yes,no,cellular,18,nov,102,1,-1,0,unknown,0,positive,,
31,unemployed,married,secondary,no,no,no,telephone,18,nov,52,1,-1,0,unknown,0,positive,,
34,entrepreneur,single,tertiary,yes,no,yes,cellular,18,nov,288,1,-1,0,unknown,0,positive,,
53,entrepreneur,married,unknown,no,no,no,cellular,18,nov,52,1,165,1,failure,0,positive,,
47,entrepreneur,married,tertiary,no,no,no,telephone,18,nov,103,2,-1,0,unknown,0,negative,,
33,services,single,tertiary,no,yes,no,cellular,18,nov,199,1,-1,0,unknown,0,negative,,
39,blue-collar,divorced,primary,no,yes,no,cellular,18,nov,56,1,-1,0,unknown,0,positive,,
34,admin.,married,secondary,no,yes,no,cellular,18,nov,79,1,-1,0,unknown,0,positive,,
33,technician,single,tertiary,no,yes,no,cellular,18,nov,432,2,181,4,other,0,positive,,
39,technician,married,secondary,no,no,yes,cellular,18,nov,61,1,113,3,other,0,positive,,
40,technician,single,secondary,no,yes,no,unknown,18,nov,37,1,-1,0,unknown,0,positive,,
51,blue-collar,married,secondary,no,no,no,cellular,18,nov,73,1,-1,0,unknown,0,negative,,
30,management,single,tertiary,no,yes,no,cellular,18,nov,329,1,-1,0,unknown,0,positive,,
44,blue-collar,married,secondary,no,yes,no,telephone,18,nov,18,1,-1,0,unknown,0,positive,,
45,blue-collar,married,secondary,no,yes,no,unknown,18,nov,187,1,154,1,failure,0,positive,,
36,management,married,tertiary,no,yes,yes,cellular,18,nov,126,2,-1,0,unknown,0,positive,,
46,unemployed,married,secondary,no,no,no,cellular,18,nov,641,1,-1,0,unknown,0,positive,,
52,admin.,divorced,secondary,no,no,no,telephone,18,nov,114,1,162,2,failure,0,positive,,
31,blue-collar,married,secondary,no,yes,no,cellular,18,nov,260,1,-1,0,unknown,0,positive,,
50,blue-collar,married,primary,no,no,no,cellular,18,nov,49,3,-1,0,unknown,0,positive,,
36,services,married,primary,no,yes,no,telephone,18,nov,84,1,-1,0,unknown,0,positive,,
34,technician,married,tertiary,no,yes,yes,cellular,18,nov,58,2,-1,0,unknown,0,positive,,
50,management,married,tertiary,no,yes,no,cellular,18,nov,63,2,-1,0,unknown,0,negative,,
38,blue-collar,married,secondary,no,yes,no,cellular,18,nov,354,1,-1,0,unknown,0,positive,,
34,blue-collar,married,primary,no,yes,no,cellular,18,nov,63,1,-1,0,unknown,0,positive,,
36,self-employed,married,secondary,no,yes,no,cellular,18,nov,199,1,-1,0,unknown,0,positive,,
48,blue-collar,married,secondary,no,yes,yes,cellular,18,nov,163,1,187,3,failure,0,positive,,
48,unemployed,married,primary,no,no,no,cellular,18,nov,399,1,-1,0,unknown,0,positive,,
38,self-employed,married,tertiary,no,yes,no,cellular,18,nov,177,2,-1,0,unknown,0,positive,,
38,entrepreneur,married,tertiary,no,yes,no,cellular,18,nov,185,3,-1,0,unknown,0,negative,,
57,management,divorced,tertiary,no,no,no,cellular,18,nov,120,2,-1,0,unknown,0,positive,,
45,management,married,tertiary,no,no,no,cellular,18,nov,179,2,-1,0,unknown,0,negative,,
36,self-employed,divorced,secondary,no,yes,no,cellular,18,nov,244,2,-1,0,unknown,0,negative,,
39,services,married,unknown,no,yes,no,cellular,18,nov,186,2,123,2,failure,0,positive,,
59,housemaid,single,secondary,no,no,no,cellular,18,nov,54,2,-1,0,unknown,0,positive,,
41,technician,married,secondary,no,no,no,cellular,18,nov,474,2,-1,0,unknown,0,positive,,
45,management,single,tertiary,no,yes,no,cellular,18,nov,145,2,193,2,failure,0,positive,,
36,management,married,tertiary,no,yes,no,cellular,18,nov,72,2,-1,0,unknown,0,positive,,
44,technician,married,secondary,no,yes,no,cellular,18,nov,170,2,188,3,failure,0,positive,,
38,admin.,married,tertiary,no,no,no,cellular,18,nov,147,2,-1,0,unknown,0,positive,,
49,management,married,tertiary,no,no,no,cellular,18,nov,231,2,-1,0,unknown,0,positive,,
33,services,married,secondary,no,no,no,cellular,18,nov,160,2,-1,0,unknown,0,positive,,
42,management,single,tertiary,no,yes,yes,cellular,18,nov,89,2,162,12,failure,0,positive,,
42,management,single,tertiary,no,no,no,cellular,18,nov,43,2,-1,0,unknown,0,positive,,
36,management,married,secondary,no,yes,no,cellular,18,nov,54,2,-1,0,unknown,0,positive,,
53,self-employed,married,secondary,no,yes,no,cellular,18,nov,110,1,186,3,failure,0,positive,,
40,management,married,tertiary,no,yes,yes,cellular,18,nov,170,2,-1,0,unknown,0,positive,,
53,self-employed,married,tertiary,no,yes,yes,cellular,18,nov,80,2,-1,0,unknown,0,positive,,
45,admin.,married,secondary,no,yes,no,cellular,18,nov,108,5,-1,0,unknown,0,negative,,
59,management,married,secondary,no,yes,no,cellular,18,nov,84,2,-1,0,unknown,0,positive,,
46,blue-collar,married,secondary,no,no,no,cellular,18,nov,240,3,119,2,failure,0,positive,,
41,management,married,secondary,no,yes,no,cellular,18,nov,233,2,-1,0,unknown,0,positive,,
34,self-employed,divorced,secondary,no,yes,no,cellular,18,nov,65,1,-1,0,unknown,0,positive,,
46,management,divorced,tertiary,no,yes,no,telephone,18,nov,249,3,112,2,failure,0,positive,,
51,management,single,tertiary,no,yes,no,cellular,18,nov,99,1,-1,0,unknown,0,positive,,
30,blue-collar,married,secondary,no,yes,yes,cellular,18,nov,189,1,144,5,failure,0,positive,,
58,technician,married,tertiary,no,yes,no,telephone,18,nov,263,2,-1,0,unknown,0,positive,,
33,management,single,tertiary,no,yes,no,cellular,18,nov,247,1,-1,0,unknown,0,positive,,
35,technician,married,secondary,no,yes,yes,cellular,18,nov,83,2,144,1,failure,0,positive,,
39,technician,married,tertiary,no,yes,no,cellular,18,nov,247,2,-1,0,unknown,0,positive,,
31,technician,married,tertiary,no,no,no,cellular,18,nov,1377,1,-1,0,unknown,0,positive,,
35,services,married,secondary,no,yes,no,cellular,18,nov,110,1,123,1,other,0,positive,,
48,management,married,tertiary,no,yes,no,telephone,18,nov,1476,3,-1,0,unknown,0,positive,,
31,self-employed,single,secondary,no,yes,no,cellular,18,nov,216,1,-1,0,unknown,0,positive,,
56,retired,married,tertiary,no,no,yes,cellular,18,nov,630,1,187,2,other,0,positive,,
41,entrepreneur,married,secondary,no,no,no,cellular,19,nov,90,2,-1,0,unknown,0,positive,,
35,management,divorced,tertiary,no,no,no,cellular,19,nov,89,1,-1,0,unknown,0,positive,,
58,self-employed,married,tertiary,no,yes,no,cellular,19,nov,697,2,184,3,failure,0,positive,,
38,entrepreneur,married,tertiary,no,yes,no,cellular,19,nov,108,1,-1,0,unknown,0,positive,,
35,blue-collar,single,secondary,no,no,no,cellular,19,nov,718,1,-1,0,unknown,0,positive,,
35,services,single,secondary,no,yes,no,cellular,19,nov,305,4,-1,0,unknown,0,negative,,
58,entrepreneur,married,tertiary,no,no,no,cellular,19,nov,90,3,-1,0,unknown,0,positive,,
40,management,married,tertiary,no,yes,yes,cellular,19,nov,530,1,-1,0,unknown,0,positive,,
57,retired,single,primary,no,no,no,cellular,19,nov,187,1,-1,0,unknown,0,positive,,
46,technician,married,tertiary,no,yes,no,cellular,19,nov,499,1,-1,0,unknown,0,positive,,
42,services,married,tertiary,no,yes,no,cellular,19,nov,36,1,-1,0,unknown,0,positive,,
32,blue-collar,married,secondary,no,yes,no,cellular,19,nov,493,1,-1,0,unknown,0,positive,,
37,services,single,secondary,no,no,no,cellular,19,nov,244,1,154,8,other,0,positive,,
42,management,divorced,primary,no,yes,no,cellular,19,nov,73,5,-1,0,unknown,0,negative,,
48,management,married,secondary,no,yes,no,cellular,19,nov,239,1,-1,0,unknown,0,positive,,
39,admin.,married,secondary,no,yes,no,cellular,19,nov,183,1,-1,0,unknown,0,positive,,
40,entrepreneur,married,tertiary,no,no,no,cellular,19,nov,723,1,-1,0,unknown,0,positive,,
45,entrepreneur,married,tertiary,no,no,no,cellular,19,nov,401,1,-1,0,unknown,0,positive,,
47,technician,married,secondary,no,no,no,cellular,19,nov,51,2,-1,0,unknown,0,positive,,
40,blue-collar,married,primary,no,yes,no,telephone,19,nov,111,2,156,1,failure,0,positive,,
35,management,married,tertiary,no,yes,no,cellular,19,nov,248,1,-1,0,unknown,0,positive,,
41,management,divorced,tertiary,no,no,no,cellular,19,nov,39,1,-1,0,unknown,0,positive,,
54,technician,married,secondary,no,yes,no,cellular,19,nov,108,1,-1,0,unknown,0,positive,,
31,unemployed,married,secondary,no,yes,no,cellular,19,nov,631,1,-1,0,unknown,0,positive,,
33,management,married,tertiary,yes,yes,yes,cellular,19,nov,340,2,-1,0,unknown,0,negative,,
33,management,single,tertiary,no,yes,no,cellular,19,nov,190,1,-1,0,unknown,0,positive,,
30,services,single,secondary,no,yes,no,cellular,19,nov,87,2,-1,0,unknown,0,positive,,
37,blue-collar,married,secondary,no,yes,no,cellular,19,nov,62,3,190,4,success,0,positive,,
53,management,married,tertiary,no,no,no,cellular,19,nov,93,1,-1,0,unknown,0,positive,,
41,management,married,tertiary,no,no,no,cellular,19,nov,40,1,-1,0,unknown,0,positive,,
34,management,divorced,tertiary,no,no,yes,cellular,19,nov,190,1,-1,0,unknown,0,positive,,
50,technician,married,secondary,no,yes,no,cellular,19,nov,69,1,190,1,other,0,positive,,
39,management,married,secondary,no,no,no,telephone,19,nov,140,1,119,2,failure,0,positive,,
39,entrepreneur,married,primary,no,yes,yes,cellular,19,nov,134,1,-1,0,unknown,0,positive,,
33,entrepreneur,married,secondary,no,yes,yes,cellular,19,nov,17,5,198,1,failure,0,positive,,
44,services,divorced,tertiary,no,no,yes,cellular,19,nov,105,1,146,1,failure,0,positive,,
55,technician,married,primary,no,no,yes,cellular,19,nov,742,1,-1,0,unknown,0,positive,,
39,management,married,secondary,no,no,no,cellular,19,nov,360,1,153,2,other,0,positive,,
41,blue-collar,single,secondary,no,no,no,cellular,19,nov,130,1,-1,0,unknown,0,positive,,
44,management,divorced,secondary,no,yes,no,telephone,19,nov,319,1,-1,0,unknown,0,negative,,
45,self-employed,married,secondary,no,no,no,cellular,19,nov,296,1,-1,0,unknown,0,positive,,
46,unemployed,married,secondary,no,yes,no,cellular,19,nov,161,1,-1,0,unknown,0,positive,,
33,blue-collar,married,tertiary,no,yes,no,cellular,19,nov,384,1,183,1,failure,0,positive,,
34,entrepreneur,married,tertiary,no,no,no,cellular,19,nov,98,1,-1,0,unknown,0,positive,,
30,unemployed,married,secondary,no,no,no,cellular,19,nov,73,1,-1,0,unknown,0,positive,,
49,admin.,married,secondary,no,yes,no,cellular,19,nov,236,1,-1,0,unknown,0,positive,,
30,management,single,tertiary,no,no,no,cellular,19,nov,50,1,-1,0,unknown,0,positive,,
35,blue-collar,married,secondary,no,no,no,cellular,19,nov,127,1,111,2,failure,0,positive,,
55,management,married,tertiary,no,no,no,cellular,19,nov,124,2,-1,0,unknown,0,positive,,
39,management,married,tertiary,no,no,no,cellular,19,nov,145,1,-1,0,unknown,0,positive,,
36,management,married,primary,no,yes,no,cellular,19,nov,277,1,-1,0,unknown,0,positive,,
32,management,married,tertiary,no,no,no,telephone,19,nov,385,1,-1,0,unknown,0,positive,,
34,admin.,married,secondary,no,no,no,cellular,19,nov,94,1,-1,0,unknown,0,positive,,
33,unemployed,married,secondary,yes,yes,yes,cellular,19,nov,286,3,-1,0,unknown,0,negative,,
42,management,single,tertiary,no,yes,no,cellular,19,nov,501,2,-1,0,unknown,0,positive,,
38,management,married,tertiary,no,yes,yes,cellular,19,nov,408,1,183,1,failure,0,positive,,
52,services,divorced,secondary,no,no,no,cellular,19,nov,77,1,-1,0,unknown,0,positive,,
56,self-employed,married,tertiary,yes,no,no,cellular,19,nov,122,1,-1,0,unknown,0,negative,,
37,blue-collar,married,primary,no,yes,no,cellular,19,nov,178,1,170,2,failure,0,positive,,
47,blue-collar,divorced,primary,no,yes,no,cellular,19,nov,662,2,-1,0,unknown,0,positive,,
32,technician,single,tertiary,yes,no,no,cellular,19,nov,122,2,-1,0,unknown,0,negative,,
55,unemployed,married,secondary,no,yes,no,cellular,19,nov,70,1,174,2,other,0,positive,,
41,services,married,primary,no,yes,no,cellular,19,nov,223,2,-1,0,unknown,0,positive,,
37,management,single,tertiary,no,yes,no,cellular,19,nov,101,2,104,4,failure,0,positive,,
30,blue-collar,married,secondary,no,yes,no,cellular,19,nov,174,2,-1,0,unknown,0,positive,,
32,technician,married,tertiary,no,yes,no,cellular,19,nov,231,4,-1,0,unknown,0,negative,,
40,blue-collar,married,secondary,no,yes,yes,cellular,19,nov,53,2,-1,0,unknown,0,negative,,
54,management,married,tertiary,no,no,no,cellular,19,nov,151,2,-1,0,unknown,0,positive,,
54,entrepreneur,married,unknown,no,no,no,cellular,19,nov,221,5,-1,0,unknown,0,positive,,
50,blue-collar,married,tertiary,no,no,no,cellular,19,nov,1184,3,160,1,failure,0,positive,,
56,management,divorced,tertiary,no,no,no,cellular,19,nov,117,2,-1,0,unknown,0,positive,,
53,management,married,tertiary,no,no,no,cellular,19,nov,299,4,107,2,failure,0,positive,,
54,self-employed,married,primary,no,yes,no,cellular,19,nov,300,5,170,3,failure,0,positive,,
57,retired,divorced,tertiary,no,no,no,cellular,19,nov,130,2,-1,0,unknown,0,positive,,
49,technician,single,secondary,no,no,no,cellular,19,nov,37,2,-1,0,unknown,0,positive,,
47,technician,divorced,primary,no,yes,no,cellular,19,nov,332,4,-1,0,unknown,0,positive,,
54,management,married,tertiary,no,no,no,cellular,19,nov,214,3,-1,0,unknown,0,negative,,
30,management,single,tertiary,no,no,yes,cellular,19,nov,70,4,-1,0,unknown,0,positive,,
31,management,married,tertiary,no,yes,yes,cellular,19,nov,323,2,-1,0,unknown,0,positive,,
45,entrepreneur,married,tertiary,no,yes,no,cellular,19,nov,517,2,187,3,failure,0,positive,,
50,management,single,unknown,no,no,no,cellular,19,nov,11,3,166,3,other,0,positive,,
47,self-employed,married,primary,no,no,no,cellular,20,nov,274,2,-1,0,unknown,0,positive,,
40,entrepreneur,married,secondary,no,no,no,cellular,20,nov,82,3,-1,0,unknown,0,positive,,
52,management,divorced,tertiary,no,no,yes,telephone,20,nov,36,3,-1,0,unknown,0,positive,,
52,management,single,tertiary,no,yes,yes,cellular,20,nov,77,2,-1,0,unknown,0,positive,,
35,management,married,tertiary,no,yes,no,cellular,20,nov,298,2,171,3,success,0,positive,,
33,services,married,primary,no,no,no,telephone,20,nov,114,2,-1,0,unknown,0,positive,,
44,housemaid,single,secondary,no,no,no,cellular,20,nov,186,1,-1,0,unknown,0,positive,,
34,management,divorced,tertiary,no,no,no,cellular,20,nov,209,3,-1,0,unknown,0,positive,,
35,management,divorced,tertiary,no,no,no,cellular,20,nov,392,2,106,2,success,0,positive,,
34,admin.,single,secondary,no,no,no,cellular,20,nov,68,1,136,4,failure,0,positive,,
34,management,married,tertiary,no,yes,no,cellular,20,nov,184,1,-1,0,unknown,0,positive,,
45,management,single,tertiary,no,no,no,telephone,20,nov,25,8,-1,0,unknown,0,positive,,
33,technician,single,secondary,no,yes,no,cellular,20,nov,428,1,-1,0,unknown,0,positive,,
34,entrepreneur,married,tertiary,no,no,yes,cellular,20,nov,366,4,-1,0,unknown,0,positive,,
57,management,divorced,tertiary,no,no,no,telephone,20,nov,76,9,-1,0,unknown,0,positive,,
52,management,married,tertiary,no,yes,no,cellular,20,nov,231,1,-1,0,unknown,0,positive,,
47,admin.,single,primary,no,no,no,cellular,20,nov,101,1,-1,0,unknown,0,positive,,
39,admin.,married,secondary,no,no,no,cellular,20,nov,422,1,-1,0,unknown,0,positive,,
34,technician,single,tertiary,no,yes,no,cellular,20,nov,128,5,-1,0,unknown,0,positive,,
43,admin.,married,unknown,no,yes,no,cellular,20,nov,48,4,-1,0,unknown,0,positive,,
42,management,single,tertiary,no,no,no,cellular,20,nov,20,6,-1,0,unknown,0,positive,,
40,technician,single,secondary,no,no,no,cellular,20,nov,67,1,91,2,failure,0,positive,,
53,technician,married,unknown,no,no,no,cellular,20,nov,277,1,-1,0,unknown,0,positive,,
54,self-employed,married,primary,no,no,yes,cellular,20,nov,91,1,-1,0,unknown,0,positive,,
55,self-employed,married,secondary,no,no,no,telephone,20,nov,172,1,-1,0,unknown,0,positive,,
32,technician,single,secondary,no,no,no,cellular,20,nov,302,4,-1,0,unknown,0,positive,,
50,management,married,secondary,no,yes,no,cellular,20,nov,152,1,190,1,failure,0,negative,,
40,entrepreneur,married,tertiary,no,no,no,cellular,20,nov,57,1,-1,0,unknown,0,positive,,
46,blue-collar,divorced,secondary,no,no,yes,cellular,20,nov,90,2,-1,0,unknown,0,positive,,
32,self-employed,married,tertiary,no,no,yes,cellular,20,nov,228,1,-1,0,unknown,0,positive,,
37,entrepreneur,married,tertiary,no,yes,yes,cellular,20,nov,276,1,157,1,failure,0,positive,,
56,technician,divorced,tertiary,no,yes,no,telephone,20,nov,26,1,-1,0,unknown,0,positive,,
50,blue-collar,married,primary,no,yes,yes,cellular,20,nov,177,1,-1,0,unknown,0,positive,,
53,admin.,married,secondary,no,yes,no,cellular,20,nov,151,1,-1,0,unknown,0,positive,,
57,retired,married,secondary,no,no,no,telephone,20,nov,90,2,-1,0,unknown,0,positive,,
55,technician,married,secondary,no,yes,no,cellular,20,nov,227,1,-1,0,unknown,0,positive,,
35,blue-collar,married,secondary,no,no,no,cellular,20,nov,178,1,-1,0,unknown,0,positive,,
30,technician,single,secondary,no,yes,no,cellular,20,nov,274,2,-1,0,unknown,0,positive,,
44,services,married,secondary,no,no,yes,cellular,20,nov,487,1,118,1,other,0,negative,,
32,blue-collar,married,secondary,no,yes,no,cellular,20,nov,418,3,-1,0,unknown,0,positive,,
36,blue-collar,single,secondary,no,yes,no,cellular,20,nov,287,2,-1,0,unknown,0,positive,,
49,self-employed,married,tertiary,no,no,no,cellular,20,nov,226,3,-1,0,unknown,0,positive,,
55,admin.,divorced,secondary,no,no,no,cellular,20,nov,324,7,153,4,failure,0,positive,,
31,services,married,secondary,no,yes,no,cellular,20,nov,128,1,-1,0,unknown,0,positive,,
34,admin.,married,secondary,no,yes,no,cellular,20,nov,145,1,-1,0,unknown,0,positive,,
48,entrepreneur,married,primary,no,no,no,cellular,20,nov,123,1,-1,0,unknown,0,positive,,
57,management,married,tertiary,no,yes,no,cellular,20,nov,72,1,-1,0,unknown,0,positive,,
36,management,single,tertiary,no,no,yes,cellular,20,nov,111,2,-1,0,unknown,0,positive,,
40,blue-collar,married,primary,no,no,no,cellular,20,nov,325,2,-1,0,unknown,0,positive,,
31,entrepreneur,single,tertiary,no,no,no,cellular,20,nov,486,2,-1,0,unknown,0,positive,,
36,management,married,secondary,no,no,no,cellular,20,nov,80,1,-1,0,unknown,0,negative,,
34,blue-collar,married,secondary,no,yes,no,cellular,20,nov,283,1,-1,0,unknown,0,positive,,
35,admin.,married,secondary,no,yes,no,cellular,20,nov,219,7,133,1,failure,0,positive,,
37,blue-collar,single,secondary,no,yes,no,cellular,20,nov,149,2,-1,0,unknown,0,positive,,
36,blue-collar,married,primary,no,no,no,telephone,20,nov,35,1,-1,0,unknown,0,positive,,
33,self-employed,single,tertiary,no,no,no,cellular,20,nov,230,1,-1,0,unknown,0,positive,,
37,unemployed,married,secondary,no,no,no,cellular,20,nov,109,4,-1,0,unknown,0,positive,,
45,technician,married,secondary,no,yes,no,cellular,20,nov,215,6,188,2,failure,0,positive,,
39,entrepreneur,divorced,tertiary,no,yes,yes,cellular,20,nov,186,1,-1,0,unknown,0,positive,,
32,management,single,secondary,no,no,yes,cellular,20,nov,267,1,-1,0,unknown,0,positive,,
40,management,divorced,tertiary,no,no,no,cellular,20,nov,128,2,189,1,failure,0,positive,,
32,technician,married,secondary,no,yes,yes,cellular,20,nov,330,3,-1,0,unknown,0,positive,,
43,self-employed,married,primary,no,no,no,cellular,20,nov,227,1,-1,0,unknown,0,positive,,
58,self-employed,married,tertiary,no,yes,no,cellular,20,nov,88,2,-1,0,unknown,0,positive,,
53,blue-collar,single,primary,no,no,no,cellular,20,nov,196,2,-1,0,unknown,0,positive,,
30,management,married,secondary,no,yes,no,cellular,20,nov,104,5,-1,0,unknown,0,positive,,
43,services,married,secondary,no,yes,no,cellular,20,nov,165,3,-1,0,unknown,0,positive,,
43,blue-collar,married,secondary,no,yes,no,telephone,20,nov,105,2,184,3,other,0,positive,,
31,blue-collar,single,primary,no,yes,yes,cellular,20,nov,470,2,-1,0,unknown,0,positive,,
42,technician,married,secondary,no,yes,no,cellular,20,nov,75,2,-1,0,unknown,0,positive,,
53,blue-collar,divorced,primary,no,yes,no,cellular,20,nov,95,2,-1,0,unknown,0,positive,,
40,services,married,secondary,no,yes,yes,cellular,20,nov,194,4,188,8,other,0,positive,,
51,unemployed,married,secondary,no,no,no,cellular,20,nov,176,2,-1,0,unknown,0,positive,,
56,services,married,secondary,no,yes,no,telephone,20,nov,233,4,115,6,failure,0,positive,,
30,management,single,tertiary,no,yes,no,cellular,20,nov,370,2,-1,0,unknown,0,positive,,
42,admin.,divorced,secondary,yes,no,no,cellular,20,nov,298,2,112,2,other,0,positive,,
46,blue-collar,married,primary,no,yes,no,cellular,20,nov,157,2,-1,0,unknown,0,positive,,
52,management,married,tertiary,no,yes,no,cellular,20,nov,90,2,-1,0,unknown,0,positive,,
37,technician,divorced,secondary,no,yes,no,cellular,20,nov,178,2,170,8,other,0,positive,,
46,blue-collar,married,primary,no,yes,no,cellular,20,nov,825,6,174,4,failure,0,positive,,
53,management,married,tertiary,no,no,no,telephone,20,nov,278,6,112,2,failure,0,positive,,
30,blue-collar,single,primary,no,yes,no,cellular,20,nov,1329,2,-1,0,unknown,0,negative,,
35,services,divorced,primary,no,no,no,cellular,20,nov,165,4,-1,0,unknown,0,positive,,
35,management,married,tertiary,no,yes,yes,cellular,21,nov,83,4,-1,0,unknown,0,positive,,
38,blue-collar,single,secondary,no,yes,no,cellular,21,nov,87,2,168,2,other,0,positive,,
53,management,single,secondary,no,yes,no,cellular,21,nov,81,6,189,3,failure,0,positive,,
48,management,divorced,tertiary,no,no,no,cellular,21,nov,275,2,-1,0,unknown,0,negative,,
31,management,single,tertiary,no,yes,no,cellular,21,nov,37,2,123,1,failure,0,positive,,
40,services,married,secondary,no,yes,yes,cellular,21,nov,116,2,113,4,failure,0,positive,,
36,technician,married,tertiary,no,no,no,cellular,21,nov,50,2,121,2,failure,0,positive,,
53,services,single,secondary,no,yes,no,cellular,21,nov,322,1,-1,0,unknown,0,positive,,
31,admin.,married,secondary,no,yes,no,cellular,21,nov,441,1,-1,0,unknown,0,positive,,
54,technician,single,secondary,no,no,no,cellular,21,nov,149,5,-1,0,unknown,0,positive,,
30,management,single,secondary,no,yes,no,cellular,21,nov,49,1,-1,0,unknown,0,positive,,
49,management,married,tertiary,no,no,no,cellular,21,nov,215,1,-1,0,unknown,0,positive,,
52,management,single,tertiary,no,no,no,cellular,21,nov,337,1,-1,0,unknown,0,positive,,
50,housemaid,married,primary,no,no,no,cellular,21,nov,714,1,-1,0,unknown,0,positive,,
30,blue-collar,single,primary,no,yes,no,cellular,21,nov,569,1,175,3,other,0,positive,,
46,self-employed,married,unknown,no,no,no,cellular,21,nov,104,1,189,2,failure,0,negative,,
33,blue-collar,married,unknown,no,yes,no,cellular,21,nov,195,1,-1,0,unknown,0,positive,,
32,technician,married,secondary,no,yes,no,cellular,21,nov,131,1,-1,0,unknown,0,positive,,
57,management,married,tertiary,no,yes,no,cellular,21,nov,67,1,-1,0,unknown,0,negative,,
45,blue-collar,married,secondary,no,no,no,cellular,21,nov,46,1,163,1,other,0,positive,,
44,blue-collar,married,secondary,no,no,yes,cellular,21,nov,103,1,141,2,failure,0,positive,,
33,admin.,married,secondary,no,yes,no,cellular,21,nov,57,6,-1,0,unknown,0,negative,,
32,student,single,secondary,no,no,no,cellular,21,nov,206,1,-1,0,unknown,0,negative,,
36,blue-collar,married,secondary,no,yes,no,cellular,21,nov,161,1,-1,0,unknown,0,positive,,
34,management,married,tertiary,no,yes,no,cellular,21,nov,91,1,-1,0,unknown,0,positive,,
50,entrepreneur,married,tertiary,no,no,no,cellular,21,nov,65,1,-1,0,unknown,0,positive,,
59,retired,married,tertiary,no,no,no,cellular,21,nov,161,1,-1,0,unknown,0,positive,,
44,management,divorced,unknown,no,no,yes,cellular,21,nov,279,1,-1,0,unknown,0,positive,,
36,blue-collar,married,secondary,no,yes,no,cellular,21,nov,154,1,-1,0,unknown,0,positive,,
49,technician,married,secondary,no,no,no,cellular,21,nov,586,1,-1,0,unknown,0,positive,,
43,entrepreneur,single,tertiary,no,no,no,cellular,21,nov,189,3,-1,0,unknown,0,positive,,
52,management,married,tertiary,no,yes,no,cellular,21,nov,235,2,-1,0,unknown,0,positive,,
43,management,married,tertiary,no,yes,no,cellular,21,nov,105,1,-1,0,unknown,0,positive,,
47,blue-collar,married,secondary,no,no,no,cellular,21,nov,57,7,154,5,failure,0,positive,,
55,technician,married,tertiary,no,no,no,cellular,21,nov,42,1,-1,0,unknown,0,positive,,
52,self-employed,married,tertiary,no,yes,yes,cellular,21,nov,81,1,-1,0,unknown,0,positive,,
40,admin.,married,secondary,no,no,no,cellular,21,nov,199,2,-1,0,unknown,0,positive,,
33,management,married,tertiary,no,no,no,cellular,21,nov,44,3,-1,0,unknown,0,positive,,
41,management,married,secondary,no,no,yes,cellular,21,nov,59,1,-1,0,unknown,0,positive,,
45,management,married,secondary,yes,yes,no,cellular,21,nov,526,1,-1,0,unknown,0,positive,,
39,technician,married,secondary,no,yes,yes,cellular,21,nov,83,1,-1,0,unknown,0,negative,,
43,blue-collar,married,secondary,no,yes,no,cellular,21,nov,144,1,-1,0,unknown,0,positive,,
42,management,married,tertiary,no,yes,no,cellular,21,nov,306,1,-1,0,unknown,0,positive,,
37,management,married,tertiary,no,yes,no,cellular,21,nov,202,1,106,5,failure,0,positive,,
54,blue-collar,married,primary,no,yes,no,telephone,21,nov,312,1,130,3,other,0,positive,,
53,entrepreneur,married,unknown,no,no,no,cellular,21,nov,199,1,-1,0,unknown,0,positive,,
49,management,married,tertiary,no,no,no,cellular,21,nov,8,5,-1,0,unknown,0,positive,,
41,management,married,tertiary,no,yes,yes,cellular,21,nov,164,1,176,1,failure,0,positive,,
49,housemaid,married,primary,no,yes,no,cellular,21,nov,450,1,-1,0,unknown,0,positive,,
44,management,divorced,tertiary,no,no,yes,cellular,21,nov,661,1,-1,0,unknown,0,positive,,
40,admin.,married,secondary,no,no,no,cellular,21,nov,492,2,-1,0,unknown,0,positive,,
49,admin.,divorced,secondary,no,yes,no,cellular,21,nov,264,2,172,1,failure,0,positive,,
30,management,married,tertiary,no,yes,no,cellular,21,nov,206,2,119,3,other,0,positive,,
33,management,married,tertiary,no,no,no,cellular,21,nov,55,1,-1,0,unknown,0,positive,,
32,technician,single,secondary,no,no,no,cellular,21,nov,48,1,-1,0,unknown,0,positive,,
32,management,single,tertiary,no,no,no,cellular,21,nov,24,5,-1,0,unknown,0,positive,,
43,management,married,tertiary,no,yes,no,cellular,21,nov,259,1,-1,0,unknown,0,positive,,
47,technician,married,secondary,no,yes,no,cellular,21,nov,58,1,127,1,failure,0,positive,,
39,unemployed,married,tertiary,no,yes,yes,cellular,21,nov,673,1,-1,0,unknown,0,positive,,
40,entrepreneur,married,secondary,no,no,no,cellular,21,nov,133,1,-1,0,unknown,0,positive,,
33,management,single,tertiary,no,yes,no,cellular,21,nov,285,1,179,4,other,0,positive,,
38,technician,married,secondary,no,yes,no,cellular,21,nov,57,5,199,1,success,0,positive,,
40,management,married,secondary,no,yes,no,cellular,21,nov,527,1,95,2,other,0,positive,,
39,management,married,tertiary,no,no,yes,cellular,21,nov,151,1,-1,0,unknown,0,positive,,
36,technician,married,secondary,no,no,yes,cellular,21,nov,455,2,94,3,other,0,positive,,
32,blue-collar,married,primary,no,yes,no,cellular,21,nov,51,2,-1,0,unknown,0,positive,,
33,entrepreneur,single,tertiary,no,no,no,cellular,21,nov,240,3,-1,0,unknown,0,positive,,
59,management,divorced,tertiary,no,yes,no,cellular,21,nov,75,1,-1,0,unknown,0,positive,,
48,admin.,single,secondary,no,no,yes,telephone,21,nov,47,2,-1,0,unknown,0,negative,,
35,unemployed,married,tertiary,no,no,yes,cellular,21,nov,229,2,-1,0,unknown,0,positive,,
32,self-employed,single,tertiary,no,no,yes,cellular,21,nov,157,2,-1,0,unknown,0,negative,,
31,technician,married,tertiary,no,no,no,cellular,21,nov,48,6,-1,0,unknown,0,positive,,
36,management,married,tertiary,no,yes,no,cellular,21,nov,106,2,-1,0,unknown,0,positive,,
30,admin.,single,secondary,no,yes,no,cellular,21,nov,75,1,-1,0,unknown,0,positive,,
32,management,single,secondary,no,yes,no,cellular,21,nov,78,1,-1,0,unknown,0,positive,,
57,management,divorced,tertiary,no,no,yes,cellular,21,nov,61,2,-1,0,unknown,0,negative,,
36,management,single,tertiary,no,no,no,unknown,21,nov,20,1,-1,0,unknown,0,positive,,
34,unknown,married,secondary,no,no,no,cellular,21,nov,50,2,-1,0,unknown,0,positive,,
40,management,married,secondary,no,yes,no,cellular,21,nov,139,2,129,4,failure,0,positive,,
49,services,married,primary,no,yes,no,telephone,21,nov,33,1,-1,0,unknown,0,positive,,
35,entrepreneur,married,primary,no,yes,no,cellular,21,nov,166,1,-1,0,unknown,0,positive,,
34,management,single,tertiary,no,no,no,telephone,21,nov,39,9,-1,0,unknown,0,positive,,
30,self-employed,married,tertiary,no,no,no,cellular,21,nov,58,2,-1,0,unknown,0,positive,,
37,technician,single,secondary,no,yes,no,cellular,21,nov,39,4,182,3,failure,0,positive,,
41,self-employed,divorced,tertiary,no,yes,no,cellular,21,nov,855,3,-1,0,unknown,0,positive,,
35,self-employed,married,secondary,no,yes,no,cellular,21,nov,484,4,-1,0,unknown,0,positive,,
33,management,single,tertiary,no,yes,yes,cellular,21,nov,330,2,-1,0,unknown,0,negative,,
49,management,married,tertiary,no,no,yes,cellular,21,nov,158,4,-1,0,unknown,0,positive,,
31,services,married,secondary,yes,yes,no,cellular,21,nov,214,2,-1,0,unknown,0,negative,,
45,blue-collar,married,secondary,no,yes,yes,cellular,21,nov,197,2,99,2,other,0,positive,,
47,blue-collar,married,secondary,no,yes,no,cellular,21,nov,127,2,176,2,other,0,positive,,
43,management,married,tertiary,no,yes,yes,cellular,21,nov,170,2,-1,0,unknown,0,positive,,
47,admin.,married,secondary,no,no,no,telephone,21,nov,129,3,-1,0,unknown,0,positive,,
55,unemployed,married,tertiary,no,yes,no,cellular,21,nov,223,2,186,3,other,0,positive,,
35,self-employed,single,secondary,no,no,no,telephone,21,nov,1441,3,-1,0,unknown,0,positive,,
43,entrepreneur,married,primary,no,yes,no,cellular,21,nov,9,5,-1,0,unknown,0,positive,,
32,admin.,married,tertiary,no,yes,no,cellular,21,nov,37,2,-1,0,unknown,0,positive,,
34,management,married,tertiary,no,yes,no,cellular,21,nov,8,3,-1,0,unknown,0,positive,,
36,blue-collar,married,tertiary,yes,yes,no,cellular,21,nov,36,2,-1,0,unknown,0,negative,,
50,technician,married,primary,no,no,yes,cellular,21,nov,61,7,136,1,failure,0,negative,,
36,blue-collar,married,primary,no,yes,no,cellular,21,nov,219,2,-1,0,unknown,0,positive,,
50,admin.,divorced,secondary,no,yes,no,telephone,21,nov,205,3,119,8,failure,0,positive,,
38,management,divorced,tertiary,no,yes,yes,cellular,4,dec,18,1,-1,0,unknown,0,negative,,
30,blue-collar,single,secondary,no,no,no,telephone,5,dec,291,1,-1,0,unknown,0,positive,,
53,unknown,married,unknown,no,no,no,telephone,28,jan,69,1,-1,0,unknown,0,positive,,
33,blue-collar,married,secondary,yes,yes,yes,cellular,28,jan,104,1,245,2,failure,0,negative,,
49,management,married,tertiary,no,no,no,cellular,28,jan,280,1,-1,0,unknown,0,positive,,
28,student,single,tertiary,no,no,no,cellular,28,jan,81,2,-1,0,unknown,0,positive,,
43,services,married,secondary,no,yes,no,cellular,28,jan,347,1,230,1,failure,0,positive,,
33,management,married,tertiary,no,no,no,cellular,28,jan,384,1,-1,0,unknown,0,positive,,
26,blue-collar,single,secondary,no,no,no,telephone,28,jan,43,1,-1,0,unknown,0,positive,,
58,admin.,married,unknown,no,no,no,cellular,28,jan,56,1,-1,0,unknown,0,positive,,
58,retired,married,secondary,no,yes,yes,cellular,28,jan,223,1,196,1,failure,0,positive,,
31,technician,single,tertiary,no,no,no,cellular,28,jan,97,2,-1,0,unknown,0,positive,,
54,entrepreneur,married,tertiary,no,no,yes,cellular,28,jan,242,1,184,8,failure,0,positive,,
57,management,married,secondary,no,no,no,cellular,28,jan,132,1,-1,0,unknown,0,negative,,
31,technician,married,secondary,no,yes,yes,cellular,28,jan,71,1,223,9,other,0,negative,,
38,technician,single,secondary,no,yes,no,cellular,28,jan,52,1,-1,0,unknown,0,positive,,
50,blue-collar,single,tertiary,no,no,no,cellular,28,jan,268,1,-1,0,unknown,0,positive,,
45,management,married,secondary,no,yes,yes,cellular,28,jan,625,1,-1,0,unknown,0,negative,,
49,unemployed,married,primary,no,no,no,cellular,28,jan,60,1,-1,0,unknown,0,positive,,
42,housemaid,single,secondary,no,no,no,telephone,28,jan,44,1,-1,0,unknown,0,positive,,
53,housemaid,married,tertiary,no,no,no,cellular,28,jan,48,1,181,5,failure,0,positive,,
60,self-employed,married,primary,no,no,yes,cellular,28,jan,326,1,183,6,success,0,positive,,
59,retired,divorced,secondary,no,no,no,cellular,28,jan,192,1,-1,0,unknown,0,positive,,
57,blue-collar,married,secondary,no,no,yes,telephone,28,jan,120,2,154,16,failure,0,positive,,
45,technician,divorced,secondary,no,yes,no,cellular,28,jan,368,1,-1,0,unknown,0,positive,,
59,retired,married,secondary,no,yes,no,cellular,28,jan,273,2,-1,0,unknown,0,positive,,
27,student,single,secondary,no,no,no,cellular,28,jan,131,1,-1,0,unknown,0,positive,,
46,management,single,tertiary,no,no,no,cellular,28,jan,107,1,163,5,other,0,positive,,
29,unknown,single,secondary,no,no,no,cellular,28,jan,59,1,-1,0,unknown,0,positive,,
37,housemaid,single,primary,no,no,no,cellular,28,jan,399,1,-1,0,unknown,0,negative,,
33,management,single,tertiary,no,yes,no,cellular,28,jan,144,1,-1,0,unknown,0,positive,,
37,management,married,secondary,no,yes,no,cellular,28,jan,132,1,-1,0,unknown,0,positive,,
28,technician,single,tertiary,no,yes,no,cellular,28,jan,455,1,-1,0,unknown,0,positive,,
31,services,married,secondary,no,yes,no,cellular,28,jan,155,1,-1,0,unknown,0,positive,,
27,technician,single,secondary,no,no,no,cellular,28,jan,251,1,-1,0,unknown,0,positive,,
60,management,married,primary,no,no,no,cellular,28,jan,374,2,-1,0,unknown,0,positive,,
32,management,single,unknown,no,no,no,cellular,28,jan,92,1,-1,0,unknown,0,positive,,
33,technician,single,secondary,no,yes,no,cellular,28,jan,191,2,-1,0,unknown,0,negative,,
33,technician,single,tertiary,no,no,no,cellular,28,jan,233,2,-1,0,unknown,0,negative,,
32,unemployed,divorced,secondary,no,no,no,cellular,28,jan,38,1,-1,0,unknown,0,positive,,
46,services,divorced,secondary,no,no,no,cellular,28,jan,246,1,-1,0,unknown,0,positive,,
49,technician,married,secondary,no,yes,yes,cellular,28,jan,90,1,204,1,failure,0,positive,,
48,management,divorced,secondary,no,no,yes,cellular,28,jan,58,2,184,15,other,0,positive,,
55,unemployed,married,primary,no,no,no,telephone,28,jan,201,2,-1,0,unknown,0,positive,,
41,technician,married,secondary,no,no,no,cellular,28,jan,411,2,156,8,other,0,negative,,
45,management,married,secondary,no,yes,no,telephone,28,jan,227,3,187,1,other,0,positive,,
37,management,single,tertiary,no,no,no,cellular,28,jan,253,2,-1,0,unknown,0,positive,,
49,technician,single,unknown,no,no,no,cellular,28,jan,91,3,-1,0,unknown,0,positive,,
32,admin.,single,secondary,no,no,no,cellular,28,jan,205,3,-1,0,unknown,0,positive,,
29,services,married,secondary,no,no,yes,telephone,28,jan,49,3,183,4,failure,0,positive,,
53,self-employed,divorced,tertiary,no,no,no,cellular,28,jan,201,3,-1,0,unknown,0,positive,,
45,blue-collar,married,secondary,no,no,no,cellular,28,jan,517,2,-1,0,unknown,0,negative,,
31,services,single,secondary,no,no,no,telephone,28,jan,49,4,-1,0,unknown,0,positive,,
43,management,married,unknown,no,no,no,telephone,28,jan,518,1,-1,0,unknown,0,positive,,
26,student,married,secondary,no,no,no,cellular,29,jan,220,1,-1,0,unknown,0,positive,,
57,admin.,married,secondary,no,yes,no,cellular,29,jan,52,1,245,2,failure,0,positive,,
33,housemaid,single,secondary,no,no,no,cellular,29,jan,159,1,-1,0,unknown,0,positive,,
33,services,single,secondary,no,yes,no,cellular,29,jan,241,1,266,2,failure,0,positive,,
29,blue-collar,single,secondary,no,yes,yes,cellular,29,jan,275,1,240,1,other,0,positive,,
33,admin.,single,secondary,no,yes,no,cellular,29,jan,111,1,247,2,failure,0,positive,,
26,technician,single,secondary,no,no,yes,cellular,29,jan,90,1,-1,0,unknown,0,positive,,
36,management,divorced,tertiary,no,yes,no,cellular,29,jan,227,1,261,6,failure,0,positive,,
60,retired,divorced,primary,no,yes,yes,cellular,29,jan,192,1,-1,0,unknown,0,negative,,
36,admin.,married,secondary,no,yes,no,cellular,29,jan,151,1,253,1,failure,0,positive,,
49,self-employed,married,secondary,no,yes,yes,cellular,29,jan,385,1,-1,0,unknown,0,negative,,
37,blue-collar,married,primary,no,yes,no,cellular,29,jan,344,1,188,2,failure,0,positive,,
27,self-employed,married,secondary,yes,yes,yes,cellular,29,jan,194,1,188,1,failure,0,positive,,
32,unemployed,married,secondary,no,no,no,cellular,29,jan,203,1,-1,0,unknown,0,positive,,
41,admin.,single,unknown,no,yes,no,cellular,29,jan,103,1,-1,0,unknown,0,positive,,
33,technician,married,secondary,no,no,no,cellular,29,jan,127,1,-1,0,unknown,0,positive,,
27,admin.,single,tertiary,no,no,no,cellular,29,jan,242,1,-1,0,unknown,0,positive,,
31,technician,single,tertiary,no,no,no,cellular,29,jan,106,1,161,2,failure,0,positive,,
54,retired,divorced,tertiary,no,yes,no,cellular,29,jan,89,1,-1,0,unknown,0,positive,,
33,management,single,tertiary,no,yes,no,cellular,29,jan,257,1,262,3,failure,0,positive,,
52,unemployed,married,primary,no,no,yes,cellular,29,jan,141,1,-1,0,unknown,0,negative,,
28,admin.,married,secondary,no,yes,no,cellular,29,jan,282,1,248,2,other,0,positive,,
40,blue-collar,divorced,secondary,no,yes,no,cellular,29,jan,121,1,245,1,failure,0,positive,,
28,services,single,secondary,no,no,yes,cellular,29,jan,248,1,-1,0,unknown,0,positive,,
34,admin.,single,secondary,no,yes,no,cellular,29,jan,169,1,-1,0,unknown,0,positive,,
45,blue-collar,married,primary,no,yes,no,cellular,29,jan,117,1,163,4,failure,0,positive,,
32,admin.,single,secondary,no,no,no,cellular,29,jan,320,1,185,5,other,0,negative,,
47,management,married,secondary,no,no,yes,cellular,29,jan,324,1,-1,0,unknown,0,positive,,
38,technician,single,tertiary,no,yes,yes,cellular,29,jan,87,1,-1,0,unknown,0,positive,,
35,technician,single,secondary,no,yes,no,cellular,29,jan,219,1,246,1,failure,0,positive,,
33,services,married,secondary,no,yes,no,cellular,29,jan,158,2,-1,0,unknown,0,positive,,
41,admin.,single,secondary,no,no,no,cellular,29,jan,125,1,-1,0,unknown,0,positive,,
41,blue-collar,married,secondary,no,no,no,cellular,29,jan,553,2,-1,0,unknown,0,positive,,
50,retired,married,secondary,no,no,no,cellular,29,jan,380,2,-1,0,unknown,0,positive,,
46,management,married,primary,no,no,no,cellular,29,jan,200,2,-1,0,unknown,0,positive,,
27,services,married,unknown,no,yes,yes,cellular,29,jan,128,1,-1,0,unknown,0,negative,,
38,admin.,single,secondary,no,yes,no,cellular,29,jan,261,1,-1,0,unknown,0,positive,,
35,management,married,tertiary,no,no,yes,cellular,29,jan,127,2,-1,0,unknown,0,positive,,
32,admin.,married,secondary,no,no,no,cellular,29,jan,179,1,-1,0,unknown,0,positive,,
27,technician,married,secondary,no,yes,no,cellular,29,jan,205,1,-1,0,unknown,0,positive,,
33,entrepreneur,single,tertiary,no,yes,no,cellular,29,jan,537,1,-1,0,unknown,0,positive,,
46,blue-collar,married,secondary,no,yes,no,cellular,29,jan,79,2,265,2,failure,0,negative,,
28,blue-collar,single,secondary,no,no,no,cellular,29,jan,25,1,-1,0,unknown,0,positive,,
36,technician,married,secondary,no,yes,no,cellular,29,jan,224,2,-1,0,unknown,0,positive,,
26,student,single,secondary,no,no,no,cellular,29,jan,383,2,-1,0,unknown,0,positive,,
29,entrepreneur,single,tertiary,no,no,yes,cellular,29,jan,624,2,-1,0,unknown,0,positive,,
26,technician,single,secondary,no,no,no,cellular,29,jan,706,2,-1,0,unknown,0,positive,,
41,management,married,tertiary,no,no,no,cellular,29,jan,41,2,266,2,failure,0,negative,,
47,management,married,tertiary,yes,no,yes,cellular,29,jan,243,4,161,2,failure,0,negative,,
26,technician,single,tertiary,no,no,no,cellular,29,jan,111,2,-1,0,unknown,0,positive,,
30,services,married,unknown,no,no,no,cellular,29,jan,163,2,-1,0,unknown,0,positive,,
37,blue-collar,single,secondary,no,no,no,cellular,29,jan,163,2,-1,0,unknown,0,positive,,
40,technician,single,secondary,no,yes,yes,cellular,29,jan,155,2,245,3,failure,0,positive,,
36,entrepreneur,married,secondary,no,yes,no,cellular,29,jan,344,3,-1,0,unknown,0,negative,,
53,self-employed,married,primary,no,no,no,cellular,29,jan,78,2,-1,0,unknown,0,positive,,
37,entrepreneur,married,tertiary,no,yes,no,cellular,29,jan,246,2,-1,0,unknown,0,positive,,
47,blue-collar,single,secondary,no,yes,yes,cellular,29,jan,127,2,255,1,other,0,positive,,
46,services,divorced,secondary,no,yes,yes,cellular,29,jan,305,2,-1,0,unknown,0,positive,,
30,services,single,secondary,yes,yes,no,cellular,29,jan,1139,2,255,1,other,0,negative,,
46,management,single,tertiary,no,yes,no,cellular,29,jan,190,3,-1,0,unknown,0,positive,,
31,technician,divorced,secondary,no,no,no,cellular,29,jan,138,2,164,4,other,0,negative,,
32,management,single,tertiary,no,yes,no,cellular,29,jan,215,3,-1,0,unknown,0,positive,,
27,technician,single,secondary,no,no,yes,cellular,29,jan,253,2,192,3,success,0,positive,,
32,admin.,divorced,secondary,no,no,no,telephone,29,jan,243,4,-1,0,unknown,0,positive,,
39,management,single,tertiary,no,no,yes,cellular,29,jan,118,5,196,1,other,0,positive,,
28,management,single,tertiary,no,no,no,cellular,30,jan,651,2,-1,0,unknown,0,positive,,
27,services,married,secondary,no,no,no,cellular,30,jan,403,1,-1,0,unknown,0,positive,,
26,services,single,secondary,no,no,no,cellular,30,jan,397,1,-1,0,unknown,0,positive,,
26,housemaid,married,tertiary,no,no,no,cellular,30,jan,169,3,-1,0,unknown,0,positive,,
59,admin.,married,primary,no,yes,no,cellular,30,jan,126,5,259,7,failure,0,positive,,
35,technician,single,tertiary,no,no,yes,cellular,30,jan,162,3,205,3,failure,0,positive,,
43,admin.,divorced,secondary,no,yes,no,cellular,30,jan,74,1,-1,0,unknown,0,positive,,
27,unemployed,single,tertiary,no,no,no,cellular,30,jan,533,1,-1,0,unknown,0,positive,,
36,unemployed,divorced,secondary,no,yes,no,cellular,30,jan,169,1,2,2,other,0,positive,,
45,admin.,divorced,secondary,no,no,no,cellular,30,jan,91,1,2,1,other,0,positive,,
26,management,single,tertiary,no,yes,no,cellular,30,jan,141,1,-1,0,unknown,0,positive,,
32,blue-collar,single,secondary,no,no,no,cellular,30,jan,410,2,196,2,other,0,positive,,
40,self-employed,single,tertiary,no,no,no,cellular,30,jan,90,1,-1,0,unknown,0,positive,,
51,entrepreneur,single,tertiary,no,no,no,cellular,30,jan,643,1,-1,0,unknown,0,negative,,
37,services,married,secondary,no,yes,no,cellular,30,jan,188,1,-1,0,unknown,0,positive,,
54,technician,married,unknown,no,no,no,cellular,30,jan,491,1,-1,0,unknown,0,negative,,
56,retired,married,secondary,no,no,no,telephone,30,jan,479,1,-1,0,unknown,0,positive,,
32,management,married,primary,yes,yes,yes,cellular,30,jan,445,5,-1,0,unknown,0,negative,,
47,self-employed,married,secondary,no,no,no,cellular,30,jan,188,2,-1,0,unknown,0,positive,,
39,management,married,secondary,no,yes,no,cellular,30,jan,82,2,-1,0,unknown,0,positive,,
33,admin.,divorced,secondary,no,no,no,cellular,30,jan,308,2,-1,0,unknown,0,positive,,
37,blue-collar,divorced,secondary,no,yes,no,cellular,30,jan,638,4,266,1,failure,0,negative,,
59,unemployed,married,primary,no,no,no,cellular,30,jan,3025,2,-1,0,unknown,0,negative,,
31,management,single,tertiary,no,yes,no,cellular,30,jan,68,3,256,51,failure,0,positive,,
53,unemployed,married,secondary,no,no,no,telephone,30,jan,89,3,-1,0,unknown,0,positive,,
28,management,single,tertiary,no,no,no,telephone,30,jan,399,2,2,1,other,0,positive,,
33,management,married,tertiary,no,no,no,cellular,2,feb,84,2,174,4,failure,0,positive,,
43,admin.,married,secondary,no,yes,no,cellular,2,feb,118,1,-1,0,unknown,0,positive,,
34,unemployed,married,tertiary,no,yes,no,cellular,2,feb,110,1,-1,0,unknown,0,positive,,
46,technician,married,secondary,no,yes,no,cellular,2,feb,346,1,180,3,failure,0,positive,,
35,management,married,tertiary,no,no,no,cellular,2,feb,282,1,-1,0,unknown,0,positive,,
40,management,married,tertiary,no,yes,yes,cellular,2,feb,101,1,-1,0,unknown,0,positive,,
45,blue-collar,married,secondary,no,yes,no,cellular,2,feb,91,1,-1,0,unknown,0,positive,,
22,student,single,secondary,no,no,no,cellular,2,feb,928,1,-1,0,unknown,0,positive,,
36,services,married,secondary,no,yes,yes,cellular,2,feb,138,2,-1,0,unknown,0,positive,,
31,technician,single,secondary,no,no,no,cellular,2,feb,50,1,-1,0,unknown,0,positive,,
45,admin.,married,secondary,no,yes,yes,cellular,2,feb,174,1,208,1,failure,0,positive,,
39,services,single,tertiary,no,yes,no,cellular,2,feb,251,1,242,2,failure,0,positive,,
44,technician,married,secondary,no,yes,no,cellular,2,feb,371,1,-1,0,unknown,0,negative,,
47,admin.,divorced,secondary,no,yes,no,cellular,2,feb,244,1,271,4,failure,0,positive,,
53,services,married,secondary,no,yes,no,cellular,2,feb,124,2,5,1,other,0,positive,,
55,management,divorced,tertiary,no,no,no,cellular,2,feb,211,1,-1,0,unknown,0,negative,,
37,admin.,divorced,secondary,no,yes,no,cellular,2,feb,446,2,273,1,failure,0,positive,,
58,blue-collar,divorced,secondary,no,yes,no,cellular,2,feb,226,1,202,4,failure,0,positive,,
48,blue-collar,married,unknown,no,yes,no,cellular,2,feb,212,1,249,2,other,0,positive,,
31,services,single,secondary,no,no,yes,cellular,2,feb,111,1,-1,0,unknown,0,positive,,
32,services,married,secondary,no,yes,no,cellular,2,feb,63,1,257,2,failure,0,positive,,
31,management,married,tertiary,no,yes,no,cellular,2,feb,105,1,-1,0,unknown,0,positive,,
28,management,single,tertiary,no,no,no,cellular,2,feb,271,7,-1,0,unknown,0,positive,,
46,management,married,tertiary,no,no,no,telephone,2,feb,186,1,-1,0,unknown,0,positive,,
33,technician,single,secondary,no,yes,no,cellular,2,feb,20,7,-1,0,unknown,0,positive,,
29,admin.,single,secondary,no,no,no,telephone,2,feb,268,1,-1,0,unknown,0,positive,,
35,technician,married,secondary,no,no,no,cellular,2,feb,324,1,-1,0,unknown,0,positive,,
40,blue-collar,married,primary,no,no,no,cellular,2,feb,84,2,-1,0,unknown,0,positive,,
46,blue-collar,divorced,primary,no,no,no,cellular,2,feb,173,1,-1,0,unknown,0,positive,,
83,retired,married,primary,no,no,no,telephone,2,feb,912,1,-1,0,unknown,0,positive,,
41,housemaid,married,primary,no,no,no,telephone,2,feb,122,3,-1,0,unknown,0,positive,,
39,management,single,tertiary,no,yes,no,cellular,2,feb,268,2,196,2,failure,0,negative,,
40,management,married,tertiary,no,yes,no,cellular,2,feb,349,2,262,275,other,0,positive,,
44,management,married,secondary,no,no,no,cellular,2,feb,194,1,-1,0,unknown,0,positive,,
35,management,single,tertiary,no,no,no,cellular,2,feb,504,1,-1,0,unknown,0,positive,,
33,admin.,married,secondary,no,no,no,cellular,2,feb,161,1,-1,0,unknown,0,positive,,
43,technician,single,secondary,no,yes,no,cellular,2,feb,64,2,-1,0,unknown,0,positive,,
53,admin.,divorced,secondary,no,no,yes,cellular,2,feb,126,2,-1,0,unknown,0,positive,,
61,housemaid,single,unknown,no,no,no,telephone,2,feb,324,1,-1,0,unknown,0,positive,,
31,management,single,tertiary,no,no,no,cellular,2,feb,70,2,-1,0,unknown,0,positive,,
35,services,married,secondary,no,yes,no,cellular,2,feb,134,1,271,2,failure,0,positive,,
27,admin.,single,tertiary,no,no,no,cellular,2,feb,95,3,-1,0,unknown,0,positive,,
35,technician,married,tertiary,no,yes,no,cellular,2,feb,236,2,217,4,failure,0,positive,,
54,management,divorced,tertiary,no,no,no,cellular,2,feb,96,1,-1,0,unknown,0,positive,,
26,self-employed,single,tertiary,no,yes,yes,cellular,2,feb,117,7,-1,0,unknown,0,positive,,
49,blue-collar,married,primary,no,yes,yes,cellular,2,feb,161,2,-1,0,unknown,0,positive,,
35,blue-collar,married,primary,no,yes,no,cellular,2,feb,914,2,-1,0,unknown,0,positive,,
36,admin.,married,secondary,no,yes,no,cellular,2,feb,249,3,-1,0,unknown,0,positive,,
35,management,married,tertiary,no,no,no,cellular,2,feb,56,2,-1,0,unknown,0,positive,,
29,management,single,tertiary,no,no,no,cellular,2,feb,263,2,-1,0,unknown,0,positive,,
35,technician,married,tertiary,no,yes,yes,cellular,2,feb,76,3,5,3,other,0,positive,,
29,technician,single,secondary,no,no,no,telephone,2,feb,70,2,-1,0,unknown,0,positive,,
33,management,single,tertiary,no,yes,no,cellular,2,feb,405,1,-1,0,unknown,0,positive,,
36,services,single,secondary,no,yes,no,cellular,3,feb,231,2,259,1,failure,0,positive,,
25,management,single,tertiary,no,no,no,cellular,3,feb,207,1,-1,0,unknown,0,positive,,
54,retired,married,primary,no,no,no,cellular,3,feb,165,3,-1,0,unknown,0,positive,,
32,admin.,single,unknown,no,no,no,cellular,3,feb,169,2,-1,0,unknown,0,positive,,
34,technician,married,secondary,no,no,no,cellular,3,feb,368,1,-1,0,unknown,0,positive,,
35,admin.,single,secondary,no,yes,no,cellular,3,feb,80,1,273,1,failure,0,negative,,
32,blue-collar,married,secondary,no,yes,no,cellular,3,feb,197,1,270,2,failure,0,positive,,
29,student,single,tertiary,no,no,no,cellular,3,feb,269,1,-1,0,unknown,0,positive,,
33,self-employed,married,tertiary,no,yes,no,cellular,3,feb,280,2,-1,0,unknown,0,positive,,
31,student,single,unknown,no,no,no,cellular,3,feb,92,1,-1,0,unknown,0,positive,,
40,admin.,married,secondary,no,yes,no,cellular,3,feb,561,1,201,1,failure,0,negative,,
50,entrepreneur,married,tertiary,no,no,no,cellular,3,feb,145,1,-1,0,unknown,0,positive,,
59,unemployed,divorced,secondary,no,no,no,telephone,3,feb,251,1,-1,0,unknown,0,positive,,
30,entrepreneur,married,secondary,no,yes,no,cellular,3,feb,24,9,-1,0,unknown,0,positive,,
32,housemaid,married,tertiary,no,yes,no,cellular,3,feb,133,3,77,2,failure,0,positive,,
35,management,single,tertiary,no,yes,no,cellular,3,feb,188,3,270,5,failure,0,positive,,
29,management,married,tertiary,no,no,no,cellular,3,feb,166,3,-1,0,unknown,0,positive,,
28,technician,single,secondary,no,no,no,cellular,3,feb,155,4,-1,0,unknown,0,positive,,
28,technician,married,secondary,no,no,yes,cellular,3,feb,406,3,-1,0,unknown,0,positive,,
34,entrepreneur,single,tertiary,no,yes,no,cellular,3,feb,246,1,-1,0,unknown,0,positive,,
39,blue-collar,married,primary,no,no,no,cellular,3,feb,14,6,-1,0,unknown,0,positive,,
33,management,single,tertiary,no,no,no,cellular,3,feb,252,6,-1,0,unknown,0,positive,,
26,technician,single,secondary,no,no,yes,cellular,3,feb,246,1,-1,0,unknown,0,negative,,
36,management,married,tertiary,no,no,no,telephone,3,feb,26,2,197,1,failure,0,positive,,
34,blue-collar,married,secondary,no,yes,no,cellular,3,feb,88,5,251,3,failure,0,positive,,
54,technician,divorced,secondary,no,no,no,cellular,3,feb,294,3,-1,0,unknown,0,positive,,
48,unemployed,married,secondary,no,yes,no,cellular,3,feb,109,3,-1,0,unknown,0,positive,,
29,entrepreneur,single,tertiary,no,no,no,cellular,3,feb,667,2,-1,0,unknown,0,positive,,
59,unknown,married,primary,no,no,no,cellular,3,feb,301,2,-1,0,unknown,0,positive,,
41,management,divorced,tertiary,no,no,no,cellular,3,feb,475,3,-1,0,unknown,0,negative,,
58,technician,married,secondary,no,yes,no,cellular,3,feb,193,3,265,2,failure,0,positive,,
58,management,single,tertiary,no,yes,no,telephone,3,feb,140,6,6,6,other,0,positive,,
28,blue-collar,single,secondary,no,no,no,cellular,3,feb,20,5,-1,0,unknown,0,positive,,
30,housemaid,married,tertiary,no,yes,yes,cellular,3,feb,230,3,-1,0,unknown,0,positive,,
57,technician,married,unknown,no,no,no,telephone,3,feb,258,2,-1,0,unknown,0,positive,,
60,technician,married,primary,no,yes,no,cellular,4,feb,387,1,251,1,failure,0,positive,,
59,unemployed,single,secondary,no,no,no,cellular,4,feb,1086,1,-1,0,unknown,0,positive,,
40,services,married,secondary,no,yes,yes,cellular,4,feb,144,1,274,2,other,0,positive,,
42,unemployed,divorced,primary,no,yes,no,cellular,4,feb,102,1,-1,0,unknown,0,positive,,
46,admin.,divorced,secondary,no,yes,no,cellular,4,feb,135,1,-1,0,unknown,0,positive,,
45,blue-collar,married,primary,no,yes,no,cellular,4,feb,211,1,-1,0,unknown,0,positive,,
38,management,single,tertiary,no,yes,yes,cellular,4,feb,139,5,-1,0,unknown,0,positive,,
35,student,single,tertiary,no,yes,no,telephone,4,feb,72,2,247,1,other,0,positive,,
41,blue-collar,married,primary,no,yes,no,cellular,4,feb,69,1,1,1,success,0,positive,,
55,management,married,primary,no,no,no,telephone,4,feb,75,1,-1,0,unknown,0,positive,,
33,technician,married,secondary,no,yes,no,cellular,4,feb,56,1,274,2,failure,0,negative,,
37,services,married,secondary,no,yes,yes,cellular,4,feb,219,2,245,1,failure,0,positive,,
51,management,married,tertiary,no,no,no,telephone,4,feb,52,1,-1,0,unknown,0,positive,,
30,blue-collar,single,primary,no,no,yes,cellular,4,feb,316,1,-1,0,unknown,0,negative,,
43,self-employed,divorced,secondary,no,yes,no,cellular,4,feb,80,2,-1,0,unknown,0,positive,,
52,blue-collar,married,secondary,no,yes,no,cellular,4,feb,232,1,-1,0,unknown,0,positive,,
33,blue-collar,married,primary,no,yes,no,cellular,4,feb,110,1,264,4,failure,0,positive,,
52,self-employed,married,secondary,no,yes,no,telephone,4,feb,50,1,208,1,other,0,positive,,
33,unemployed,single,tertiary,no,yes,no,cellular,4,feb,72,1,-1,0,unknown,0,positive,,
27,self-employed,single,tertiary,no,no,no,cellular,4,feb,112,4,-1,0,unknown,0,positive,,
45,blue-collar,married,secondary,no,yes,no,cellular,4,feb,41,1,251,5,failure,0,positive,,
39,management,married,secondary,no,yes,no,cellular,4,feb,71,1,243,3,failure,0,positive,,
28,admin.,married,secondary,no,no,no,cellular,4,feb,220,1,-1,0,unknown,0,positive,,
24,admin.,single,secondary,no,no,no,cellular,4,feb,56,3,-1,0,unknown,0,positive,,
37,services,single,secondary,no,no,no,cellular,4,feb,301,1,-1,0,unknown,0,positive,,
34,admin.,married,secondary,no,no,no,cellular,4,feb,246,1,-1,0,unknown,0,positive,,
35,blue-collar,single,secondary,no,no,yes,cellular,4,feb,348,2,-1,0,unknown,0,positive,,
37,blue-collar,married,primary,no,yes,yes,cellular,4,feb,430,2,272,3,other,0,positive,,
33,management,single,tertiary,no,yes,no,cellular,4,feb,147,1,253,7,other,0,positive,,
50,admin.,single,secondary,no,no,yes,cellular,4,feb,346,2,191,3,failure,0,positive,,
38,self-employed,single,tertiary,no,no,no,cellular,4,feb,138,1,-1,0,unknown,0,positive,,
27,admin.,single,secondary,no,no,no,cellular,4,feb,207,3,-1,0,unknown,0,positive,,
32,management,married,tertiary,no,yes,yes,cellular,4,feb,419,1,-1,0,unknown,0,positive,,
39,unemployed,married,secondary,no,yes,no,cellular,4,feb,587,2,-1,0,unknown,0,positive,,
34,services,married,secondary,no,no,no,cellular,4,feb,696,2,-1,0,unknown,0,positive,,
32,technician,divorced,secondary,no,yes,no,cellular,4,feb,429,1,201,1,failure,0,positive,,
32,entrepreneur,single,primary,yes,yes,yes,cellular,4,feb,204,1,-1,0,unknown,0,negative,,
37,technician,married,secondary,yes,yes,no,cellular,4,feb,95,1,-1,0,unknown,0,negative,,
42,technician,married,secondary,no,no,no,cellular,4,feb,765,2,-1,0,unknown,0,positive,,
41,admin.,married,secondary,no,yes,no,cellular,4,feb,418,2,-1,0,unknown,0,positive,,
49,technician,married,tertiary,no,no,no,cellular,4,feb,9,7,163,24,other,0,positive,,
27,technician,single,secondary,no,no,no,cellular,4,feb,390,2,-1,0,unknown,0,positive,,
48,unemployed,married,secondary,no,no,no,telephone,4,feb,102,2,-1,0,unknown,0,positive,,
36,blue-collar,married,unknown,no,yes,no,cellular,4,feb,184,2,-1,0,unknown,0,positive,,
42,blue-collar,divorced,secondary,no,no,no,cellular,4,feb,394,2,-1,0,unknown,0,positive,,
44,admin.,married,secondary,no,no,yes,telephone,4,feb,1261,3,-1,0,unknown,0,positive,,
31,technician,single,primary,no,yes,no,cellular,4,feb,140,4,252,1,failure,0,positive,,
33,management,single,tertiary,no,yes,no,cellular,4,feb,505,2,260,1,other,0,positive,,
38,admin.,married,secondary,no,yes,no,cellular,4,feb,331,2,-1,0,unknown,0,positive,,
34,blue-collar,married,primary,no,no,no,cellular,4,feb,68,2,-1,0,unknown,0,positive,,
32,management,single,tertiary,no,yes,no,cellular,4,feb,82,2,246,6,failure,0,positive,,
28,technician,single,secondary,no,no,no,cellular,4,feb,279,5,-1,0,unknown,0,positive,,
32,management,single,tertiary,no,no,no,cellular,4,feb,87,2,-1,0,unknown,0,positive,,
32,blue-collar,married,secondary,no,no,no,cellular,4,feb,388,3,272,1,other,0,positive,,
53,management,divorced,secondary,no,no,yes,cellular,4,feb,447,2,196,8,other,0,positive,,
37,technician,married,secondary,no,yes,no,cellular,4,feb,244,2,-1,0,unknown,0,positive,,
28,management,married,tertiary,no,no,no,cellular,4,feb,239,2,-1,0,unknown,0,positive,,
33,management,married,secondary,no,yes,no,telephone,5,feb,126,3,258,15,other,0,positive,,
48,admin.,divorced,secondary,no,no,yes,cellular,5,feb,382,4,-1,0,unknown,0,positive,,
34,services,married,secondary,no,yes,yes,telephone,5,feb,114,3,-1,0,unknown,0,positive,,
48,blue-collar,married,secondary,no,yes,no,telephone,5,feb,708,8,-1,0,unknown,0,positive,,
38,unemployed,married,primary,no,yes,no,cellular,5,feb,43,2,-1,0,unknown,0,positive,,
30,blue-collar,single,secondary,no,no,no,cellular,5,feb,11,6,-1,0,unknown,0,positive,,
50,admin.,divorced,secondary,no,no,no,cellular,5,feb,519,1,212,2,other,0,positive,,
35,services,divorced,secondary,no,yes,no,cellular,5,feb,103,1,248,1,failure,0,positive,,
29,admin.,married,secondary,no,no,yes,cellular,5,feb,433,1,199,2,failure,0,positive,,
57,management,married,tertiary,no,no,no,cellular,5,feb,633,1,-1,0,unknown,0,positive,,
42,entrepreneur,married,tertiary,no,no,no,cellular,5,feb,446,1,-1,0,unknown,0,positive,,
56,management,married,tertiary,no,yes,no,cellular,5,feb,139,1,-1,0,unknown,0,positive,,
42,blue-collar,single,primary,no,yes,no,cellular,5,feb,119,1,195,8,success,0,positive,,
71,retired,married,tertiary,no,no,no,cellular,5,feb,531,2,-1,0,unknown,0,positive,,
26,blue-collar,married,secondary,no,yes,no,cellular,5,feb,188,1,247,4,other,0,positive,,
54,unemployed,divorced,secondary,no,no,no,cellular,5,feb,2,1,-1,0,unknown,0,positive,,
32,blue-collar,married,secondary,no,no,no,cellular,5,feb,210,1,-1,0,unknown,0,positive,,
40,blue-collar,single,primary,no,yes,no,cellular,5,feb,160,1,-1,0,unknown,0,negative,,
54,entrepreneur,married,tertiary,no,no,yes,cellular,5,feb,85,7,196,3,failure,0,positive,,
35,unemployed,married,primary,no,yes,no,telephone,5,feb,508,1,-1,0,unknown,0,positive,,
33,technician,single,unknown,no,no,no,cellular,5,feb,202,1,267,2,failure,0,positive,,
27,technician,married,secondary,no,yes,no,cellular,5,feb,263,1,-1,0,unknown,0,positive,,
45,management,married,unknown,no,no,no,cellular,5,feb,58,1,-1,0,unknown,0,positive,,
26,admin.,single,secondary,no,no,no,cellular,5,feb,388,1,-1,0,unknown,0,positive,,
29,unemployed,single,tertiary,no,no,no,cellular,5,feb,563,1,-1,0,unknown,0,positive,,
28,entrepreneur,single,tertiary,no,no,no,cellular,5,feb,48,1,-1,0,unknown,0,positive,,
61,blue-collar,single,primary,no,no,no,cellular,5,feb,346,1,-1,0,unknown,0,positive,,
49,entrepreneur,divorced,secondary,no,no,no,cellular,5,feb,128,1,-1,0,unknown,0,positive,,
28,blue-collar,single,secondary,no,yes,no,cellular,5,feb,75,2,-1,0,unknown,0,positive,,
50,blue-collar,married,secondary,yes,no,yes,cellular,5,feb,8,8,-1,0,unknown,0,negative,,
42,technician,married,secondary,no,no,yes,cellular,5,feb,135,1,8,1,other,0,positive,,
54,retired,married,secondary,no,no,no,telephone,5,feb,305,4,-1,0,unknown,0,positive,,
30,student,single,secondary,no,no,yes,cellular,5,feb,133,5,8,2,other,0,positive,,
45,unemployed,single,secondary,no,no,no,cellular,5,feb,437,1,-1,0,unknown,0,positive,,
27,management,married,tertiary,no,no,no,telephone,5,feb,251,1,-1,0,unknown,0,positive,,
38,blue-collar,single,primary,no,no,no,cellular,5,feb,304,1,-1,0,unknown,0,positive,,
44,entrepreneur,married,secondary,no,yes,yes,cellular,5,feb,269,3,234,2,other,0,positive,,
27,management,single,tertiary,no,yes,no,cellular,5,feb,196,1,-1,0,unknown,0,negative,,
35,management,single,tertiary,no,no,no,cellular,5,feb,39,1,-1,0,unknown,0,positive,,
47,unemployed,divorced,secondary,no,no,no,cellular,5,feb,124,2,-1,0,unknown,0,positive,,
47,technician,single,secondary,no,no,no,telephone,5,feb,33,1,-1,0,unknown,0,positive,,
46,management,married,tertiary,no,no,no,cellular,5,feb,92,1,-1,0,unknown,0,positive,,
32,technician,single,tertiary,no,no,no,cellular,5,feb,102,1,-1,0,unknown,0,positive,,
40,admin.,married,secondary,no,yes,no,telephone,5,feb,89,1,274,1,failure,0,positive,,
45,services,married,secondary,no,yes,no,cellular,5,feb,118,2,232,4,other,0,positive,,
30,unemployed,single,secondary,no,no,yes,cellular,5,feb,528,2,196,1,failure,0,positive,,
40,blue-collar,married,primary,no,yes,no,cellular,5,feb,177,3,211,1,success,0,positive,,
28,management,single,tertiary,no,yes,no,cellular,5,feb,137,2,-1,0,unknown,0,positive,,
36,student,single,secondary,no,no,no,cellular,5,feb,518,2,8,1,other,0,positive,,
48,blue-collar,married,secondary,no,no,no,cellular,5,feb,85,2,8,2,other,0,positive,,
42,management,divorced,tertiary,no,yes,no,telephone,5,feb,276,5,-1,0,unknown,0,positive,,
60,admin.,single,secondary,no,no,no,cellular,5,feb,175,2,8,1,other,0,positive,,
31,services,single,unknown,no,yes,no,cellular,5,feb,254,3,260,1,failure,0,positive,,
37,blue-collar,married,primary,no,yes,no,cellular,5,feb,127,2,258,4,failure,0,positive,,
30,technician,single,secondary,no,no,no,cellular,5,feb,363,6,-1,0,unknown,0,positive,,
50,technician,single,secondary,no,no,no,telephone,5,feb,155,2,-1,0,unknown,0,positive,,
40,unemployed,married,tertiary,no,yes,no,cellular,5,feb,171,5,230,1,failure,0,positive,,
59,self-employed,single,primary,no,yes,no,telephone,5,feb,1307,2,-1,0,unknown,0,negative,,
29,housemaid,married,primary,no,no,no,cellular,5,feb,559,5,-1,0,unknown,0,positive,,
43,unemployed,married,secondary,no,yes,yes,telephone,5,feb,191,5,190,5,other,0,positive,,
26,technician,single,secondary,no,no,no,cellular,5,feb,450,2,-1,0,unknown,0,positive,,
34,management,single,tertiary,no,no,no,cellular,5,feb,427,3,-1,0,unknown,0,negative,,
33,blue-collar,single,secondary,no,yes,no,cellular,6,feb,178,2,273,1,failure,0,positive,,
29,unemployed,single,tertiary,no,no,no,cellular,6,feb,98,2,-1,0,unknown,0,positive,,
40,admin.,married,secondary,no,yes,no,cellular,6,feb,168,1,-1,0,unknown,0,positive,,
44,technician,single,secondary,no,yes,no,cellular,6,feb,386,3,-1,0,unknown,0,positive,,
26,unknown,single,secondary,no,no,no,telephone,6,feb,341,3,-1,0,unknown,0,positive,,
33,management,married,tertiary,no,yes,yes,cellular,6,feb,150,1,-1,0,unknown,0,positive,,
30,entrepreneur,married,tertiary,no,yes,no,cellular,6,feb,146,4,-1,0,unknown,0,positive,,
35,blue-collar,single,unknown,no,yes,no,cellular,6,feb,117,1,245,3,failure,0,positive,,
32,blue-collar,single,primary,no,yes,no,cellular,6,feb,72,6,273,1,other,0,positive,,
49,management,married,secondary,no,no,no,cellular,6,feb,526,4,-1,0,unknown,0,positive,,
27,services,single,secondary,no,no,no,cellular,6,feb,108,2,-1,0,unknown,0,positive,,
47,self-employed,married,tertiary,no,yes,no,cellular,6,feb,150,3,270,2,failure,0,negative,,
34,blue-collar,single,tertiary,no,no,no,cellular,6,feb,163,2,-1,0,unknown,0,positive,,
47,self-employed,married,tertiary,no,no,no,cellular,6,feb,518,3,212,5,failure,0,positive,,
32,management,single,tertiary,no,no,no,telephone,6,feb,44,9,-1,0,unknown,0,positive,,
52,services,married,secondary,no,yes,no,telephone,6,feb,11,3,-1,0,unknown,0,positive,,
47,services,divorced,secondary,no,no,no,cellular,6,feb,285,6,-1,0,unknown,0,positive,,
49,blue-collar,married,primary,no,yes,yes,cellular,6,feb,257,2,-1,0,unknown,0,positive,,
33,blue-collar,single,tertiary,no,yes,no,cellular,6,feb,148,7,227,5,failure,0,positive,,
46,unemployed,married,primary,no,yes,no,cellular,6,feb,665,2,-1,0,unknown,0,positive,,
29,blue-collar,divorced,primary,no,yes,no,cellular,6,feb,10,7,-1,0,unknown,0,positive,,
33,technician,single,secondary,no,yes,no,cellular,6,feb,71,2,274,1,failure,0,positive,,
27,technician,married,tertiary,no,yes,no,telephone,6,feb,24,5,-1,0,unknown,0,positive,,
32,student,single,unknown,no,no,no,cellular,6,feb,119,8,-1,0,unknown,0,positive,,
28,unemployed,single,primary,no,no,no,cellular,6,feb,460,3,-1,0,unknown,0,positive,,
52,entrepreneur,divorced,tertiary,no,no,yes,cellular,9,feb,216,4,-1,0,unknown,0,positive,,
50,blue-collar,married,primary,no,yes,yes,telephone,9,feb,56,5,196,7,failure,0,positive,,
33,management,married,tertiary,no,yes,yes,cellular,9,feb,21,5,-1,0,unknown,0,positive,,
47,management,married,primary,no,yes,no,cellular,9,feb,38,3,-1,0,unknown,0,positive,,
46,self-employed,married,tertiary,no,no,no,cellular,9,feb,105,4,-1,0,unknown,0,positive,,
46,admin.,married,unknown,no,no,no,telephone,9,feb,14,13,-1,0,unknown,0,positive,,
36,blue-collar,married,secondary,no,yes,no,telephone,9,feb,51,5,-1,0,unknown,0,positive,,
56,technician,divorced,secondary,no,yes,no,cellular,9,feb,139,5,265,4,failure,0,negative,,
32,admin.,divorced,secondary,no,yes,no,cellular,9,feb,12,4,-1,0,unknown,0,positive,,
32,unemployed,married,unknown,no,no,no,cellular,9,feb,79,5,-1,0,unknown,0,positive,,
31,services,married,secondary,no,no,yes,cellular,9,feb,190,6,-1,0,unknown,0,positive,,
35,management,married,tertiary,no,no,no,cellular,9,feb,27,7,-1,0,unknown,0,positive,,
37,blue-collar,married,secondary,no,yes,no,telephone,9,feb,28,9,-1,0,unknown,0,positive,,
41,entrepreneur,married,tertiary,no,no,yes,cellular,9,feb,13,5,-1,0,unknown,0,positive,,
50,housemaid,married,primary,no,no,no,cellular,9,feb,13,6,-1,0,unknown,0,positive,,
59,retired,married,primary,no,yes,yes,cellular,9,feb,109,5,-1,0,unknown,0,positive,,
41,management,married,tertiary,no,no,no,cellular,9,feb,107,5,-1,0,unknown,0,positive,,
38,management,married,secondary,no,no,no,cellular,9,feb,12,7,-1,0,unknown,0,positive,,
31,technician,single,secondary,no,no,no,cellular,9,feb,15,14,-1,0,unknown,0,positive,,
54,blue-collar,married,secondary,no,no,no,telephone,9,feb,150,7,194,6,failure,0,positive,,
35,blue-collar,single,secondary,no,yes,no,cellular,9,feb,226,3,280,1,other,0,negative,,
34,unemployed,married,tertiary,no,yes,no,cellular,9,feb,189,3,-1,0,unknown,0,positive,,
53,blue-collar,divorced,secondary,no,yes,no,cellular,9,feb,90,2,-1,0,unknown,0,negative,,
40,blue-collar,married,primary,no,yes,no,cellular,9,feb,161,5,-1,0,unknown,0,positive,,
27,unemployed,single,primary,no,no,no,cellular,9,feb,106,4,-1,0,unknown,0,positive,,
51,management,married,tertiary,no,no,no,cellular,9,feb,278,2,-1,0,unknown,0,positive,,
32,management,single,tertiary,no,no,no,cellular,9,feb,13,5,-1,0,unknown,0,positive,,
31,technician,single,tertiary,no,yes,no,cellular,9,feb,150,3,-1,0,unknown,0,positive,,
37,services,single,secondary,no,yes,no,cellular,10,feb,77,1,279,2,failure,0,positive,,
36,self-employed,married,tertiary,no,no,no,cellular,10,feb,188,7,-1,0,unknown,0,positive,,
33,self-employed,married,tertiary,no,yes,no,cellular,10,feb,208,2,-1,0,unknown,0,positive,,
58,technician,married,primary,no,no,no,cellular,11,feb,309,5,-1,0,unknown,0,positive,,
83,retired,single,primary,no,no,no,telephone,12,feb,89,1,-1,0,unknown,0,positive,,
43,management,divorced,tertiary,no,no,no,cellular,13,feb,61,1,193,1,failure,0,positive,,
63,retired,divorced,secondary,no,no,no,cellular,13,feb,92,1,-1,0,unknown,0,positive,,
27,self-employed,single,tertiary,no,yes,no,cellular,13,feb,55,2,-1,0,unknown,0,positive,,
64,management,married,primary,no,yes,no,cellular,16,feb,65,1,-1,0,unknown,0,negative,,
36,admin.,married,secondary,no,yes,no,cellular,17,feb,38,1,-1,0,unknown,0,positive,,
29,self-employed,single,tertiary,no,no,no,telephone,17,feb,141,7,-1,0,unknown,0,positive,,
30,technician,single,tertiary,no,yes,no,cellular,19,feb,88,2,-1,0,unknown,0,positive,,
49,self-employed,married,tertiary,no,yes,no,cellular,27,feb,118,5,21,5,failure,0,positive,,
45,management,married,tertiary,no,yes,no,cellular,27,feb,94,2,-1,0,unknown,0,positive,,
25,admin.,single,tertiary,no,yes,no,cellular,27,feb,58,2,-1,0,unknown,0,positive,,
35,admin.,married,unknown,no,no,no,cellular,2,mar,59,2,-1,0,unknown,0,positive,,
38,admin.,married,secondary,no,no,no,cellular,3,mar,103,1,-1,0,unknown,0,positive,,
23,student,single,secondary,no,no,no,cellular,3,mar,87,1,-1,0,unknown,0,positive,,
30,student,single,unknown,no,no,no,cellular,5,mar,167,9,-1,0,unknown,0,positive,,
34,management,married,tertiary,no,yes,no,cellular,10,mar,113,1,210,7,failure,0,positive,,
64,retired,married,unknown,no,no,no,cellular,12,mar,120,1,-1,0,unknown,0,positive,,
28,student,single,secondary,no,no,no,cellular,16,mar,83,13,-1,0,unknown,0,positive,,
37,admin.,single,secondary,no,no,no,cellular,23,mar,83,4,-1,0,unknown,0,positive,,
26,admin.,single,tertiary,no,no,no,cellular,25,mar,78,1,-1,0,unknown,0,positive,,
40,blue-collar,married,secondary,no,no,no,cellular,26,mar,86,2,-1,0,unknown,0,positive,,
29,blue-collar,married,primary,no,yes,no,cellular,27,mar,101,12,-1,0,unknown,0,positive,,
57,management,divorced,unknown,no,no,no,cellular,27,mar,102,1,-1,0,unknown,0,negative,,
60,admin.,married,secondary,no,no,no,cellular,31,mar,494,1,-1,0,unknown,0,positive,,
32,technician,single,tertiary,no,yes,no,cellular,1,apr,957,2,131,2,failure,0,positive,,
27,management,single,tertiary,no,yes,no,cellular,1,apr,124,1,-1,0,unknown,0,negative,,
49,management,divorced,tertiary,no,no,no,cellular,1,apr,285,3,132,2,failure,0,positive,,
45,management,married,tertiary,no,yes,no,cellular,2,apr,2870,2,-1,0,unknown,0,positive,,
49,admin.,married,secondary,no,yes,no,cellular,2,apr,303,1,331,2,failure,0,positive,,
41,services,married,unknown,no,yes,no,cellular,2,apr,229,2,-1,0,unknown,0,positive,,
38,blue-collar,married,unknown,no,yes,no,cellular,2,apr,477,2,267,1,failure,0,negative,,
35,admin.,single,secondary,no,yes,no,cellular,2,apr,359,3,-1,0,unknown,0,positive,,
45,management,married,primary,no,no,no,telephone,2,apr,285,2,-1,0,unknown,0,positive,,
54,retired,married,primary,no,yes,no,cellular,3,apr,352,1,332,2,failure,0,positive,,
24,services,single,secondary,no,yes,no,cellular,3,apr,297,1,323,2,failure,0,positive,,
42,blue-collar,married,secondary,no,yes,no,cellular,3,apr,697,2,-1,0,unknown,0,positive,,
54,management,married,secondary,no,no,no,cellular,3,apr,660,1,-1,0,unknown,0,positive,,
43,unemployed,married,secondary,no,yes,no,cellular,3,apr,273,2,136,2,failure,0,positive,,
37,services,married,secondary,no,yes,no,cellular,3,apr,121,2,-1,0,unknown,0,positive,,
31,admin.,single,secondary,no,yes,yes,cellular,3,apr,219,2,-1,0,unknown,0,positive,,
38,services,married,secondary,no,yes,no,cellular,6,apr,272,1,-1,0,unknown,0,positive,,
24,student,single,secondary,no,no,no,cellular,6,apr,112,4,-1,0,unknown,0,positive,,
26,student,single,tertiary,no,no,no,cellular,6,apr,156,2,-1,0,unknown,0,positive,,
36,blue-collar,married,secondary,no,yes,no,cellular,6,apr,1859,1,-1,0,unknown,0,positive,,
38,technician,single,secondary,no,yes,no,cellular,6,apr,271,2,307,1,failure,0,positive,,
47,admin.,single,secondary,no,yes,no,cellular,6,apr,104,1,312,1,failure,0,positive,,
40,admin.,single,secondary,no,yes,yes,cellular,6,apr,272,1,335,4,other,0,positive,,
41,blue-collar,married,secondary,no,yes,no,cellular,6,apr,165,4,-1,0,unknown,0,negative,,
44,blue-collar,married,secondary,no,yes,no,cellular,6,apr,276,2,-1,0,unknown,0,positive,,
33,admin.,single,secondary,no,yes,no,telephone,6,apr,125,3,249,15,failure,0,positive,,
38,unemployed,married,tertiary,no,no,no,cellular,7,apr,355,3,-1,0,unknown,0,positive,,
41,technician,married,secondary,no,yes,no,cellular,7,apr,157,4,309,4,other,0,positive,,
43,blue-collar,married,secondary,no,yes,no,cellular,7,apr,91,1,328,1,failure,0,positive,,
40,admin.,single,secondary,no,yes,no,cellular,7,apr,479,1,-1,0,unknown,0,positive,,
42,technician,divorced,primary,no,yes,no,cellular,7,apr,99,1,251,2,other,0,positive,,
71,retired,married,secondary,no,no,yes,cellular,7,apr,83,1,-1,0,unknown,0,positive,,
33,blue-collar,married,secondary,no,yes,no,cellular,7,apr,1063,1,-1,0,unknown,0,positive,,
20,student,single,unknown,no,no,no,cellular,7,apr,98,2,-1,0,unknown,0,positive,,
30,technician,single,secondary,no,yes,no,cellular,7,apr,265,1,-1,0,unknown,0,positive,,
48,management,divorced,tertiary,no,yes,no,cellular,7,apr,725,3,-1,0,unknown,0,positive,,
54,blue-collar,married,secondary,no,yes,no,cellular,7,apr,581,2,-1,0,unknown,0,positive,,
40,blue-collar,single,primary,no,yes,no,cellular,8,apr,594,4,331,1,failure,0,positive,,
55,blue-collar,married,secondary,no,no,no,cellular,8,apr,149,1,-1,0,unknown,0,positive,,
37,technician,married,secondary,no,yes,no,cellular,8,apr,58,3,-1,0,unknown,0,positive,,
37,admin.,single,secondary,no,yes,no,cellular,8,apr,376,1,295,1,failure,0,positive,,
35,technician,single,tertiary,no,yes,no,cellular,8,apr,2129,1,322,3,failure,0,positive,,
39,admin.,married,secondary,no,yes,no,cellular,8,apr,284,1,308,4,failure,0,positive,,
44,self-employed,divorced,secondary,no,yes,no,cellular,8,apr,241,1,-1,0,unknown,0,positive,,
35,blue-collar,married,secondary,no,yes,no,cellular,8,apr,663,2,-1,0,unknown,0,positive,,
46,blue-collar,married,primary,no,yes,no,cellular,8,apr,139,2,-1,0,unknown,0,positive,,
46,management,married,tertiary,no,yes,no,cellular,8,apr,174,1,-1,0,unknown,0,positive,,
54,entrepreneur,married,tertiary,no,yes,no,telephone,8,apr,690,7,-1,0,unknown,0,positive,,
37,technician,married,secondary,no,yes,no,cellular,8,apr,171,2,139,4,failure,0,positive,,
32,admin.,married,secondary,no,yes,no,cellular,9,apr,236,1,330,1,failure,0,positive,,
34,unemployed,married,secondary,no,yes,yes,cellular,9,apr,272,1,323,1,failure,0,positive,,
35,blue-collar,married,secondary,no,yes,no,cellular,9,apr,139,1,-1,0,unknown,0,positive,,
36,admin.,married,secondary,no,no,no,cellular,9,apr,429,2,-1,0,unknown,0,positive,,
42,technician,married,secondary,no,no,no,cellular,9,apr,230,1,325,1,other,0,positive,,
34,services,single,primary,no,yes,yes,cellular,9,apr,96,4,314,8,other,0,positive,,
34,blue-collar,married,secondary,no,yes,yes,cellular,9,apr,464,1,-1,0,unknown,0,positive,,
31,services,single,secondary,no,yes,no,cellular,9,apr,221,2,140,6,failure,0,positive,,
31,blue-collar,single,secondary,no,yes,no,cellular,9,apr,132,1,-1,0,unknown,0,positive,,
37,technician,single,secondary,no,yes,no,cellular,9,apr,121,5,315,3,other,0,positive,,
36,technician,married,secondary,no,yes,no,cellular,9,apr,265,1,323,5,failure,0,positive,,
40,management,married,tertiary,no,yes,no,cellular,13,apr,101,3,-1,0,unknown,0,positive,,
43,blue-collar,divorced,secondary,no,yes,no,cellular,13,apr,157,3,-1,0,unknown,0,positive,,
41,admin.,married,secondary,no,yes,no,cellular,13,apr,231,1,-1,0,unknown,0,positive,,
33,management,single,tertiary,no,yes,no,cellular,13,apr,1058,1,17,1,failure,0,positive,,
33,technician,single,tertiary,no,yes,no,cellular,14,apr,401,1,-1,0,unknown,0,positive,,
36,services,single,secondary,no,yes,no,cellular,14,apr,283,3,-1,0,unknown,0,positive,,
59,technician,married,secondary,no,yes,no,cellular,14,apr,145,1,-1,0,unknown,0,negative,,
25,student,single,secondary,no,yes,no,telephone,14,apr,111,3,326,2,failure,0,positive,,
35,unemployed,married,secondary,no,yes,no,telephone,14,apr,266,3,-1,0,unknown,0,positive,,
82,housemaid,married,primary,no,no,no,telephone,14,apr,118,6,-1,0,unknown,0,positive,,
58,blue-collar,married,primary,no,yes,no,cellular,14,apr,391,1,-1,0,unknown,0,positive,,
40,technician,married,tertiary,no,yes,no,cellular,14,apr,855,1,-1,0,unknown,0,positive,,
32,blue-collar,married,secondary,no,yes,no,cellular,14,apr,179,1,334,1,other,0,positive,,
54,housemaid,married,unknown,no,no,no,cellular,14,apr,94,5,145,3,other,0,negative,,
32,technician,single,tertiary,no,no,no,cellular,14,apr,178,1,-1,0,unknown,0,positive,,
75,retired,divorced,secondary,no,no,no,cellular,14,apr,232,1,-1,0,unknown,0,positive,,
34,admin.,married,secondary,no,yes,no,cellular,14,apr,258,8,-1,0,unknown,0,positive,,
56,services,divorced,secondary,no,no,no,cellular,14,apr,422,4,-1,0,unknown,0,positive,,
51,services,married,secondary,no,yes,no,cellular,15,apr,139,2,-1,0,unknown,0,positive,,
32,services,single,secondary,no,yes,no,cellular,15,apr,601,1,-1,0,unknown,0,negative,,
49,blue-collar,married,primary,no,yes,no,telephone,15,apr,44,1,-1,0,unknown,0,positive,,
36,technician,married,tertiary,no,yes,no,cellular,15,apr,225,2,-1,0,unknown,0,positive,,
32,technician,married,secondary,no,yes,yes,cellular,15,apr,301,1,316,1,failure,0,negative,,
36,management,married,secondary,no,yes,no,cellular,15,apr,56,1,323,3,failure,0,positive,,
34,services,single,secondary,no,yes,yes,cellular,15,apr,149,1,268,2,other,0,positive,,
61,management,married,tertiary,no,yes,no,cellular,15,apr,114,1,-1,0,unknown,0,negative,,
69,retired,married,secondary,no,no,no,telephone,15,apr,358,2,-1,0,unknown,0,positive,,
31,management,single,secondary,no,no,no,cellular,16,apr,87,2,-1,0,unknown,0,positive,,
33,services,married,secondary,no,yes,no,cellular,16,apr,370,1,146,3,failure,0,positive,,
72,retired,married,secondary,no,no,no,telephone,16,apr,122,3,-1,0,unknown,0,positive,,
42,technician,divorced,secondary,no,no,no,cellular,16,apr,67,5,149,2,other,0,positive,,
32,technician,single,secondary,no,yes,yes,cellular,16,apr,346,1,234,3,failure,0,positive,,
43,blue-collar,married,primary,no,yes,no,cellular,16,apr,35,1,-1,0,unknown,0,positive,,
46,blue-collar,married,secondary,no,yes,no,cellular,16,apr,201,1,-1,0,unknown,0,positive,,
30,management,single,tertiary,no,yes,no,cellular,16,apr,39,1,342,3,failure,0,positive,,
29,technician,single,secondary,no,yes,no,cellular,16,apr,228,2,-1,0,unknown,0,positive,,
32,admin.,married,secondary,no,yes,no,cellular,16,apr,177,1,-1,0,unknown,0,positive,,
35,management,divorced,tertiary,no,yes,no,cellular,16,apr,75,2,-1,0,unknown,0,positive,,
30,admin.,married,primary,no,yes,yes,cellular,16,apr,323,1,-1,0,unknown,0,positive,,
57,admin.,divorced,primary,no,yes,no,cellular,16,apr,284,1,317,4,failure,0,positive,,
30,admin.,married,tertiary,no,yes,no,cellular,16,apr,62,1,323,1,failure,0,positive,,
37,management,married,tertiary,no,no,no,cellular,16,apr,114,4,-1,0,unknown,0,positive,,
27,technician,single,secondary,no,yes,no,cellular,16,apr,483,2,-1,0,unknown,0,positive,,
43,technician,married,secondary,no,yes,no,cellular,16,apr,567,1,-1,0,unknown,0,negative,,
51,admin.,divorced,secondary,no,yes,yes,cellular,16,apr,168,1,-1,0,unknown,0,positive,,
38,technician,single,secondary,no,yes,no,cellular,16,apr,249,2,-1,0,unknown,0,positive,,
35,technician,married,secondary,no,yes,no,cellular,16,apr,772,4,-1,0,unknown,0,positive,,
47,management,married,tertiary,no,yes,no,cellular,16,apr,91,2,268,1,failure,0,positive,,
35,services,married,tertiary,no,yes,yes,cellular,16,apr,316,2,-1,0,unknown,0,positive,,
44,services,divorced,secondary,no,yes,no,cellular,16,apr,184,2,-1,0,unknown,0,positive,,
36,admin.,single,tertiary,no,yes,no,cellular,16,apr,127,2,-1,0,unknown,0,positive,,
49,blue-collar,married,secondary,no,yes,no,cellular,16,apr,449,2,-1,0,unknown,0,positive,,
38,management,married,tertiary,no,yes,no,telephone,16,apr,198,3,-1,0,unknown,0,positive,,
53,admin.,married,secondary,no,yes,no,cellular,16,apr,104,1,267,1,failure,0,positive,,
34,management,single,tertiary,no,yes,no,cellular,16,apr,316,2,-1,0,unknown,0,positive,,
45,blue-collar,married,primary,no,yes,no,cellular,16,apr,580,1,317,2,failure,0,positive,,
34,self-employed,single,tertiary,no,yes,no,cellular,16,apr,478,2,-1,0,unknown,0,positive,,
35,admin.,married,secondary,no,yes,yes,cellular,16,apr,304,1,-1,0,unknown,0,positive,,
39,blue-collar,married,secondary,no,yes,no,cellular,16,apr,237,1,-1,0,unknown,0,positive,,
32,management,single,tertiary,no,yes,no,cellular,17,apr,245,1,149,2,failure,0,positive,,
35,blue-collar,single,secondary,no,yes,no,cellular,17,apr,360,1,-1,0,unknown,0,positive,,
41,services,married,secondary,no,yes,no,cellular,17,apr,41,1,324,1,other,0,positive,,
44,blue-collar,married,primary,no,yes,no,cellular,17,apr,85,1,339,6,other,0,positive,,
52,management,married,primary,no,yes,no,cellular,17,apr,402,1,345,2,failure,0,positive,,
34,blue-collar,married,secondary,no,yes,no,cellular,17,apr,408,1,329,2,failure,0,positive,,
34,services,married,secondary,no,yes,yes,cellular,17,apr,175,1,332,1,failure,0,positive,,
50,blue-collar,married,secondary,no,yes,no,cellular,17,apr,150,1,-1,0,unknown,0,positive,,
50,admin.,married,secondary,no,yes,yes,cellular,17,apr,77,3,338,3,failure,0,positive,,
39,services,married,tertiary,no,no,no,cellular,17,apr,486,2,-1,0,unknown,0,negative,,
28,blue-collar,single,secondary,no,yes,yes,cellular,17,apr,406,1,317,1,failure,0,positive,,
35,technician,divorced,secondary,no,yes,no,cellular,17,apr,73,1,-1,0,unknown,0,positive,,
33,services,single,secondary,no,yes,no,cellular,17,apr,303,1,-1,0,unknown,0,positive,,
36,entrepreneur,married,tertiary,no,no,no,cellular,17,apr,351,1,-1,0,unknown,0,positive,,
38,technician,married,secondary,no,yes,no,cellular,17,apr,204,1,-1,0,unknown,0,positive,,
34,services,married,secondary,no,yes,no,cellular,17,apr,139,2,318,1,failure,0,positive,,
44,blue-collar,married,primary,no,yes,no,cellular,17,apr,273,1,343,1,other,0,positive,,
37,blue-collar,married,unknown,no,yes,no,cellular,17,apr,362,1,150,3,failure,0,positive,,
74,management,married,tertiary,no,no,no,telephone,17,apr,1161,5,-1,0,unknown,0,positive,,
49,admin.,married,secondary,no,yes,no,cellular,17,apr,609,1,303,5,failure,0,positive,,
46,blue-collar,married,secondary,no,yes,no,cellular,17,apr,191,1,-1,0,unknown,0,positive,,
53,retired,divorced,secondary,no,yes,yes,cellular,17,apr,66,1,-1,0,unknown,0,negative,,
31,blue-collar,married,secondary,no,no,no,cellular,17,apr,464,1,-1,0,unknown,0,positive,,
34,services,married,secondary,no,yes,no,cellular,17,apr,208,1,332,2,failure,0,positive,,
29,services,married,secondary,no,yes,no,cellular,17,apr,87,1,-1,0,unknown,0,positive,,
33,blue-collar,married,primary,no,yes,no,cellular,17,apr,64,1,-1,0,unknown,0,negative,,
31,technician,married,secondary,no,yes,no,cellular,17,apr,234,2,-1,0,unknown,0,positive,,
41,technician,single,tertiary,no,yes,no,cellular,17,apr,138,1,267,1,failure,0,positive,,
38,blue-collar,married,secondary,no,yes,no,cellular,17,apr,217,1,-1,0,unknown,0,positive,,
39,blue-collar,married,primary,no,yes,no,cellular,17,apr,206,1,-1,0,unknown,0,positive,,
34,services,married,tertiary,no,yes,no,cellular,17,apr,72,4,-1,0,unknown,0,positive,,
35,blue-collar,single,secondary,no,yes,no,cellular,17,apr,216,1,-1,0,unknown,0,positive,,
35,admin.,married,secondary,no,yes,no,cellular,17,apr,123,1,-1,0,unknown,0,positive,,
38,services,married,secondary,no,yes,no,cellular,17,apr,55,1,344,1,failure,0,positive,,
32,unemployed,single,secondary,no,yes,no,cellular,17,apr,70,1,336,1,failure,0,positive,,
32,technician,single,tertiary,no,yes,yes,cellular,17,apr,419,1,-1,0,unknown,0,negative,,
61,retired,divorced,primary,no,no,no,cellular,17,apr,40,9,-1,0,unknown,0,positive,,
44,admin.,married,secondary,no,yes,no,cellular,17,apr,294,2,-1,0,unknown,0,positive,,
30,services,married,secondary,no,yes,no,cellular,17,apr,834,1,-1,0,unknown,0,positive,,
58,blue-collar,married,secondary,no,yes,no,cellular,17,apr,115,2,343,2,failure,0,positive,,
33,blue-collar,single,secondary,no,yes,yes,cellular,17,apr,100,2,-1,0,unknown,0,positive,,
31,blue-collar,single,primary,no,yes,no,cellular,17,apr,160,1,-1,0,unknown,0,positive,,
34,management,married,tertiary,no,yes,no,cellular,17,apr,22,1,150,2,failure,0,positive,,
26,self-employed,single,tertiary,no,yes,yes,cellular,17,apr,550,1,325,1,other,0,positive,,
35,services,married,secondary,no,yes,yes,cellular,17,apr,96,2,344,2,failure,0,positive,,
33,blue-collar,single,primary,no,yes,no,cellular,17,apr,91,2,331,2,failure,0,positive,,
40,services,single,secondary,no,yes,no,cellular,17,apr,350,2,-1,0,unknown,0,negative,,
39,technician,married,secondary,no,yes,no,cellular,17,apr,185,1,317,2,failure,0,positive,,
29,services,single,secondary,no,yes,no,cellular,17,apr,69,1,-1,0,unknown,0,positive,,
33,services,married,secondary,no,no,no,cellular,17,apr,150,2,325,1,failure,0,negative,,
49,blue-collar,married,secondary,no,no,no,cellular,17,apr,771,1,-1,0,unknown,0,positive,,
31,technician,single,secondary,no,yes,no,telephone,17,apr,460,2,345,2,failure,0,positive,,
47,services,divorced,primary,no,yes,no,cellular,17,apr,473,2,339,1,failure,0,positive,,
35,management,single,tertiary,no,yes,no,cellular,17,apr,128,3,-1,0,unknown,0,positive,,
40,blue-collar,married,secondary,no,yes,no,cellular,17,apr,642,2,304,1,failure,0,positive,,
50,technician,divorced,secondary,no,yes,no,cellular,17,apr,413,2,-1,0,unknown,0,positive,,
38,management,single,tertiary,no,yes,no,cellular,17,apr,322,2,-1,0,unknown,0,positive,,
35,admin.,married,secondary,no,yes,no,cellular,17,apr,323,2,319,1,failure,0,positive,,
34,technician,married,tertiary,no,yes,no,cellular,17,apr,160,2,-1,0,unknown,0,positive,,
29,blue-collar,single,secondary,no,yes,no,cellular,17,apr,88,3,-1,0,unknown,0,positive,,
35,blue-collar,married,primary,no,yes,no,cellular,17,apr,185,2,316,3,other,0,positive,,
70,retired,married,secondary,no,no,no,cellular,17,apr,278,1,-1,0,unknown,0,positive,,
31,blue-collar,married,primary,no,yes,yes,cellular,17,apr,340,2,-1,0,unknown,0,positive,,
39,services,married,secondary,no,yes,no,cellular,17,apr,295,2,-1,0,unknown,0,positive,,
35,management,single,tertiary,no,yes,no,cellular,17,apr,57,2,-1,0,unknown,0,positive,,
39,services,married,secondary,no,yes,no,cellular,17,apr,244,2,-1,0,unknown,0,positive,,
54,management,married,primary,no,yes,no,cellular,17,apr,99,2,-1,0,unknown,0,positive,,
38,self-employed,married,secondary,no,yes,no,cellular,17,apr,110,3,326,1,other,0,negative,,
36,management,married,tertiary,no,yes,no,cellular,17,apr,151,4,150,2,failure,0,positive,,
34,admin.,single,secondary,no,yes,no,cellular,17,apr,758,2,-1,0,unknown,0,positive,,
36,admin.,divorced,primary,no,yes,no,cellular,17,apr,625,3,-1,0,unknown,0,positive,,
37,blue-collar,single,secondary,no,yes,no,cellular,17,apr,72,2,281,1,failure,0,positive,,
37,housemaid,married,primary,no,yes,no,cellular,20,apr,114,2,-1,0,unknown,0,positive,,
33,blue-collar,married,secondary,no,yes,no,cellular,20,apr,7,7,-1,0,unknown,0,positive,,
50,blue-collar,married,primary,no,yes,yes,cellular,20,apr,184,2,151,1,failure,0,positive,,
30,services,single,unknown,no,yes,no,cellular,20,apr,187,1,-1,0,unknown,0,positive,,
42,blue-collar,married,primary,no,yes,no,telephone,20,apr,37,1,-1,0,unknown,0,positive,,
57,admin.,married,primary,no,yes,no,cellular,20,apr,207,1,346,2,failure,0,positive,,
32,admin.,single,secondary,no,yes,no,cellular,20,apr,68,1,325,2,other,0,negative,,
57,technician,married,tertiary,no,yes,yes,cellular,20,apr,267,2,294,3,failure,0,positive,,
46,blue-collar,married,primary,no,yes,no,cellular,20,apr,386,2,234,4,failure,0,positive,,
36,management,married,tertiary,no,yes,no,cellular,20,apr,239,1,-1,0,unknown,0,positive,,
34,management,single,tertiary,no,yes,no,cellular,20,apr,29,3,152,1,failure,0,positive,,
31,blue-collar,single,primary,no,yes,no,cellular,20,apr,185,3,336,6,failure,0,positive,,
41,blue-collar,married,secondary,no,yes,no,cellular,20,apr,234,5,-1,0,unknown,0,positive,,
53,admin.,married,secondary,no,yes,no,cellular,20,apr,304,1,340,1,failure,0,positive,,
38,services,married,secondary,no,yes,no,cellular,20,apr,62,4,-1,0,unknown,0,positive,,
34,blue-collar,married,primary,no,yes,no,cellular,20,apr,142,2,328,3,failure,0,positive,,
35,management,single,tertiary,no,yes,yes,cellular,20,apr,28,7,272,3,other,0,positive,,
54,housemaid,divorced,primary,no,yes,no,cellular,20,apr,317,1,-1,0,unknown,0,positive,,
45,management,married,tertiary,no,yes,no,cellular,20,apr,257,1,-1,0,unknown,0,negative,,
29,technician,single,tertiary,no,yes,no,cellular,20,apr,658,1,-1,0,unknown,0,positive,,
33,blue-collar,single,primary,no,yes,no,cellular,20,apr,42,1,-1,0,unknown,0,positive,,
35,blue-collar,married,secondary,no,yes,yes,cellular,20,apr,123,3,-1,0,unknown,0,negative,,
31,management,single,tertiary,no,yes,no,cellular,20,apr,37,1,320,2,failure,0,positive,,
48,management,married,tertiary,no,yes,no,cellular,20,apr,207,1,-1,0,unknown,0,positive,,
51,self-employed,married,secondary,no,yes,no,cellular,20,apr,164,1,-1,0,unknown,0,positive,,
48,services,married,primary,no,yes,no,cellular,20,apr,90,2,259,1,failure,0,negative,,
33,blue-collar,single,secondary,no,no,no,cellular,20,apr,335,1,334,3,failure,0,positive,,
47,services,single,tertiary,no,no,no,cellular,20,apr,96,1,-1,0,unknown,0,negative,,
34,management,single,unknown,no,yes,no,cellular,20,apr,51,3,-1,0,unknown,0,positive,,
34,housemaid,married,tertiary,no,yes,no,cellular,20,apr,11,5,152,2,failure,0,positive,,
46,blue-collar,single,secondary,no,yes,no,cellular,20,apr,178,4,-1,0,unknown,0,positive,,
46,technician,married,secondary,no,yes,no,cellular,20,apr,78,1,-1,0,unknown,0,positive,,
32,management,single,tertiary,no,yes,no,cellular,20,apr,169,1,-1,0,unknown,0,positive,,
59,management,divorced,tertiary,no,yes,no,cellular,20,apr,33,1,173,1,success,0,positive,,
38,services,married,secondary,no,yes,no,cellular,20,apr,111,2,328,5,failure,0,negative,,
27,services,married,secondary,no,yes,no,cellular,20,apr,144,4,-1,0,unknown,0,positive,,
33,technician,single,secondary,no,yes,no,cellular,20,apr,104,3,236,6,failure,0,positive,,
60,admin.,married,secondary,no,yes,no,cellular,20,apr,65,1,287,3,failure,0,positive,,
41,blue-collar,married,primary,no,yes,no,cellular,20,apr,170,1,150,1,failure,0,positive,,
42,entrepreneur,single,secondary,no,yes,yes,cellular,20,apr,180,1,-1,0,unknown,0,positive,,
59,management,married,tertiary,no,yes,no,cellular,20,apr,818,2,242,8,failure,0,positive,,
51,housemaid,married,tertiary,no,yes,yes,cellular,20,apr,64,4,-1,0,unknown,0,positive,,
54,blue-collar,married,unknown,no,no,no,cellular,20,apr,167,1,350,1,failure,0,positive,,
50,services,divorced,secondary,no,yes,no,cellular,20,apr,715,1,152,1,failure,0,positive,,
39,services,married,secondary,no,yes,no,cellular,20,apr,72,1,-1,0,unknown,0,positive,,
37,admin.,married,secondary,no,yes,no,cellular,20,apr,59,3,342,1,other,0,positive,,
35,admin.,single,secondary,no,yes,no,cellular,20,apr,23,4,-1,0,unknown,0,positive,,
37,services,married,secondary,no,yes,no,cellular,20,apr,107,1,-1,0,unknown,0,positive,,
51,blue-collar,married,secondary,no,yes,yes,cellular,20,apr,379,3,320,2,other,0,negative,,
35,services,single,secondary,no,yes,no,cellular,20,apr,285,1,-1,0,unknown,0,positive,,
33,management,single,tertiary,no,yes,no,cellular,20,apr,199,2,150,5,failure,0,positive,,
28,management,single,secondary,no,yes,no,cellular,20,apr,174,1,334,1,failure,0,positive,,
31,management,single,tertiary,no,yes,no,cellular,20,apr,16,4,-1,0,unknown,0,positive,,
35,services,married,secondary,no,no,no,cellular,20,apr,207,1,-1,0,unknown,0,positive,,
38,entrepreneur,married,secondary,no,yes,yes,cellular,20,apr,305,2,154,1,failure,0,negative,,
25,student,single,secondary,no,yes,no,cellular,20,apr,48,3,-1,0,unknown,0,positive,,
30,admin.,married,secondary,no,yes,no,cellular,20,apr,476,3,-1,0,unknown,0,positive,,
37,technician,married,secondary,no,yes,yes,cellular,20,apr,414,2,285,1,failure,0,positive,,
31,admin.,married,secondary,no,yes,no,cellular,20,apr,74,2,-1,0,unknown,0,positive,,
36,entrepreneur,married,tertiary,no,yes,yes,cellular,20,apr,393,3,-1,0,unknown,0,positive,,
45,management,married,tertiary,no,yes,no,cellular,20,apr,73,4,-1,0,unknown,0,positive,,
37,services,married,secondary,no,yes,no,cellular,20,apr,724,2,-1,0,unknown,0,positive,,
32,blue-collar,married,secondary,no,yes,no,cellular,20,apr,58,2,342,2,failure,0,positive,,
40,blue-collar,single,primary,no,yes,no,cellular,20,apr,8,3,315,1,failure,0,positive,,
48,admin.,single,secondary,no,yes,no,cellular,20,apr,81,2,287,6,failure,0,positive,,
53,retired,married,secondary,no,yes,no,telephone,20,apr,58,5,-1,0,unknown,0,positive,,
27,blue-collar,married,secondary,no,yes,no,cellular,20,apr,401,2,-1,0,unknown,0,positive,,
29,blue-collar,divorced,secondary,no,yes,no,cellular,20,apr,87,4,-1,0,unknown,0,positive,,
28,technician,married,tertiary,no,yes,no,cellular,20,apr,268,2,-1,0,unknown,0,positive,,
41,blue-collar,married,primary,no,yes,no,cellular,20,apr,10,6,-1,0,unknown,0,positive,,
38,technician,divorced,tertiary,no,yes,no,cellular,20,apr,8,2,-1,0,unknown,0,positive,,
38,services,married,secondary,no,yes,no,cellular,20,apr,10,3,-1,0,unknown,0,positive,,
37,technician,single,secondary,no,yes,no,cellular,20,apr,51,4,349,1,other,0,positive,,
36,housemaid,divorced,secondary,no,no,no,cellular,20,apr,400,2,-1,0,unknown,0,negative,,
34,blue-collar,married,primary,no,yes,no,cellular,20,apr,423,5,-1,0,unknown,0,positive,,
43,blue-collar,married,secondary,no,no,no,cellular,20,apr,316,2,264,2,failure,0,positive,,
28,technician,married,secondary,no,yes,no,cellular,20,apr,156,3,325,9,failure,0,positive,,
54,blue-collar,married,primary,no,yes,yes,cellular,20,apr,280,4,287,3,other,0,positive,,
51,blue-collar,married,primary,no,yes,no,cellular,20,apr,122,4,238,12,other,0,positive,,
29,blue-collar,married,secondary,no,yes,no,cellular,20,apr,19,5,-1,0,unknown,0,positive,,
48,admin.,single,secondary,no,yes,no,cellular,20,apr,243,2,151,7,other,0,negative,,
47,admin.,married,secondary,no,yes,yes,cellular,20,apr,250,2,-1,0,unknown,0,positive,,
33,blue-collar,single,secondary,no,yes,no,cellular,20,apr,372,2,-1,0,unknown,0,positive,,
35,blue-collar,married,secondary,no,yes,no,telephone,20,apr,19,6,-1,0,unknown,0,positive,,
37,services,married,secondary,no,yes,no,cellular,20,apr,554,3,-1,0,unknown,0,positive,,
34,services,married,secondary,no,yes,no,cellular,20,apr,6,6,328,8,failure,0,positive,,
36,self-employed,single,secondary,no,yes,no,cellular,20,apr,8,2,-1,0,unknown,0,positive,,
38,technician,married,tertiary,no,yes,no,cellular,20,apr,178,5,326,3,failure,0,positive,,
36,blue-collar,single,secondary,no,yes,yes,cellular,20,apr,305,2,-1,0,unknown,0,positive,,
35,technician,single,secondary,no,no,no,cellular,21,apr,71,2,-1,0,unknown,0,positive,,
37,admin.,married,secondary,no,no,no,cellular,21,apr,219,1,-1,0,unknown,0,positive,,
55,blue-collar,married,primary,no,no,no,telephone,21,apr,222,1,-1,0,unknown,0,positive,,
64,technician,married,tertiary,no,no,no,telephone,22,apr,101,1,-1,0,unknown,0,positive,,
75,admin.,married,unknown,no,no,no,cellular,22,apr,369,1,-1,0,unknown,0,positive,,
31,self-employed,single,tertiary,no,no,no,cellular,22,apr,116,4,-1,0,unknown,0,positive,,
29,self-employed,married,tertiary,no,no,no,cellular,23,apr,90,14,-1,0,unknown,0,positive,,
27,management,single,tertiary,no,no,no,cellular,24,apr,65,2,-1,0,unknown,0,positive,,
75,retired,divorced,primary,no,no,no,cellular,24,apr,222,4,-1,0,unknown,0,positive,,
72,retired,married,primary,no,no,no,cellular,24,apr,173,2,-1,0,unknown,0,positive,,
23,student,single,tertiary,no,no,no,cellular,27,apr,44,3,-1,0,unknown,0,positive,,
52,admin.,divorced,tertiary,no,yes,yes,cellular,27,apr,160,1,-1,0,unknown,0,negative,,
55,management,married,tertiary,no,no,no,cellular,27,apr,167,1,-1,0,unknown,0,positive,,
54,admin.,married,secondary,no,yes,yes,cellular,27,apr,66,1,-1,0,unknown,0,positive,,
35,self-employed,married,tertiary,no,no,no,cellular,27,apr,144,1,-1,0,unknown,0,positive,,
36,housemaid,married,primary,no,no,no,cellular,28,apr,151,3,-1,0,unknown,0,positive,,
28,entrepreneur,single,tertiary,no,no,no,cellular,30,apr,170,1,-1,0,unknown,0,positive,,
47,housemaid,married,secondary,no,yes,no,cellular,30,apr,211,1,87,1,other,0,positive,,
41,management,married,tertiary,no,no,no,cellular,30,apr,179,1,-1,0,unknown,0,positive,,
41,management,married,tertiary,no,no,no,cellular,30,apr,75,1,-1,0,unknown,0,positive,,
48,admin.,married,secondary,no,no,no,cellular,30,apr,364,1,86,2,other,0,positive,,
27,management,single,tertiary,no,no,no,cellular,30,apr,243,1,-1,0,unknown,0,positive,,
59,retired,married,unknown,no,no,no,cellular,30,apr,353,1,-1,0,unknown,0,positive,,
39,technician,divorced,secondary,no,yes,yes,cellular,30,apr,85,1,-1,0,unknown,0,negative,,
33,student,single,unknown,no,no,no,cellular,30,apr,110,1,83,7,failure,0,positive,,
30,technician,married,tertiary,no,yes,no,cellular,30,apr,551,1,-1,0,unknown,0,positive,,
32,services,married,secondary,no,no,no,cellular,30,apr,222,1,-1,0,unknown,0,positive,,
26,retired,single,secondary,no,no,no,cellular,30,apr,308,1,-1,0,unknown,0,positive,,
54,housemaid,married,secondary,yes,no,no,cellular,30,apr,103,3,-1,0,unknown,0,negative,,
36,self-employed,single,tertiary,no,no,no,cellular,30,apr,78,1,84,1,failure,0,positive,,
31,management,single,tertiary,no,yes,no,cellular,30,apr,97,2,87,2,other,0,negative,,
31,management,single,tertiary,no,no,no,cellular,30,apr,228,1,86,1,failure,0,positive,,
43,unemployed,married,secondary,no,no,no,cellular,30,apr,488,1,-1,0,unknown,0,positive,,
49,blue-collar,married,secondary,no,yes,no,cellular,30,apr,264,2,86,3,failure,0,positive,,
57,admin.,married,primary,no,no,no,cellular,30,apr,176,2,-1,0,unknown,0,positive,,
28,self-employed,single,secondary,no,no,no,cellular,30,apr,157,1,-1,0,unknown,0,positive,,
34,management,single,tertiary,no,yes,no,telephone,4,may,47,1,-1,0,unknown,0,positive,,
26,services,single,secondary,no,yes,no,cellular,4,may,101,2,-1,0,unknown,0,positive,,
31,management,single,tertiary,no,no,no,cellular,4,may,95,2,91,2,failure,0,positive,,
44,blue-collar,single,secondary,no,yes,no,cellular,4,may,64,2,19,1,failure,0,negative,,
33,admin.,married,tertiary,no,no,yes,cellular,4,may,77,2,-1,0,unknown,0,positive,,
22,admin.,single,tertiary,no,yes,no,cellular,4,may,98,4,89,4,success,0,positive,,
60,housemaid,married,primary,no,no,no,telephone,4,may,15,5,-1,0,unknown,0,positive,,
32,student,single,tertiary,no,no,no,cellular,4,may,117,1,-1,0,unknown,0,positive,,
28,management,single,tertiary,no,no,no,cellular,4,may,174,1,-1,0,unknown,0,positive,,
35,unemployed,married,secondary,no,yes,no,cellular,4,may,52,4,91,1,other,0,positive,,
41,blue-collar,married,secondary,no,yes,no,cellular,4,may,106,2,-1,0,unknown,0,positive,,
33,admin.,married,tertiary,no,yes,no,cellular,4,may,181,2,-1,0,unknown,0,positive,,
59,management,married,tertiary,no,no,no,cellular,4,may,121,5,-1,0,unknown,0,positive,,
28,blue-collar,single,secondary,no,yes,no,cellular,4,may,528,3,-1,0,unknown,0,positive,,
32,blue-collar,married,primary,yes,yes,no,cellular,4,may,326,3,357,15,other,0,negative,,
32,management,single,tertiary,no,no,no,cellular,4,may,417,2,-1,0,unknown,0,negative,,
36,management,single,tertiary,no,yes,no,cellular,4,may,8,4,-1,0,unknown,0,positive,,
43,entrepreneur,married,secondary,no,no,no,telephone,4,may,6,4,-1,0,unknown,0,negative,,
51,technician,single,tertiary,no,no,no,cellular,4,may,8,3,-1,0,unknown,0,positive,,
30,unemployed,married,secondary,no,no,no,cellular,4,may,99,4,-1,0,unknown,0,positive,,
34,blue-collar,married,secondary,no,no,no,cellular,4,may,76,4,89,3,success,0,positive,,
33,management,married,tertiary,no,yes,no,telephone,4,may,33,7,-1,0,unknown,0,negative,,
41,management,married,secondary,no,no,no,cellular,4,may,114,6,168,11,other,0,positive,,
33,management,married,tertiary,no,yes,no,cellular,4,may,15,4,87,6,failure,0,positive,,
23,student,single,secondary,no,no,no,telephone,4,may,526,1,-1,0,unknown,0,negative,,
20,student,single,secondary,no,no,no,telephone,4,may,75,3,-1,0,unknown,0,positive,,
46,management,married,unknown,no,no,no,telephone,4,may,157,3,-1,0,unknown,0,positive,,
27,blue-collar,single,secondary,no,yes,yes,cellular,5,may,94,5,-1,0,unknown,0,negative,,
40,management,married,primary,no,yes,no,telephone,5,may,11,6,-1,0,unknown,0,positive,,
46,technician,married,tertiary,no,yes,no,cellular,5,may,245,4,354,9,other,0,negative,,
34,entrepreneur,married,secondary,no,yes,yes,cellular,5,may,184,1,167,6,failure,0,positive,,
51,blue-collar,divorced,secondary,no,yes,yes,cellular,5,may,17,1,-1,0,unknown,0,positive,,
52,admin.,married,primary,no,yes,no,cellular,5,may,139,1,286,1,failure,0,positive,,
53,technician,divorced,secondary,no,yes,yes,cellular,5,may,48,2,-1,0,unknown,0,positive,,
30,management,single,tertiary,no,yes,no,cellular,5,may,381,1,342,7,failure,0,negative,,
52,management,married,tertiary,no,yes,no,cellular,5,may,604,1,-1,0,unknown,0,positive,,
35,admin.,married,secondary,no,yes,no,cellular,5,may,168,2,-1,0,unknown,0,positive,,
26,management,married,tertiary,no,yes,yes,cellular,5,may,247,2,358,2,failure,0,positive,,
23,blue-collar,single,secondary,no,yes,no,cellular,5,may,500,1,-1,0,unknown,0,positive,,
47,services,single,secondary,no,yes,no,cellular,5,may,298,1,-1,0,unknown,0,positive,,
27,unemployed,single,secondary,no,yes,no,cellular,5,may,188,1,-1,0,unknown,0,positive,,
35,management,married,secondary,no,yes,no,cellular,5,may,659,1,167,1,failure,0,positive,,
24,student,single,secondary,no,no,no,telephone,5,may,60,1,-1,0,unknown,0,positive,,
30,blue-collar,married,secondary,no,yes,no,cellular,5,may,18,6,-1,0,unknown,0,positive,,
31,management,married,tertiary,no,yes,no,cellular,5,may,67,1,-1,0,unknown,0,positive,,
42,management,married,tertiary,no,yes,no,cellular,5,may,42,1,272,2,failure,0,positive,,
28,blue-collar,married,secondary,no,no,no,cellular,5,may,78,4,-1,0,unknown,0,positive,,
29,entrepreneur,married,secondary,no,yes,no,cellular,5,may,231,4,-1,0,unknown,0,positive,,
29,services,single,secondary,no,yes,no,cellular,5,may,19,2,-1,0,unknown,0,positive,,
31,management,single,tertiary,no,yes,no,cellular,5,may,155,1,-1,0,unknown,0,positive,,
33,services,married,secondary,no,yes,yes,cellular,5,may,237,4,165,4,failure,0,positive,,
36,blue-collar,married,secondary,no,yes,no,cellular,5,may,348,1,-1,0,unknown,0,positive,,
30,self-employed,single,secondary,no,no,no,telephone,5,may,92,3,-1,0,unknown,0,positive,,
35,services,single,secondary,no,yes,no,cellular,5,may,60,2,347,1,failure,0,positive,,
31,admin.,married,secondary,no,yes,no,cellular,5,may,290,2,-1,0,unknown,0,positive,,
32,admin.,divorced,secondary,no,yes,no,cellular,5,may,64,1,-1,0,unknown,0,negative,,
27,management,single,tertiary,no,yes,no,cellular,5,may,876,1,-1,0,unknown,0,positive,,
55,services,married,secondary,no,yes,yes,cellular,5,may,369,2,278,5,failure,0,negative,,
59,blue-collar,married,secondary,no,yes,no,cellular,5,may,200,3,-1,0,unknown,0,positive,,
39,blue-collar,single,secondary,no,yes,yes,cellular,5,may,180,3,166,15,failure,0,positive,,
43,blue-collar,married,primary,no,yes,no,cellular,5,may,75,7,-1,0,unknown,0,negative,,
27,admin.,married,secondary,no,yes,no,cellular,5,may,209,5,343,1,failure,0,positive,,
38,services,married,secondary,no,yes,no,cellular,5,may,205,2,-1,0,unknown,0,positive,,
45,management,married,tertiary,no,yes,no,cellular,5,may,469,2,342,1,failure,0,negative,,
43,management,married,tertiary,no,yes,no,cellular,5,may,253,2,286,1,failure,0,positive,,
29,management,single,tertiary,no,yes,no,cellular,5,may,371,2,-1,0,unknown,0,positive,,
33,management,single,tertiary,no,yes,no,telephone,5,may,399,2,358,5,other,0,negative,,
56,management,married,tertiary,no,yes,no,telephone,5,may,259,2,-1,0,unknown,0,negative,,
36,technician,single,secondary,no,yes,no,telephone,5,may,193,1,335,1,failure,0,positive,,
30,blue-collar,married,primary,no,yes,yes,cellular,5,may,305,1,294,7,other,0,negative,,
46,management,married,tertiary,no,yes,no,cellular,6,may,105,4,366,2,failure,0,positive,,
44,management,divorced,tertiary,no,no,no,cellular,6,may,248,1,-1,0,unknown,0,positive,,
40,services,married,secondary,no,yes,no,cellular,6,may,207,1,351,2,failure,0,positive,,
36,services,married,secondary,no,yes,no,cellular,6,may,215,3,280,3,failure,0,negative,,
37,technician,married,secondary,no,yes,no,cellular,6,may,372,1,-1,0,unknown,0,positive,,
39,admin.,married,secondary,no,yes,no,cellular,6,may,128,3,-1,0,unknown,0,positive,,
36,admin.,married,secondary,no,yes,no,cellular,6,may,403,1,345,1,failure,0,positive,,
35,management,married,tertiary,no,yes,no,cellular,6,may,36,1,365,3,failure,0,positive,,
28,services,single,secondary,no,yes,no,cellular,6,may,115,1,359,3,failure,0,positive,,
32,blue-collar,single,primary,no,yes,no,cellular,6,may,90,1,-1,0,unknown,0,positive,,
28,student,single,tertiary,no,yes,no,cellular,6,may,209,1,-1,0,unknown,0,positive,,
26,admin.,single,secondary,no,no,no,cellular,6,may,606,1,345,1,failure,0,positive,,
25,blue-collar,single,secondary,yes,yes,no,telephone,6,may,44,1,-1,0,unknown,0,positive,,
30,entrepreneur,married,secondary,no,yes,no,cellular,6,may,124,1,167,3,failure,0,positive,,
31,student,single,unknown,no,yes,no,cellular,6,may,158,2,-1,0,unknown,0,positive,,
40,blue-collar,married,secondary,no,yes,no,cellular,6,may,410,1,-1,0,unknown,0,positive,,
32,management,married,tertiary,no,yes,no,cellular,6,may,37,2,-1,0,unknown,0,positive,,
33,admin.,married,secondary,no,yes,yes,cellular,6,may,84,1,282,4,failure,0,positive,,
42,management,married,primary,no,yes,yes,cellular,6,may,159,1,343,2,failure,0,negative,,
26,management,single,tertiary,no,yes,no,cellular,6,may,477,2,-1,0,unknown,0,positive,,
33,blue-collar,married,primary,no,yes,yes,cellular,6,may,128,1,350,1,failure,0,negative,,
30,blue-collar,married,secondary,no,yes,no,cellular,6,may,231,1,363,1,failure,0,positive,,
31,blue-collar,single,unknown,yes,yes,no,cellular,6,may,72,1,-1,0,unknown,0,positive,,
34,technician,single,secondary,no,yes,no,cellular,6,may,254,1,267,4,failure,0,positive,,
27,blue-collar,single,secondary,yes,yes,no,cellular,6,may,728,1,-1,0,unknown,0,negative,,
50,technician,divorced,secondary,no,yes,no,cellular,6,may,127,2,254,23,other,0,positive,,
25,services,single,secondary,no,yes,no,cellular,6,may,343,2,-1,0,unknown,0,negative,,
35,entrepreneur,single,tertiary,no,yes,no,cellular,6,may,100,1,169,12,other,0,positive,,
28,admin.,single,secondary,no,yes,yes,cellular,6,may,150,1,-1,0,unknown,0,positive,,
37,management,single,tertiary,no,no,yes,cellular,6,may,60,1,-1,0,unknown,0,positive,,
44,services,married,secondary,no,yes,no,cellular,6,may,175,1,322,3,failure,0,positive,,
35,management,single,secondary,no,yes,no,cellular,6,may,90,1,-1,0,unknown,0,positive,,
38,housemaid,divorced,primary,no,yes,yes,cellular,6,may,79,2,166,7,failure,0,negative,,
26,blue-collar,single,primary,no,yes,no,cellular,6,may,138,1,-1,0,unknown,0,negative,,
30,admin.,single,secondary,no,yes,no,cellular,6,may,145,1,-1,0,unknown,0,positive,,
33,blue-collar,married,primary,yes,yes,no,cellular,6,may,116,2,-1,0,unknown,0,negative,,
37,management,married,tertiary,no,yes,no,cellular,6,may,84,2,169,3,failure,0,negative,,
54,management,divorced,tertiary,no,yes,no,cellular,6,may,160,1,-1,0,unknown,0,positive,,
25,blue-collar,single,secondary,no,yes,no,cellular,6,may,70,3,356,4,other,0,positive,,
30,admin.,single,secondary,no,yes,no,cellular,6,may,346,3,356,2,other,0,positive,,
32,blue-collar,married,primary,no,yes,no,cellular,6,may,169,2,-1,0,unknown,0,negative,,
48,entrepreneur,divorced,secondary,no,yes,yes,cellular,6,may,593,2,281,4,failure,0,positive,,
38,self-employed,married,tertiary,no,yes,no,cellular,6,may,69,2,-1,0,unknown,0,positive,,
31,blue-collar,single,secondary,no,yes,no,cellular,6,may,270,4,366,2,failure,0,negative,,
31,services,married,secondary,no,yes,no,cellular,6,may,1369,3,-1,0,unknown,0,negative,,
25,services,single,secondary,no,yes,no,cellular,6,may,293,3,-1,0,unknown,0,negative,,
53,blue-collar,married,secondary,no,yes,no,cellular,6,may,91,3,-1,0,unknown,0,negative,,
35,technician,single,tertiary,no,yes,no,cellular,6,may,157,3,254,5,failure,0,positive,,
46,technician,single,secondary,no,yes,no,telephone,6,may,22,6,-1,0,unknown,0,positive,,
31,self-employed,single,secondary,no,yes,yes,cellular,6,may,232,2,167,4,failure,0,positive,,
22,blue-collar,married,secondary,no,yes,no,cellular,6,may,268,1,344,1,failure,0,positive,,
45,management,married,tertiary,no,yes,no,cellular,6,may,337,2,-1,0,unknown,0,negative,,
54,blue-collar,married,primary,no,yes,no,telephone,7,may,755,3,363,5,failure,0,negative,,
24,services,single,secondary,no,yes,no,cellular,7,may,241,1,-1,0,unknown,0,positive,,
56,admin.,single,secondary,no,yes,no,telephone,7,may,45,1,342,2,failure,0,positive,,
30,admin.,married,tertiary,no,yes,no,cellular,7,may,223,1,-1,0,unknown,0,positive,,
30,technician,married,secondary,no,yes,no,cellular,7,may,131,1,338,2,other,0,positive,,
40,services,divorced,primary,no,yes,no,cellular,7,may,171,2,-1,0,unknown,0,positive,,
32,technician,single,tertiary,no,yes,yes,cellular,7,may,138,1,168,1,failure,0,positive,,
39,blue-collar,married,secondary,no,yes,no,cellular,7,may,101,1,-1,0,unknown,0,negative,,
32,technician,single,secondary,no,yes,yes,cellular,7,may,107,1,344,4,failure,0,positive,,
41,services,single,primary,no,yes,no,cellular,7,may,198,1,167,5,failure,0,positive,,
48,admin.,married,secondary,no,yes,no,cellular,7,may,133,1,-1,0,unknown,0,negative,,
33,entrepreneur,married,tertiary,no,yes,yes,cellular,7,may,217,1,167,2,other,0,positive,,
32,blue-collar,married,primary,no,yes,yes,cellular,7,may,273,1,-1,0,unknown,0,negative,,
25,student,single,secondary,no,yes,no,cellular,7,may,236,1,-1,0,unknown,0,positive,,
28,services,single,secondary,no,yes,no,cellular,7,may,128,1,-1,0,unknown,0,positive,,
41,management,married,tertiary,no,yes,no,cellular,7,may,199,1,-1,0,unknown,0,positive,,
41,services,single,secondary,no,yes,no,cellular,7,may,17,5,360,3,failure,0,negative,,
47,blue-collar,divorced,secondary,no,yes,no,cellular,7,may,166,1,-1,0,unknown,0,positive,,
31,blue-collar,single,secondary,no,yes,no,cellular,7,may,113,2,345,1,other,0,negative,,
35,blue-collar,married,secondary,no,yes,no,cellular,7,may,141,1,-1,0,unknown,0,positive,,
42,admin.,married,secondary,no,yes,no,cellular,7,may,176,1,287,2,other,0,positive,,
40,technician,single,secondary,no,yes,yes,cellular,7,may,148,1,-1,0,unknown,0,positive,,
28,blue-collar,married,secondary,no,yes,no,cellular,7,may,226,1,339,1,other,0,positive,,
47,blue-collar,married,primary,no,yes,no,cellular,7,may,58,1,-1,0,unknown,0,positive,,
35,technician,single,secondary,no,yes,yes,cellular,7,may,381,1,-1,0,unknown,0,positive,,
47,blue-collar,married,primary,no,yes,yes,cellular,7,may,118,1,-1,0,unknown,0,positive,,
41,technician,single,tertiary,no,yes,no,cellular,7,may,412,2,-1,0,unknown,0,positive,,
49,technician,married,secondary,no,yes,no,cellular,7,may,190,1,276,1,other,0,negative,,
38,technician,married,secondary,no,yes,yes,cellular,7,may,193,2,296,5,other,0,negative,,
28,technician,single,secondary,no,yes,no,cellular,7,may,281,1,-1,0,unknown,0,positive,,
56,blue-collar,married,unknown,no,yes,yes,cellular,7,may,135,2,-1,0,unknown,0,positive,,
44,management,married,tertiary,no,no,no,cellular,7,may,97,2,171,2,failure,0,positive,,
36,admin.,single,secondary,no,yes,no,cellular,7,may,473,2,-1,0,unknown,0,positive,,
40,unemployed,divorced,secondary,no,yes,no,cellular,7,may,195,1,357,1,failure,0,positive,,
28,blue-collar,single,primary,no,yes,no,cellular,7,may,225,3,321,3,failure,0,positive,,
38,services,married,primary,no,yes,yes,cellular,7,may,127,1,171,2,other,0,negative,,
48,management,divorced,secondary,no,yes,no,telephone,7,may,325,1,-1,0,unknown,0,positive,,
45,blue-collar,married,primary,no,yes,no,cellular,7,may,643,1,-1,0,unknown,0,positive,,
35,blue-collar,single,secondary,no,yes,no,cellular,7,may,266,2,168,1,failure,0,positive,,
46,blue-collar,married,secondary,no,yes,no,cellular,7,may,33,3,359,1,failure,0,positive,,
47,entrepreneur,single,tertiary,no,yes,yes,cellular,7,may,308,1,335,3,failure,0,positive,,
28,technician,single,secondary,no,yes,yes,cellular,7,may,188,2,366,2,other,0,positive,,
33,technician,divorced,secondary,no,yes,no,cellular,7,may,600,2,330,17,failure,0,positive,,
33,services,married,primary,no,yes,no,cellular,7,may,227,2,-1,0,unknown,0,negative,,
27,blue-collar,single,secondary,yes,yes,yes,cellular,7,may,202,2,349,1,other,0,negative,,
37,unemployed,single,secondary,no,yes,yes,cellular,7,may,739,2,325,3,failure,0,positive,,
43,blue-collar,married,secondary,no,yes,yes,cellular,7,may,300,2,-1,0,unknown,0,positive,,
33,technician,single,secondary,no,yes,no,cellular,7,may,293,2,-1,0,unknown,0,positive,,
32,entrepreneur,married,tertiary,no,yes,no,cellular,7,may,388,2,349,2,failure,0,negative,,
50,management,married,tertiary,no,yes,no,cellular,7,may,128,2,-1,0,unknown,0,positive,,
32,admin.,married,secondary,no,yes,yes,cellular,7,may,219,2,-1,0,unknown,0,positive,,
59,retired,married,secondary,no,yes,no,cellular,7,may,476,2,-1,0,unknown,0,positive,,
27,technician,married,secondary,no,yes,no,cellular,7,may,265,3,-1,0,unknown,0,positive,,
32,admin.,married,unknown,no,yes,no,cellular,7,may,20,8,-1,0,unknown,0,positive,,
33,services,married,secondary,no,yes,yes,cellular,7,may,172,2,-1,0,unknown,0,negative,,
39,admin.,married,tertiary,no,yes,no,cellular,7,may,100,1,-1,0,unknown,0,positive,,
53,blue-collar,married,secondary,no,yes,no,cellular,7,may,407,2,-1,0,unknown,0,negative,,
54,blue-collar,married,secondary,no,yes,no,cellular,7,may,369,1,-1,0,unknown,0,positive,,
27,blue-collar,single,secondary,no,yes,no,cellular,7,may,212,1,-1,0,unknown,0,positive,,
37,blue-collar,married,secondary,no,yes,yes,cellular,7,may,490,1,-1,0,unknown,0,positive,,
45,technician,divorced,secondary,no,no,no,cellular,7,may,388,2,-1,0,unknown,0,positive,,
29,technician,single,secondary,no,yes,no,cellular,7,may,340,1,-1,0,unknown,0,positive,,
49,blue-collar,married,primary,no,yes,no,cellular,7,may,373,2,360,4,failure,0,positive,,
50,management,married,tertiary,no,yes,no,cellular,8,may,41,1,360,1,failure,0,positive,,
34,unemployed,single,secondary,no,yes,no,cellular,8,may,11,8,365,4,failure,0,positive,,
33,technician,single,secondary,no,yes,no,cellular,8,may,95,3,-1,0,unknown,0,positive,,
59,self-employed,married,tertiary,no,yes,no,cellular,8,may,63,1,169,2,failure,0,positive,,
42,blue-collar,divorced,primary,no,yes,no,cellular,8,may,213,5,-1,0,unknown,0,positive,,
30,blue-collar,married,secondary,no,yes,no,cellular,8,may,475,3,-1,0,unknown,0,positive,,
55,services,married,secondary,no,yes,no,cellular,8,may,171,1,-1,0,unknown,0,positive,,
38,entrepreneur,married,primary,no,yes,no,cellular,8,may,75,1,-1,0,unknown,0,positive,,
48,blue-collar,married,secondary,no,yes,yes,cellular,8,may,97,1,343,2,failure,0,positive,,
39,blue-collar,married,secondary,no,yes,no,cellular,8,may,312,1,-1,0,unknown,0,positive,,
44,technician,married,secondary,no,yes,yes,cellular,8,may,364,1,262,2,failure,0,positive,,
35,management,single,tertiary,no,no,no,cellular,8,may,278,1,-1,0,unknown,0,positive,,
53,technician,married,unknown,no,yes,no,cellular,8,may,763,1,-1,0,unknown,0,positive,,
51,blue-collar,divorced,secondary,no,yes,no,cellular,8,may,134,1,170,5,failure,0,positive,,
43,services,married,secondary,no,yes,no,cellular,8,may,120,1,-1,0,unknown,0,positive,,
38,admin.,divorced,secondary,no,yes,no,cellular,8,may,191,1,-1,0,unknown,0,positive,,
44,admin.,married,secondary,yes,yes,no,cellular,8,may,105,1,347,2,failure,0,negative,,
34,technician,divorced,secondary,no,yes,no,cellular,8,may,136,2,-1,0,unknown,0,positive,,
49,technician,divorced,secondary,no,yes,no,cellular,8,may,90,1,-1,0,unknown,0,positive,,
41,blue-collar,married,primary,no,yes,no,cellular,8,may,171,1,368,1,failure,0,negative,,
33,admin.,single,tertiary,no,yes,no,cellular,8,may,56,1,-1,0,unknown,0,positive,,
48,services,married,secondary,no,yes,no,cellular,8,may,255,2,-1,0,unknown,0,positive,,
43,services,single,secondary,no,yes,no,cellular,8,may,198,1,-1,0,unknown,0,positive,,
33,management,single,tertiary,no,yes,no,cellular,8,may,428,1,-1,0,unknown,0,positive,,
44,admin.,single,secondary,no,yes,yes,cellular,8,may,164,1,-1,0,unknown,0,positive,,
46,management,married,tertiary,no,yes,no,cellular,8,may,462,1,359,2,failure,0,positive,,
32,blue-collar,single,secondary,no,yes,no,cellular,8,may,238,6,169,3,failure,0,positive,,
31,student,single,tertiary,no,yes,no,cellular,8,may,85,2,368,2,failure,0,positive,,
31,blue-collar,divorced,secondary,no,yes,no,cellular,8,may,154,3,367,2,failure,0,negative,,
41,admin.,married,secondary,no,no,yes,cellular,8,may,86,4,-1,0,unknown,0,positive,,
39,services,married,secondary,no,yes,yes,cellular,8,may,40,6,343,2,failure,0,negative,,
51,management,married,tertiary,no,yes,no,cellular,8,may,129,2,-1,0,unknown,0,positive,,
40,services,married,primary,no,yes,yes,cellular,8,may,361,3,-1,0,unknown,0,positive,,
38,blue-collar,married,primary,no,yes,no,cellular,8,may,583,2,-1,0,unknown,0,negative,,
39,services,married,primary,no,yes,no,cellular,8,may,340,2,312,4,failure,0,positive,,
36,technician,married,secondary,no,yes,no,cellular,8,may,89,1,-1,0,unknown,0,negative,,
36,unemployed,married,primary,no,yes,no,cellular,8,may,152,1,-1,0,unknown,0,positive,,
51,services,married,primary,no,yes,yes,telephone,8,may,713,3,-1,0,unknown,0,positive,,
42,admin.,divorced,secondary,no,no,no,cellular,8,may,322,1,323,1,failure,0,positive,,
37,management,single,tertiary,no,yes,no,cellular,8,may,349,1,-1,0,unknown,0,positive,,
38,technician,married,secondary,no,yes,no,telephone,11,may,21,5,346,6,other,0,positive,,
30,services,married,secondary,no,yes,yes,cellular,11,may,295,1,-1,0,unknown,0,positive,,
44,admin.,divorced,secondary,no,yes,no,cellular,11,may,55,1,171,8,failure,0,positive,,
41,blue-collar,married,secondary,no,yes,no,cellular,11,may,313,1,349,3,other,0,negative,,
40,blue-collar,married,secondary,no,yes,no,cellular,11,may,431,1,172,2,failure,0,positive,,
44,blue-collar,married,secondary,no,yes,yes,cellular,11,may,528,1,-1,0,unknown,0,positive,,
36,technician,married,secondary,no,yes,no,cellular,11,may,179,1,304,2,failure,0,positive,,
50,admin.,married,secondary,no,yes,no,cellular,11,may,106,1,278,3,failure,0,positive,,
40,services,married,secondary,no,yes,no,cellular,11,may,94,1,-1,0,unknown,0,positive,,
38,retired,married,unknown,no,no,no,cellular,11,may,94,1,350,5,other,0,positive,,
38,blue-collar,divorced,secondary,no,yes,no,cellular,11,may,242,1,-1,0,unknown,0,positive,,
42,services,married,secondary,no,yes,no,cellular,11,may,67,1,-1,0,unknown,0,positive,,
42,blue-collar,married,secondary,no,yes,no,telephone,11,may,231,1,284,2,failure,0,positive,,
36,management,single,tertiary,no,yes,no,cellular,11,may,212,1,-1,0,unknown,0,positive,,
37,admin.,divorced,secondary,no,yes,yes,cellular,11,may,202,3,265,2,failure,0,positive,,
42,blue-collar,married,primary,no,yes,no,cellular,11,may,91,1,-1,0,unknown,0,positive,,
60,services,divorced,secondary,no,yes,no,cellular,11,may,186,1,-1,0,unknown,0,positive,,
41,admin.,single,unknown,no,yes,no,cellular,11,may,442,1,370,3,failure,0,positive,,
57,blue-collar,divorced,secondary,no,yes,no,cellular,11,may,200,2,-1,0,unknown,0,positive,,
55,admin.,married,tertiary,no,yes,no,cellular,11,may,51,1,305,1,failure,0,positive,,
55,services,married,secondary,no,yes,no,telephone,11,may,28,1,-1,0,unknown,0,positive,,
35,blue-collar,single,secondary,no,yes,no,cellular,11,may,14,5,-1,0,unknown,0,positive,,
23,student,single,secondary,no,yes,no,cellular,11,may,239,5,367,2,failure,0,positive,,
55,retired,divorced,secondary,no,yes,no,cellular,11,may,190,1,300,2,failure,0,positive,,
43,blue-collar,divorced,secondary,no,yes,no,cellular,11,may,405,1,174,3,failure,0,positive,,
49,blue-collar,married,unknown,no,yes,no,cellular,11,may,143,2,347,1,failure,0,positive,,
40,technician,single,secondary,no,yes,yes,cellular,11,may,154,1,305,9,failure,0,positive,,
51,blue-collar,divorced,primary,no,yes,no,cellular,11,may,347,1,284,2,failure,0,positive,,
41,self-employed,married,secondary,no,yes,no,cellular,11,may,49,1,-1,0,unknown,0,positive,,
33,housemaid,married,primary,no,yes,no,cellular,11,may,327,1,-1,0,unknown,0,positive,,
48,unemployed,divorced,secondary,no,yes,no,cellular,11,may,68,1,-1,0,unknown,0,positive,,
44,management,married,tertiary,no,yes,yes,cellular,11,may,257,1,-1,0,unknown,0,negative,,
36,technician,single,secondary,no,yes,no,cellular,11,may,622,1,-1,0,unknown,0,positive,,
44,management,married,tertiary,no,yes,no,cellular,11,may,78,2,264,3,failure,0,negative,,
46,technician,married,secondary,no,yes,no,cellular,11,may,333,1,-1,0,unknown,0,positive,,
37,admin.,single,secondary,no,yes,no,cellular,11,may,207,1,370,1,failure,0,positive,,
37,admin.,single,secondary,no,yes,no,cellular,11,may,400,2,340,2,failure,0,negative,,
27,blue-collar,single,secondary,no,yes,no,cellular,11,may,177,4,367,1,failure,0,positive,,
55,management,divorced,tertiary,no,yes,no,cellular,11,may,175,5,333,19,other,0,positive,,
32,self-employed,single,secondary,no,yes,no,cellular,11,may,74,1,-1,0,unknown,0,negative,,
58,management,single,tertiary,no,yes,no,telephone,11,may,168,3,-1,0,unknown,0,positive,,
44,services,married,secondary,no,yes,yes,cellular,11,may,161,1,-1,0,unknown,0,negative,,
36,blue-collar,single,secondary,no,yes,no,cellular,11,may,327,1,-1,0,unknown,0,positive,,
35,blue-collar,single,secondary,no,yes,no,cellular,11,may,371,1,305,1,failure,0,negative,,
32,services,single,secondary,no,yes,no,cellular,11,may,369,1,-1,0,unknown,0,positive,,
43,services,married,secondary,no,yes,yes,cellular,11,may,129,1,-1,0,unknown,0,positive,,
40,admin.,married,secondary,no,yes,no,cellular,11,may,160,2,-1,0,unknown,0,positive,,
36,blue-collar,married,secondary,no,yes,no,cellular,11,may,240,1,-1,0,unknown,0,positive,,
53,blue-collar,divorced,secondary,no,yes,no,cellular,11,may,321,2,-1,0,unknown,0,positive,,
34,blue-collar,married,secondary,no,yes,no,cellular,11,may,200,2,364,2,other,0,negative,,
37,blue-collar,married,unknown,no,yes,no,cellular,11,may,161,1,-1,0,unknown,0,positive,,
38,services,married,secondary,no,yes,yes,cellular,11,may,146,2,-1,0,unknown,0,positive,,
29,blue-collar,single,secondary,no,yes,no,cellular,11,may,142,1,-1,0,unknown,0,positive,,
45,services,married,secondary,no,yes,no,cellular,11,may,65,2,-1,0,unknown,0,positive,,
44,blue-collar,divorced,secondary,no,yes,no,cellular,11,may,128,1,369,1,failure,0,positive,,
37,technician,married,primary,no,yes,yes,cellular,11,may,285,2,349,10,failure,0,positive,,
57,technician,divorced,secondary,no,yes,no,cellular,11,may,133,2,370,2,failure,0,positive,,
38,blue-collar,married,secondary,no,yes,no,cellular,11,may,472,2,-1,0,unknown,0,positive,,
43,blue-collar,married,primary,no,yes,no,telephone,11,may,544,3,-1,0,unknown,0,positive,,
53,blue-collar,married,secondary,no,yes,no,telephone,11,may,193,2,-1,0,unknown,0,positive,,
59,services,married,secondary,no,yes,no,telephone,11,may,437,2,361,5,failure,0,negative,,
37,technician,single,tertiary,no,yes,no,cellular,11,may,180,3,-1,0,unknown,0,positive,,
44,blue-collar,single,secondary,no,yes,no,cellular,11,may,196,2,-1,0,unknown,0,positive,,
37,blue-collar,married,secondary,no,yes,no,cellular,11,may,304,3,173,7,failure,0,positive,,
36,services,single,secondary,no,yes,yes,telephone,11,may,338,2,-1,0,unknown,0,positive,,
50,self-employed,married,tertiary,no,yes,no,cellular,11,may,142,5,-1,0,unknown,0,positive,,
41,blue-collar,married,secondary,no,yes,no,cellular,11,may,273,3,-1,0,unknown,0,negative,,
31,unemployed,single,secondary,no,yes,no,cellular,12,may,278,2,370,3,other,0,negative,,
36,blue-collar,married,secondary,no,yes,no,cellular,12,may,167,2,350,2,failure,0,negative,,
31,services,divorced,secondary,no,yes,no,cellular,12,may,56,3,351,3,other,0,positive,,
36,blue-collar,single,primary,no,yes,no,telephone,12,may,200,2,370,2,failure,0,positive,,
46,admin.,married,unknown,no,yes,no,cellular,12,may,75,5,-1,0,unknown,0,negative,,
54,blue-collar,married,primary,no,yes,no,cellular,12,may,77,4,341,2,failure,0,negative,,
54,technician,married,secondary,no,yes,no,telephone,12,may,11,6,-1,0,unknown,0,negative,,
40,services,divorced,secondary,no,yes,no,cellular,12,may,138,3,-1,0,unknown,0,positive,,
41,blue-collar,married,primary,no,yes,no,cellular,12,may,150,4,330,11,other,0,positive,,
50,blue-collar,married,primary,no,yes,no,telephone,12,may,11,1,-1,0,unknown,0,positive,,
60,admin.,single,secondary,no,yes,no,cellular,12,may,318,1,-1,0,unknown,0,positive,,
35,services,married,secondary,no,yes,no,cellular,12,may,187,1,-1,0,unknown,0,positive,,
32,admin.,divorced,tertiary,no,yes,no,cellular,12,may,69,1,361,1,failure,0,positive,,
46,management,divorced,secondary,yes,no,no,cellular,12,may,115,1,-1,0,unknown,0,positive,,
47,services,married,secondary,no,yes,no,cellular,12,may,104,3,371,2,failure,0,positive,,
54,retired,divorced,tertiary,no,yes,no,cellular,12,may,176,2,175,1,failure,0,positive,,
40,technician,married,primary,no,yes,no,cellular,12,may,22,4,-1,0,unknown,0,positive,,
31,housemaid,married,tertiary,no,yes,no,telephone,12,may,25,6,258,18,other,0,positive,,
40,entrepreneur,married,tertiary,no,yes,no,cellular,12,may,85,1,-1,0,unknown,0,positive,,
35,management,married,tertiary,no,yes,no,cellular,12,may,41,1,-1,0,unknown,0,positive,,
38,blue-collar,married,primary,no,yes,no,cellular,12,may,360,1,-1,0,unknown,0,positive,,
39,services,divorced,secondary,yes,yes,yes,telephone,12,may,38,6,-1,0,unknown,0,negative,,
53,management,married,secondary,no,yes,no,cellular,12,may,27,6,344,12,failure,0,positive,,
30,self-employed,married,secondary,no,yes,no,cellular,12,may,109,1,351,4,other,0,positive,,
43,blue-collar,married,secondary,no,yes,no,telephone,12,may,179,5,-1,0,unknown,0,positive,,
37,housemaid,married,tertiary,no,yes,no,cellular,12,may,132,1,-1,0,unknown,0,positive,,
49,technician,married,secondary,no,yes,no,cellular,12,may,816,1,342,4,failure,0,positive,,
55,admin.,married,secondary,no,no,no,telephone,12,may,148,6,308,1,failure,0,positive,,
48,admin.,divorced,secondary,no,yes,no,cellular,12,may,83,1,368,4,failure,0,positive,,
37,blue-collar,married,secondary,no,yes,no,cellular,12,may,340,2,175,1,failure,0,positive,,
38,blue-collar,single,secondary,no,yes,no,cellular,12,may,84,3,-1,0,unknown,0,negative,,
33,technician,single,tertiary,no,yes,no,cellular,12,may,183,5,-1,0,unknown,0,positive,,
39,management,single,tertiary,no,yes,no,cellular,12,may,59,1,301,1,other,0,positive,,
32,blue-collar,single,secondary,no,yes,no,cellular,12,may,482,1,-1,0,unknown,0,positive,,
36,entrepreneur,single,primary,no,no,no,cellular,12,may,396,1,172,3,failure,0,positive,,
41,management,single,secondary,no,yes,no,cellular,12,may,128,2,-1,0,unknown,0,positive,,
40,services,single,secondary,no,yes,no,cellular,12,may,88,2,173,1,success,0,positive,,
41,blue-collar,married,secondary,no,yes,no,cellular,12,may,463,1,-1,0,unknown,0,positive,,
31,blue-collar,married,secondary,no,no,no,cellular,12,may,225,1,-1,0,unknown,0,positive,,
36,retired,single,tertiary,no,yes,no,cellular,12,may,387,3,-1,0,unknown,0,positive,,
28,technician,single,secondary,no,yes,no,cellular,12,may,246,1,343,1,other,0,positive,,
35,admin.,single,secondary,no,no,yes,cellular,12,may,357,1,175,4,failure,0,positive,,
35,services,divorced,secondary,no,yes,yes,cellular,12,may,95,4,357,1,failure,0,negative,,
56,blue-collar,married,primary,no,yes,no,cellular,12,may,179,1,350,1,failure,0,positive,,
30,technician,single,secondary,no,no,no,cellular,12,may,406,1,-1,0,unknown,0,positive,,
35,services,married,primary,no,no,no,cellular,12,may,706,3,-1,0,unknown,0,positive,,
37,technician,single,tertiary,no,yes,no,cellular,12,may,1925,1,351,7,other,0,positive,,
36,technician,single,secondary,no,yes,no,cellular,12,may,485,2,342,4,other,0,positive,,
28,student,single,secondary,no,yes,no,cellular,12,may,32,1,-1,0,unknown,0,positive,,
40,blue-collar,married,primary,no,yes,no,cellular,12,may,224,2,357,2,failure,0,positive,,
54,technician,divorced,secondary,no,yes,no,cellular,12,may,168,4,-1,0,unknown,0,negative,,
32,student,single,tertiary,no,yes,no,cellular,12,may,130,3,-1,0,unknown,0,positive,,
31,technician,married,secondary,no,yes,no,cellular,12,may,259,3,-1,0,unknown,0,positive,,
41,admin.,married,secondary,no,yes,no,cellular,12,may,191,3,-1,0,unknown,0,positive,,
40,services,divorced,secondary,no,yes,no,cellular,12,may,302,2,344,3,other,0,positive,,
38,blue-collar,married,primary,no,yes,no,telephone,12,may,114,5,-1,0,unknown,0,positive,,
39,blue-collar,married,secondary,no,yes,no,cellular,12,may,206,2,329,6,failure,0,positive,,
36,blue-collar,married,primary,no,yes,yes,cellular,12,may,692,4,172,4,other,0,positive,,
52,retired,married,primary,no,yes,no,telephone,12,may,339,4,347,2,failure,0,positive,,
43,blue-collar,married,primary,no,yes,no,cellular,12,may,144,5,342,16,failure,0,positive,,
38,blue-collar,married,primary,no,yes,no,telephone,12,may,101,2,356,2,failure,0,positive,,
37,technician,married,secondary,no,yes,no,cellular,12,may,268,3,-1,0,unknown,0,positive,,
41,blue-collar,married,primary,no,yes,no,cellular,13,may,50,2,-1,0,unknown,0,positive,,
36,blue-collar,married,secondary,no,yes,no,telephone,13,may,16,6,-1,0,unknown,0,positive,,
47,housemaid,married,secondary,no,yes,no,telephone,13,may,20,2,-1,0,unknown,0,negative,,
48,blue-collar,married,secondary,no,yes,no,cellular,13,may,117,2,278,3,other,0,positive,,
37,blue-collar,married,primary,no,yes,no,cellular,13,may,24,2,362,1,other,0,positive,,
27,technician,married,secondary,no,no,no,cellular,13,may,136,2,-1,0,unknown,0,positive,,
33,blue-collar,married,secondary,no,yes,yes,cellular,13,may,259,1,370,3,failure,0,positive,,
33,blue-collar,married,primary,no,yes,no,telephone,13,may,25,1,-1,0,unknown,0,positive,,
38,technician,single,secondary,no,yes,no,cellular,13,may,364,1,348,1,failure,0,positive,,
37,services,married,secondary,no,yes,yes,cellular,13,may,95,1,357,1,failure,0,positive,,
28,blue-collar,single,secondary,yes,yes,yes,cellular,13,may,172,2,364,5,failure,0,negative,,
30,services,single,secondary,no,yes,no,cellular,13,may,87,1,-1,0,unknown,0,positive,,
55,self-employed,married,tertiary,no,yes,no,cellular,13,may,296,1,-1,0,unknown,0,positive,,
38,admin.,married,secondary,no,yes,yes,cellular,13,may,323,1,-1,0,unknown,0,positive,,
50,blue-collar,married,primary,no,yes,no,cellular,13,may,131,1,364,2,failure,0,negative,,
44,unemployed,divorced,secondary,no,yes,no,cellular,13,may,152,2,369,1,other,0,positive,,
38,services,single,primary,no,yes,no,telephone,13,may,41,2,327,17,failure,0,positive,,
41,technician,single,primary,no,yes,no,cellular,13,may,262,1,349,1,failure,0,positive,,
50,blue-collar,married,primary,no,yes,no,cellular,13,may,315,1,364,2,failure,0,positive,,
32,technician,married,tertiary,no,yes,yes,cellular,13,may,44,1,278,2,failure,0,positive,,
43,management,divorced,tertiary,no,no,no,cellular,13,may,66,1,363,22,failure,0,positive,,
52,blue-collar,married,secondary,no,yes,no,cellular,13,may,276,1,364,1,success,0,positive,,
42,entrepreneur,married,primary,no,yes,no,telephone,13,may,80,1,343,10,failure,0,positive,,
42,blue-collar,single,secondary,no,yes,no,cellular,13,may,294,1,-1,0,unknown,0,positive,,
43,services,married,secondary,no,yes,no,cellular,13,may,172,1,-1,0,unknown,0,positive,,
36,management,single,tertiary,no,yes,no,telephone,13,may,444,1,-1,0,unknown,0,positive,,
36,blue-collar,married,secondary,no,yes,yes,cellular,13,may,132,2,-1,0,unknown,0,positive,,
40,blue-collar,married,secondary,no,yes,no,cellular,13,may,64,5,336,11,other,0,positive,,
35,blue-collar,divorced,primary,no,yes,no,cellular,13,may,296,1,-1,0,unknown,0,positive,,
54,blue-collar,single,primary,no,yes,no,cellular,13,may,261,1,-1,0,unknown,0,negative,,
39,admin.,divorced,secondary,no,yes,no,cellular,13,may,8,5,-1,0,unknown,0,negative,,
32,services,married,secondary,no,yes,no,cellular,13,may,88,1,370,1,failure,0,positive,,
37,management,single,tertiary,no,yes,no,cellular,13,may,96,6,173,4,other,0,positive,,
45,blue-collar,married,secondary,no,yes,no,cellular,13,may,154,5,176,1,other,0,positive,,
31,blue-collar,married,primary,no,yes,no,telephone,13,may,43,1,349,1,failure,0,positive,,
35,services,single,secondary,no,yes,yes,cellular,13,may,427,1,-1,0,unknown,0,negative,,
45,management,divorced,tertiary,yes,yes,no,cellular,13,may,213,1,-1,0,unknown,0,negative,,
44,blue-collar,divorced,secondary,no,yes,no,cellular,13,may,133,1,370,1,failure,0,positive,,
37,technician,single,secondary,no,no,no,cellular,13,may,121,1,-1,0,unknown,0,positive,,
51,admin.,married,secondary,no,yes,no,cellular,13,may,80,2,-1,0,unknown,0,positive,,
43,management,divorced,secondary,no,yes,yes,cellular,13,may,163,1,-1,0,unknown,0,positive,,
47,management,married,secondary,no,yes,no,cellular,13,may,102,6,-1,0,unknown,0,positive,,
45,blue-collar,married,tertiary,no,yes,yes,cellular,13,may,234,3,-1,0,unknown,0,positive,,
36,management,single,tertiary,no,yes,no,cellular,13,may,131,1,-1,0,unknown,0,positive,,
51,unemployed,married,secondary,no,yes,no,cellular,13,may,361,1,364,1,failure,0,negative,,
38,services,married,secondary,no,yes,no,cellular,13,may,262,1,343,5,failure,0,positive,,
30,management,single,tertiary,no,yes,no,cellular,13,may,76,3,-1,0,unknown,0,positive,,
43,blue-collar,divorced,secondary,no,yes,yes,cellular,13,may,163,2,370,1,failure,0,positive,,
27,services,single,secondary,no,yes,yes,cellular,13,may,297,2,-1,0,unknown,0,positive,,
47,admin.,divorced,tertiary,no,yes,no,cellular,13,may,85,2,370,2,failure,0,positive,,
22,management,single,tertiary,no,yes,no,cellular,13,may,158,5,-1,0,unknown,0,positive,,
40,blue-collar,divorced,unknown,no,yes,no,cellular,13,may,340,2,357,5,failure,0,positive,,
32,self-employed,married,secondary,no,yes,yes,cellular,13,may,251,2,-1,0,unknown,0,positive,,
57,management,divorced,tertiary,no,yes,no,cellular,13,may,402,2,351,1,failure,0,positive,,
39,admin.,married,secondary,no,yes,no,cellular,13,may,94,2,338,1,failure,0,positive,,
42,services,single,tertiary,no,yes,no,cellular,13,may,45,4,-1,0,unknown,0,positive,,
37,services,married,secondary,no,yes,no,telephone,13,may,121,2,341,4,failure,0,positive,,
41,self-employed,married,secondary,no,yes,no,cellular,13,may,174,2,-1,0,unknown,0,positive,,
31,admin.,single,secondary,no,yes,no,cellular,13,may,65,2,299,3,other,0,positive,,
41,services,divorced,secondary,no,yes,no,cellular,13,may,139,2,-1,0,unknown,0,positive,,
31,services,married,secondary,no,yes,no,cellular,13,may,221,2,-1,0,unknown,0,positive,,
42,management,married,tertiary,no,yes,no,cellular,13,may,406,5,364,1,other,0,positive,,
36,blue-collar,married,primary,no,yes,no,cellular,13,may,125,2,-1,0,unknown,0,positive,,
36,blue-collar,married,primary,no,yes,yes,cellular,13,may,285,2,335,1,other,0,positive,,
49,admin.,single,primary,no,yes,no,cellular,13,may,32,5,-1,0,unknown,0,positive,,
42,blue-collar,married,primary,no,yes,no,cellular,13,may,383,5,288,11,other,0,positive,,
42,services,married,secondary,no,yes,yes,cellular,13,may,225,2,365,7,failure,0,positive,,
30,technician,single,tertiary,no,yes,no,cellular,13,may,119,3,-1,0,unknown,0,positive,,
48,technician,married,secondary,no,yes,no,cellular,13,may,331,3,-1,0,unknown,0,negative,,
31,services,single,secondary,no,yes,no,cellular,13,may,72,4,176,1,failure,0,positive,,
39,management,single,tertiary,no,yes,no,cellular,13,may,201,3,-1,0,unknown,0,positive,,
45,blue-collar,single,secondary,yes,yes,no,cellular,14,may,17,7,287,13,other,0,negative,,
44,services,divorced,secondary,no,yes,no,cellular,14,may,263,1,371,1,failure,0,positive,,
49,technician,married,secondary,no,yes,yes,cellular,14,may,6,6,309,1,failure,0,negative,,
35,blue-collar,married,secondary,no,yes,no,cellular,14,may,186,1,-1,0,unknown,0,positive,,
33,blue-collar,married,primary,no,yes,no,cellular,14,may,21,2,-1,0,unknown,0,positive,,
41,blue-collar,married,unknown,no,no,no,cellular,14,may,91,1,-1,0,unknown,0,positive,,
32,services,single,secondary,no,yes,yes,cellular,14,may,46,1,-1,0,unknown,0,positive,,
34,blue-collar,married,primary,no,yes,no,cellular,14,may,61,6,-1,0,unknown,0,negative,,
33,management,married,tertiary,no,yes,yes,cellular,14,may,83,2,-1,0,unknown,0,negative,,
35,blue-collar,divorced,secondary,no,yes,no,cellular,14,may,151,2,353,2,failure,0,negative,,
28,admin.,married,secondary,no,yes,yes,cellular,14,may,287,1,-1,0,unknown,0,positive,,
35,blue-collar,married,primary,no,yes,no,cellular,14,may,467,6,-1,0,unknown,0,positive,,
28,services,married,primary,no,yes,no,cellular,14,may,9,1,-1,0,unknown,0,positive,,
36,management,single,tertiary,no,no,no,cellular,14,may,76,1,-1,0,unknown,0,positive,,
39,services,married,secondary,no,no,no,cellular,14,may,1166,1,352,1,other,0,positive,,
34,blue-collar,married,secondary,no,yes,no,cellular,14,may,8,7,-1,0,unknown,0,positive,,
44,admin.,single,secondary,no,yes,no,cellular,14,may,7,5,367,4,failure,0,positive,,
37,admin.,divorced,secondary,no,yes,yes,cellular,14,may,17,7,-1,0,unknown,0,negative,,
39,technician,single,secondary,no,yes,no,cellular,14,may,64,2,-1,0,unknown,0,negative,,
28,admin.,single,secondary,no,no,no,cellular,14,may,138,2,-1,0,unknown,0,positive,,
33,blue-collar,married,secondary,no,yes,no,cellular,14,may,72,2,370,1,failure,0,positive,,
30,blue-collar,married,secondary,no,yes,yes,cellular,14,may,524,1,370,2,failure,0,positive,,
55,retired,married,primary,no,no,yes,cellular,14,may,104,1,-1,0,unknown,0,negative,,
37,technician,divorced,secondary,no,yes,no,cellular,14,may,64,3,177,2,failure,0,positive,,
31,technician,single,secondary,no,no,no,cellular,14,may,287,1,276,2,failure,0,positive,,
57,services,married,secondary,no,yes,no,cellular,14,may,16,9,282,3,other,0,negative,,
47,admin.,married,secondary,no,no,yes,cellular,14,may,225,1,364,1,failure,0,positive,,
30,blue-collar,single,secondary,no,yes,no,cellular,14,may,87,1,345,2,other,0,negative,,
42,entrepreneur,married,tertiary,no,yes,no,cellular,14,may,135,1,176,5,failure,0,positive,,
51,management,divorced,tertiary,no,yes,yes,cellular,14,may,97,1,-1,0,unknown,0,negative,,
45,entrepreneur,married,primary,no,yes,yes,cellular,14,may,586,1,364,1,failure,0,positive,,
33,blue-collar,married,secondary,no,yes,no,cellular,14,may,437,2,370,8,other,0,positive,,
37,admin.,divorced,secondary,no,yes,no,cellular,14,may,233,1,-1,0,unknown,0,positive,,
33,blue-collar,single,primary,no,yes,no,cellular,14,may,74,1,290,2,failure,0,positive,,
58,self-employed,married,secondary,no,yes,no,cellular,14,may,168,2,-1,0,unknown,0,positive,,
25,services,single,secondary,no,yes,no,cellular,14,may,156,1,-1,0,unknown,0,negative,,
36,blue-collar,divorced,primary,no,no,no,cellular,14,may,543,2,-1,0,unknown,0,negative,,
42,housemaid,single,primary,no,yes,no,cellular,14,may,136,1,337,4,failure,0,positive,,
33,housemaid,single,secondary,no,yes,no,cellular,14,may,30,6,-1,0,unknown,0,positive,,
45,blue-collar,married,secondary,no,yes,no,cellular,14,may,444,1,-1,0,unknown,0,positive,,
27,blue-collar,married,secondary,no,yes,yes,cellular,14,may,88,1,353,2,failure,0,negative,,
34,admin.,married,secondary,no,yes,yes,cellular,14,may,163,1,175,6,other,0,positive,,
35,management,single,tertiary,no,yes,no,cellular,14,may,107,1,265,2,failure,0,positive,,
34,blue-collar,single,secondary,no,yes,no,cellular,14,may,105,1,-1,0,unknown,0,positive,,
28,blue-collar,married,tertiary,no,yes,no,cellular,14,may,256,1,322,3,success,0,positive,,
55,blue-collar,divorced,unknown,no,yes,no,cellular,14,may,59,1,345,2,failure,0,positive,,
29,admin.,single,secondary,no,yes,no,cellular,14,may,172,2,352,1,failure,0,positive,,
53,management,married,tertiary,no,yes,no,cellular,14,may,111,3,356,1,other,0,negative,,
37,services,single,secondary,no,no,no,cellular,14,may,553,2,-1,0,unknown,0,positive,,
40,services,single,secondary,no,yes,no,cellular,14,may,329,1,-1,0,unknown,0,positive,,
42,services,divorced,secondary,no,yes,no,cellular,14,may,229,6,373,1,other,0,positive,,
38,blue-collar,married,secondary,no,yes,no,cellular,14,may,169,3,174,7,failure,0,positive,,
26,student,single,primary,no,yes,no,cellular,14,may,226,2,-1,0,unknown,0,positive,,
59,blue-collar,married,primary,no,no,no,cellular,14,may,56,2,350,2,failure,0,positive,,
33,blue-collar,married,secondary,no,yes,no,cellular,14,may,332,2,358,2,failure,0,positive,,
35,blue-collar,married,secondary,no,yes,no,cellular,14,may,196,2,-1,0,unknown,0,positive,,
29,technician,single,secondary,no,yes,yes,cellular,14,may,400,2,-1,0,unknown,0,positive,,
29,blue-collar,married,secondary,no,yes,no,cellular,14,may,444,2,366,3,failure,0,positive,,
34,blue-collar,married,secondary,no,yes,no,cellular,14,may,228,1,-1,0,unknown,0,positive,,
27,housemaid,married,primary,no,yes,no,cellular,14,may,196,2,-1,0,unknown,0,positive,,
27,technician,single,secondary,no,yes,no,cellular,14,may,1462,2,352,1,failure,0,positive,,
40,technician,married,secondary,no,yes,yes,cellular,14,may,487,2,-1,0,unknown,0,positive,,
55,management,married,primary,no,yes,no,cellular,14,may,8,4,300,5,failure,0,positive,,
43,blue-collar,married,primary,no,yes,yes,cellular,14,may,649,2,-1,0,unknown,0,positive,,
38,blue-collar,divorced,primary,no,yes,no,cellular,14,may,134,2,370,4,other,0,negative,,
27,admin.,single,secondary,no,yes,no,cellular,14,may,252,2,-1,0,unknown,0,positive,,
50,services,divorced,secondary,no,yes,no,cellular,14,may,93,3,-1,0,unknown,0,positive,,
36,technician,married,secondary,no,yes,no,telephone,14,may,42,3,-1,0,unknown,0,positive,,
43,services,single,secondary,no,yes,no,cellular,14,may,88,4,-1,0,unknown,0,negative,,
33,self-employed,married,secondary,no,yes,no,cellular,14,may,170,7,-1,0,unknown,0,positive,,
41,blue-collar,divorced,secondary,no,yes,no,cellular,14,may,367,2,297,1,other,0,positive,,
33,blue-collar,married,primary,no,yes,yes,telephone,14,may,113,3,367,4,other,0,positive,,
57,blue-collar,married,secondary,no,yes,no,cellular,14,may,125,5,-1,0,unknown,0,negative,,
49,entrepreneur,married,primary,no,yes,no,cellular,14,may,384,7,-1,0,unknown,0,positive,,
33,technician,single,secondary,no,yes,yes,cellular,14,may,308,2,-1,0,unknown,0,positive,,
30,services,single,secondary,no,yes,no,cellular,14,may,197,4,-1,0,unknown,0,positive,,
29,blue-collar,single,secondary,no,yes,no,cellular,15,may,133,4,-1,0,unknown,0,positive,,
48,technician,divorced,secondary,no,yes,yes,cellular,15,may,100,2,361,1,other,0,positive,,
41,self-employed,married,unknown,no,yes,no,cellular,15,may,111,4,371,2,other,0,positive,,
27,services,single,tertiary,yes,yes,yes,cellular,15,may,14,4,-1,0,unknown,0,negative,,
43,management,married,tertiary,no,yes,no,cellular,15,may,136,1,176,1,failure,0,positive,,
34,technician,divorced,tertiary,no,yes,no,cellular,15,may,239,1,-1,0,unknown,0,positive,,
34,blue-collar,married,secondary,no,yes,no,cellular,15,may,160,1,368,4,failure,0,negative,,
39,blue-collar,married,primary,no,yes,no,cellular,15,may,259,1,-1,0,unknown,0,positive,,
28,technician,single,tertiary,no,yes,no,cellular,15,may,300,1,-1,0,unknown,0,positive,,
57,management,married,tertiary,no,yes,no,cellular,15,may,169,2,365,2,failure,0,positive,,
39,blue-collar,married,secondary,no,yes,no,cellular,15,may,124,1,357,3,failure,0,positive,,
40,technician,married,secondary,no,yes,yes,cellular,15,may,16,8,351,5,failure,0,positive,,
35,blue-collar,divorced,secondary,no,yes,no,cellular,15,may,158,1,365,4,other,0,positive,,
30,admin.,single,secondary,no,yes,no,cellular,15,may,148,1,-1,0,unknown,0,positive,,
30,admin.,single,secondary,no,no,no,cellular,15,may,377,1,-1,0,unknown,0,negative,,
24,admin.,married,secondary,no,yes,no,cellular,15,may,217,1,-1,0,unknown,0,negative,,
32,management,single,tertiary,no,no,no,cellular,15,may,64,4,-1,0,unknown,0,positive,,
45,admin.,married,secondary,no,yes,yes,cellular,15,may,14,4,-1,0,unknown,0,positive,,
35,self-employed,married,primary,no,yes,no,cellular,15,may,192,1,347,3,failure,0,positive,,
31,blue-collar,married,primary,no,yes,no,cellular,15,may,148,1,291,3,failure,0,positive,,
35,unemployed,married,tertiary,no,yes,no,cellular,15,may,111,1,-1,0,unknown,0,positive,,
32,services,single,secondary,no,no,no,cellular,15,may,339,1,345,3,failure,0,negative,,
42,entrepreneur,married,tertiary,no,yes,no,cellular,15,may,272,1,-1,0,unknown,0,positive,,
29,blue-collar,single,primary,no,yes,no,cellular,15,may,325,1,-1,0,unknown,0,negative,,
32,technician,single,tertiary,no,yes,no,cellular,15,may,439,1,175,3,other,0,positive,,
33,services,single,secondary,no,yes,no,cellular,15,may,256,1,359,3,success,0,negative,,
35,management,single,tertiary,no,yes,no,cellular,15,may,19,6,-1,0,unknown,0,positive,,
47,self-employed,married,unknown,no,yes,no,cellular,15,may,142,1,-1,0,unknown,0,positive,,
25,technician,married,secondary,no,yes,no,cellular,15,may,333,1,330,2,failure,0,positive,,
30,services,married,secondary,no,yes,no,cellular,15,may,66,1,-1,0,unknown,0,positive,,
44,blue-collar,married,secondary,no,yes,no,cellular,15,may,79,2,373,1,failure,0,positive,,
49,self-employed,married,secondary,no,yes,no,telephone,15,may,354,2,-1,0,unknown,0,positive,,
49,admin.,divorced,secondary,no,yes,no,cellular,15,may,98,1,350,1,failure,0,positive,,
34,admin.,single,secondary,no,yes,no,cellular,15,may,14,5,-1,0,unknown,0,positive,,
25,blue-collar,single,tertiary,no,yes,no,cellular,15,may,268,1,-1,0,unknown,0,positive,,
28,student,single,secondary,no,yes,no,cellular,15,may,238,2,372,1,failure,0,positive,,
32,services,married,secondary,no,yes,no,cellular,15,may,20,6,-1,0,unknown,0,positive,,
23,admin.,single,secondary,no,yes,no,cellular,15,may,56,1,-1,0,unknown,0,positive,,
33,services,divorced,secondary,no,yes,no,cellular,15,may,360,1,-1,0,unknown,0,positive,,
41,blue-collar,married,secondary,no,yes,no,cellular,15,may,342,2,-1,0,unknown,0,positive,,
41,services,married,secondary,no,yes,no,cellular,15,may,303,2,351,2,failure,0,positive,,
39,blue-collar,married,primary,no,yes,no,cellular,15,may,259,3,353,3,failure,0,positive,,
23,blue-collar,single,primary,no,yes,no,cellular,15,may,169,1,346,1,failure,0,positive,,
30,management,single,tertiary,no,yes,no,cellular,15,may,229,2,294,1,other,0,positive,,
25,student,single,secondary,no,yes,no,cellular,15,may,264,1,351,4,failure,0,positive,,
26,services,single,secondary,no,yes,no,cellular,15,may,17,3,351,6,other,0,positive,,
58,blue-collar,married,primary,no,yes,no,cellular,15,may,184,4,-1,0,unknown,0,positive,,
31,management,married,tertiary,no,yes,yes,cellular,15,may,98,2,359,1,failure,0,positive,,
34,management,single,tertiary,no,yes,no,cellular,15,may,137,2,176,1,failure,0,positive,,
29,student,single,secondary,no,yes,no,cellular,15,may,109,2,352,1,success,0,positive,,
38,technician,married,tertiary,no,yes,no,cellular,15,may,10,2,373,1,other,0,positive,,
28,blue-collar,married,primary,no,yes,yes,telephone,15,may,31,9,373,4,other,0,positive,,
30,management,single,tertiary,no,yes,yes,cellular,15,may,582,2,-1,0,unknown,0,positive,,
26,admin.,single,secondary,no,yes,no,cellular,15,may,103,5,-1,0,unknown,0,positive,,
25,blue-collar,single,secondary,no,yes,no,cellular,15,may,951,1,-1,0,unknown,0,positive,,
31,technician,single,tertiary,no,yes,no,cellular,15,may,134,5,-1,0,unknown,0,positive,,
31,housemaid,divorced,primary,no,yes,no,cellular,15,may,266,3,-1,0,unknown,0,positive,,
30,admin.,divorced,secondary,no,no,no,cellular,15,may,340,2,368,1,failure,0,positive,,
27,management,married,tertiary,no,yes,no,cellular,15,may,309,3,-1,0,unknown,0,positive,,
32,blue-collar,single,secondary,no,yes,no,cellular,15,may,215,2,-1,0,unknown,0,positive,,
29,admin.,single,secondary,no,yes,no,cellular,15,may,233,4,-1,0,unknown,0,negative,,
27,blue-collar,single,primary,no,yes,no,cellular,15,may,54,2,-1,0,unknown,0,negative,,
32,management,single,tertiary,no,yes,no,cellular,15,may,64,3,371,2,failure,0,positive,,
57,retired,married,secondary,yes,yes,no,cellular,15,may,476,3,-1,0,unknown,0,positive,,
54,management,married,tertiary,no,yes,yes,telephone,15,may,65,5,-1,0,unknown,0,positive,,
45,blue-collar,married,primary,no,yes,no,telephone,15,may,258,3,-1,0,unknown,0,positive,,
32,blue-collar,married,secondary,no,yes,no,cellular,15,may,1237,2,361,2,failure,0,positive,,
46,services,married,secondary,no,yes,no,cellular,15,may,138,2,297,3,failure,0,negative,,
40,admin.,divorced,secondary,no,yes,no,cellular,15,may,126,2,333,1,failure,0,positive,,
39,admin.,married,secondary,no,yes,no,telephone,15,may,155,6,-1,0,unknown,0,positive,,
26,student,single,primary,no,yes,no,cellular,15,may,58,3,-1,0,unknown,0,positive,,
28,student,married,tertiary,no,yes,no,cellular,15,may,104,3,-1,0,unknown,0,positive,,
34,services,married,secondary,no,yes,no,cellular,15,may,121,3,-1,0,unknown,0,positive,,
32,self-employed,married,secondary,no,yes,no,telephone,15,may,166,4,-1,0,unknown,0,positive,,
38,entrepreneur,married,secondary,no,no,yes,cellular,15,may,57,11,366,1,other,0,positive,,
32,management,married,tertiary,no,no,no,cellular,18,may,126,2,356,2,failure,0,positive,,
56,services,married,secondary,no,yes,yes,cellular,18,may,27,6,-1,0,unknown,0,positive,,
25,services,single,secondary,no,yes,no,cellular,18,may,113,2,348,2,failure,0,negative,,
36,blue-collar,married,primary,no,yes,no,cellular,18,may,8,7,-1,0,unknown,0,negative,,
29,services,single,secondary,no,yes,yes,cellular,18,may,159,3,371,2,other,0,positive,,
27,admin.,married,secondary,no,yes,yes,cellular,18,may,157,5,-1,0,unknown,0,negative,,
29,services,single,secondary,no,yes,no,cellular,18,may,19,5,-1,0,unknown,0,positive,,
31,blue-collar,single,secondary,no,yes,no,cellular,18,may,44,8,-1,0,unknown,0,positive,,
31,technician,single,secondary,no,yes,no,cellular,18,may,236,3,178,15,failure,0,positive,,
40,services,married,secondary,no,yes,no,cellular,18,may,201,2,293,6,other,0,positive,,
23,blue-collar,single,secondary,no,yes,no,cellular,18,may,76,1,-1,0,unknown,0,positive,,
29,blue-collar,married,secondary,no,yes,no,cellular,18,may,164,1,370,1,failure,0,negative,,
35,management,single,tertiary,no,yes,no,cellular,18,may,30,5,-1,0,unknown,0,positive,,
28,blue-collar,married,primary,no,yes,yes,telephone,18,may,40,1,-1,0,unknown,0,positive,,
31,admin.,single,secondary,no,yes,no,cellular,18,may,197,1,355,2,failure,0,negative,,
24,technician,single,secondary,no,yes,no,cellular,18,may,333,1,-1,0,unknown,0,positive,,
33,services,married,secondary,no,yes,yes,cellular,18,may,55,1,-1,0,unknown,0,positive,,
24,services,single,secondary,no,yes,no,cellular,18,may,245,1,-1,0,unknown,0,negative,,
35,blue-collar,married,secondary,no,yes,no,cellular,18,may,224,1,-1,0,unknown,0,positive,,
30,admin.,single,secondary,no,yes,no,cellular,18,may,298,1,355,1,failure,0,positive,,
27,services,married,secondary,no,yes,no,cellular,18,may,97,1,370,1,failure,0,positive,,
36,entrepreneur,married,secondary,no,yes,no,cellular,18,may,420,7,363,1,failure,0,positive,,
29,admin.,single,secondary,no,yes,yes,cellular,18,may,166,1,349,5,other,0,positive,,
33,blue-collar,married,secondary,no,yes,no,cellular,18,may,15,9,363,2,failure,0,positive,,
37,admin.,divorced,unknown,no,yes,no,cellular,18,may,200,1,-1,0,unknown,0,positive,,
43,management,single,tertiary,no,no,no,telephone,18,may,52,9,-1,0,unknown,0,positive,,
35,blue-collar,married,primary,no,yes,no,cellular,18,may,63,5,363,11,other,0,positive,,
44,management,divorced,secondary,no,yes,no,cellular,18,may,114,1,-1,0,unknown,0,positive,,
44,entrepreneur,married,primary,no,yes,no,cellular,18,may,284,3,-1,0,unknown,0,positive,,
44,blue-collar,single,primary,no,yes,yes,cellular,18,may,19,7,-1,0,unknown,0,positive,,
25,blue-collar,single,secondary,no,yes,no,cellular,18,may,455,1,-1,0,unknown,0,positive,,
27,blue-collar,single,primary,no,yes,no,cellular,18,may,182,1,-1,0,unknown,0,positive,,
26,blue-collar,married,secondary,no,yes,no,cellular,18,may,252,4,-1,0,unknown,0,positive,,
29,technician,single,secondary,no,yes,yes,cellular,18,may,134,1,-1,0,unknown,0,positive,,
33,blue-collar,married,primary,no,yes,no,cellular,18,may,18,4,-1,0,unknown,0,positive,,
23,blue-collar,single,secondary,no,yes,no,cellular,18,may,434,1,-1,0,unknown,0,positive,,
48,admin.,divorced,secondary,no,no,no,cellular,18,may,380,2,355,1,failure,0,negative,,
28,admin.,married,secondary,no,yes,no,cellular,18,may,143,1,-1,0,unknown,0,negative,,
33,blue-collar,married,secondary,no,yes,no,cellular,18,may,325,1,-1,0,unknown,0,positive,,
30,technician,married,secondary,no,yes,yes,cellular,18,may,167,1,-1,0,unknown,0,negative,,
33,management,divorced,tertiary,no,no,no,cellular,18,may,47,3,178,3,failure,0,positive,,
40,services,married,secondary,no,yes,no,cellular,18,may,9,5,-1,0,unknown,0,positive,,
52,admin.,single,unknown,no,yes,no,telephone,18,may,82,6,335,1,other,0,positive,,
30,management,single,secondary,no,yes,no,cellular,18,may,170,1,-1,0,unknown,0,negative,,
31,admin.,single,secondary,no,yes,no,cellular,18,may,145,3,-1,0,unknown,0,positive,,
31,services,single,secondary,no,yes,no,cellular,18,may,111,2,-1,0,unknown,0,positive,,
38,admin.,single,secondary,no,yes,no,cellular,18,may,177,1,-1,0,unknown,0,positive,,
34,management,single,tertiary,no,yes,no,cellular,18,may,191,5,-1,0,unknown,0,positive,,
32,blue-collar,single,secondary,no,yes,no,cellular,18,may,183,1,-1,0,unknown,0,positive,,
24,technician,single,tertiary,no,yes,no,cellular,18,may,78,2,367,2,other,0,positive,,
24,services,married,secondary,no,yes,yes,cellular,18,may,239,2,-1,0,unknown,0,positive,,
39,blue-collar,divorced,unknown,no,yes,no,cellular,18,may,169,1,-1,0,unknown,0,positive,,
28,technician,single,tertiary,no,yes,no,cellular,18,may,192,1,-1,0,unknown,0,positive,,
23,blue-collar,single,unknown,no,yes,no,cellular,18,may,123,1,-1,0,unknown,0,positive,,
29,admin.,single,tertiary,no,yes,no,cellular,18,may,316,1,-1,0,unknown,0,positive,,
35,management,divorced,unknown,no,yes,yes,cellular,18,may,230,1,-1,0,unknown,0,positive,,
36,services,single,secondary,no,yes,no,cellular,18,may,182,2,-1,0,unknown,0,positive,,
47,technician,married,secondary,no,yes,no,cellular,18,may,778,2,336,2,success,0,positive,,
34,entrepreneur,single,tertiary,no,yes,no,cellular,18,may,46,6,378,2,failure,0,positive,,
39,blue-collar,married,secondary,no,yes,no,cellular,18,may,98,2,-1,0,unknown,0,positive,,
36,blue-collar,married,secondary,no,yes,yes,cellular,18,may,15,8,-1,0,unknown,0,negative,,
27,technician,single,secondary,no,yes,no,cellular,18,may,309,2,-1,0,unknown,0,positive,,
22,admin.,single,secondary,no,yes,yes,cellular,18,may,336,2,-1,0,unknown,0,positive,,
40,admin.,divorced,secondary,no,yes,no,cellular,18,may,197,2,-1,0,unknown,0,positive,,
52,blue-collar,married,secondary,no,yes,no,cellular,18,may,87,2,299,3,other,0,positive,,
34,technician,married,secondary,no,yes,no,cellular,18,may,16,4,273,7,other,0,positive,,
28,blue-collar,married,secondary,no,yes,no,cellular,18,may,630,2,356,4,other,0,positive,,
36,technician,single,secondary,no,yes,no,cellular,18,may,69,2,333,2,failure,0,positive,,
30,technician,single,secondary,no,yes,no,cellular,18,may,22,2,346,2,failure,0,positive,,
25,management,married,tertiary,no,yes,no,cellular,18,may,695,2,-1,0,unknown,0,positive,,
29,management,married,tertiary,no,yes,no,cellular,18,may,1434,2,356,4,failure,0,positive,,
34,blue-collar,married,secondary,no,yes,no,cellular,18,may,189,3,348,3,failure,0,positive,,
40,management,divorced,tertiary,no,yes,no,cellular,18,may,193,2,-1,0,unknown,0,negative,,
34,blue-collar,married,secondary,no,yes,no,cellular,18,may,11,11,360,4,failure,0,positive,,
24,technician,single,secondary,no,yes,no,cellular,18,may,4,2,-1,0,unknown,0,negative,,
57,retired,married,primary,no,yes,no,telephone,18,may,27,10,-1,0,unknown,0,positive,,
33,blue-collar,married,primary,no,yes,yes,cellular,18,may,170,6,-1,0,unknown,0,negative,,
34,blue-collar,single,primary,no,no,no,cellular,18,may,324,4,360,3,other,0,positive,,
39,technician,married,secondary,no,yes,no,cellular,18,may,122,3,357,4,failure,0,positive,,
51,services,married,primary,no,yes,yes,telephone,18,may,36,6,-1,0,unknown,0,positive,,
31,technician,married,secondary,no,yes,no,cellular,18,may,9,5,-1,0,unknown,0,negative,,
28,admin.,married,secondary,no,yes,yes,cellular,18,may,20,6,-1,0,unknown,0,positive,,
27,technician,single,secondary,no,yes,no,cellular,18,may,26,4,-1,0,unknown,0,positive,,
24,entrepreneur,single,secondary,no,yes,no,cellular,18,may,35,3,-1,0,unknown,0,positive,,
27,technician,single,secondary,no,yes,yes,cellular,18,may,687,2,300,1,failure,0,positive,,
22,services,single,secondary,no,yes,no,cellular,18,may,236,2,-1,0,unknown,0,positive,,
27,technician,single,secondary,no,yes,no,telephone,18,may,45,4,-1,0,unknown,0,positive,,
24,services,single,secondary,yes,yes,yes,cellular,18,may,171,2,-1,0,unknown,0,negative,,
58,management,divorced,tertiary,no,no,no,cellular,22,may,121,1,-1,0,unknown,0,positive,,
39,management,married,secondary,no,yes,no,cellular,22,may,230,1,-1,0,unknown,0,positive,,
30,management,married,tertiary,no,no,no,cellular,22,may,122,2,108,3,failure,0,positive,,
51,management,married,tertiary,no,yes,no,cellular,22,may,168,1,-1,0,unknown,0,negative,,
36,blue-collar,single,secondary,no,yes,no,cellular,22,may,210,1,-1,0,unknown,0,positive,,
34,admin.,married,tertiary,no,no,no,cellular,22,may,81,1,-1,0,unknown,0,positive,,
59,management,divorced,tertiary,yes,no,no,cellular,22,may,239,1,-1,0,unknown,0,negative,,
58,retired,divorced,primary,no,yes,no,cellular,22,may,807,1,310,1,other,0,positive,,
33,student,single,unknown,no,no,no,cellular,22,may,136,1,-1,0,unknown,0,positive,,
35,management,married,tertiary,no,no,no,cellular,22,may,98,1,-1,0,unknown,0,negative,,
39,unemployed,single,secondary,no,no,no,telephone,22,may,23,2,-1,0,unknown,0,positive,,
39,technician,divorced,secondary,no,no,no,cellular,25,may,644,1,-1,0,unknown,0,positive,,
54,blue-collar,married,primary,no,no,no,telephone,25,may,86,1,88,1,failure,0,positive,,
27,student,single,tertiary,no,no,no,cellular,25,may,112,1,-1,0,unknown,0,positive,,
31,admin.,single,tertiary,no,yes,no,cellular,25,may,77,1,-1,0,unknown,0,positive,,
37,management,married,tertiary,no,yes,no,cellular,25,may,116,1,18,3,failure,0,positive,,
34,management,single,tertiary,no,no,no,cellular,25,may,109,1,-1,0,unknown,0,positive,,
30,technician,married,tertiary,no,yes,no,cellular,26,may,260,1,-1,0,unknown,0,positive,,
29,unknown,single,secondary,no,no,no,cellular,26,may,333,1,-1,0,unknown,0,positive,,
45,unemployed,married,secondary,no,no,no,telephone,26,may,137,5,-1,0,unknown,0,positive,,
30,management,married,unknown,no,no,no,cellular,26,may,56,2,97,2,other,0,positive,,
28,self-employed,single,tertiary,no,no,no,cellular,26,may,69,1,99,1,success,0,positive,,
59,management,married,tertiary,no,no,no,cellular,26,may,245,2,98,2,failure,0,positive,,
51,management,married,tertiary,no,no,no,cellular,26,may,109,1,-1,0,unknown,0,positive,,
32,management,married,tertiary,no,yes,no,cellular,26,may,252,2,-1,0,unknown,0,positive,,
32,technician,married,unknown,no,no,no,cellular,26,may,112,1,-1,0,unknown,0,positive,,
55,technician,divorced,secondary,no,yes,yes,cellular,26,may,176,1,-1,0,unknown,0,positive,,
28,technician,single,secondary,no,no,no,cellular,26,may,362,1,77,1,failure,0,positive,,
32,management,married,tertiary,no,yes,no,cellular,26,may,175,2,-1,0,unknown,0,positive,,
26,management,single,tertiary,no,yes,no,cellular,27,may,74,4,43,5,other,0,positive,,
37,admin.,married,secondary,no,yes,no,cellular,27,may,224,7,105,1,other,0,positive,,
60,housemaid,divorced,secondary,no,no,no,cellular,27,may,95,1,99,2,failure,0,positive,,
39,entrepreneur,married,secondary,no,yes,no,cellular,27,may,113,1,-1,0,unknown,0,positive,,
36,management,married,tertiary,no,no,no,cellular,27,may,103,1,-1,0,unknown,0,positive,,
21,blue-collar,single,secondary,no,no,no,cellular,27,may,156,4,99,2,success,0,positive,,
28,management,married,tertiary,no,yes,no,cellular,27,may,89,4,310,5,failure,0,positive,,
55,management,married,tertiary,no,no,no,cellular,27,may,236,3,-1,0,unknown,0,positive,,
32,blue-collar,single,secondary,no,no,yes,cellular,28,may,95,3,-1,0,unknown,0,positive,,
26,management,single,tertiary,no,yes,no,cellular,1,jun,190,1,84,1,failure,0,positive,,
46,management,divorced,tertiary,no,no,no,cellular,1,jun,67,1,41,1,failure,0,positive,,
30,management,married,tertiary,no,yes,no,cellular,1,jun,353,1,-1,0,unknown,0,positive,,
58,unemployed,single,tertiary,no,no,no,cellular,1,jun,161,2,-1,0,unknown,0,positive,,
34,admin.,single,secondary,no,no,no,cellular,1,jun,165,1,124,1,other,0,positive,,
58,management,married,tertiary,no,no,no,cellular,1,jun,459,1,196,1,failure,0,positive,,
52,technician,married,secondary,no,yes,no,cellular,1,jun,144,1,83,1,failure,0,negative,,
39,technician,single,tertiary,no,no,no,telephone,1,jun,182,1,-1,0,unknown,0,positive,,
36,technician,married,tertiary,no,no,no,cellular,1,jun,206,1,192,1,failure,0,positive,,
47,unknown,single,unknown,no,no,no,telephone,2,jun,23,1,-1,0,unknown,0,positive,,
36,management,single,tertiary,no,no,no,cellular,2,jun,126,1,120,1,failure,0,positive,,
48,blue-collar,married,secondary,no,yes,yes,cellular,2,jun,118,2,81,1,success,0,positive,,
38,technician,married,secondary,no,no,no,cellular,2,jun,167,1,298,10,other,0,positive,,
56,management,divorced,tertiary,no,no,yes,cellular,2,jun,56,1,-1,0,unknown,0,positive,,
35,blue-collar,married,unknown,no,no,no,cellular,2,jun,59,2,-1,0,unknown,0,positive,,
58,technician,married,tertiary,no,no,no,telephone,2,jun,306,2,-1,0,unknown,0,positive,,
30,housemaid,married,secondary,no,yes,no,cellular,2,jun,212,1,-1,0,unknown,0,positive,,
34,management,married,tertiary,no,yes,no,cellular,3,jun,68,1,-1,0,unknown,0,positive,,
59,retired,married,primary,no,no,no,cellular,3,jun,123,1,-1,0,unknown,0,positive,,
41,blue-collar,married,secondary,no,yes,no,cellular,3,jun,96,1,125,2,failure,0,positive,,
31,student,single,secondary,no,no,no,cellular,3,jun,138,1,-1,0,unknown,0,positive,,
39,management,married,tertiary,no,no,no,cellular,3,jun,157,1,-1,0,unknown,0,positive,,
56,retired,married,primary,no,no,no,cellular,3,jun,124,1,34,2,failure,0,positive,,
40,management,married,tertiary,no,no,no,cellular,3,jun,203,2,-1,0,unknown,0,positive,,
36,management,single,tertiary,no,yes,no,cellular,4,jun,151,1,-1,0,unknown,0,positive,,
40,services,married,secondary,no,no,no,cellular,4,jun,78,1,-1,0,unknown,0,positive,,
37,technician,married,tertiary,no,no,no,cellular,4,jun,217,2,94,1,success,0,positive,,
38,management,married,tertiary,no,yes,no,cellular,4,jun,422,1,79,4,other,0,positive,,
32,management,single,tertiary,no,no,no,cellular,4,jun,216,2,-1,0,unknown,0,positive,,
33,management,single,tertiary,no,no,no,telephone,5,jun,109,1,-1,0,unknown,0,negative,,
26,services,single,secondary,no,yes,yes,telephone,5,jun,227,1,-1,0,unknown,0,positive,,
34,blue-collar,single,secondary,no,no,no,cellular,5,jun,329,1,94,3,success,0,positive,,
25,management,single,tertiary,no,no,no,cellular,5,jun,604,1,-1,0,unknown,0,positive,,
25,management,single,tertiary,no,no,no,cellular,9,jun,98,3,-1,0,unknown,0,positive,,
31,technician,single,secondary,no,no,no,cellular,9,jun,100,2,-1,0,unknown,0,positive,,
43,entrepreneur,divorced,secondary,no,yes,no,cellular,9,jun,67,2,202,3,failure,0,positive,,
37,services,married,secondary,no,yes,no,cellular,12,jun,105,4,318,6,failure,0,positive,,
52,management,married,tertiary,no,no,no,telephone,12,jun,137,3,113,1,other,0,positive,,
29,technician,married,tertiary,no,yes,no,cellular,12,jun,234,7,330,1,failure,0,positive,,
30,admin.,single,secondary,no,no,yes,cellular,12,jun,136,3,101,1,success,0,positive,,
22,student,single,unknown,no,no,no,telephone,15,jun,263,4,-1,0,unknown,0,positive,,
25,admin.,single,tertiary,no,no,no,cellular,15,jun,135,1,-1,0,unknown,0,positive,,
36,admin.,divorced,tertiary,no,no,no,cellular,15,jun,104,1,-1,0,unknown,0,positive,,
31,technician,single,tertiary,no,no,no,cellular,15,jun,95,1,-1,0,unknown,0,positive,,
34,management,married,tertiary,no,no,no,cellular,16,jun,298,3,-1,0,unknown,0,positive,,
44,blue-collar,married,secondary,no,no,no,cellular,16,jun,399,1,-1,0,unknown,0,positive,,
50,management,married,tertiary,no,no,yes,cellular,16,jun,459,2,-1,0,unknown,0,positive,,
22,student,single,tertiary,no,no,yes,cellular,16,jun,119,1,-1,0,unknown,0,positive,,
48,technician,married,secondary,no,yes,no,cellular,16,jun,404,3,92,5,failure,0,positive,,
58,management,married,tertiary,no,no,no,cellular,16,jun,95,3,-1,0,unknown,0,positive,,
37,management,married,tertiary,no,no,no,cellular,17,jun,151,7,62,4,failure,0,positive,,
31,technician,single,tertiary,no,yes,no,cellular,18,jun,140,2,-1,0,unknown,0,positive,,
42,technician,married,secondary,no,no,no,cellular,19,jun,63,5,211,2,failure,0,positive,,
31,technician,married,secondary,no,no,no,cellular,22,jun,115,1,-1,0,unknown,0,positive,,
66,management,married,tertiary,no,yes,no,cellular,23,jun,971,2,-1,0,unknown,0,positive,,
69,retired,divorced,secondary,no,no,no,cellular,1,jul,148,2,-1,0,unknown,0,positive,,
40,management,married,tertiary,no,no,yes,cellular,2,jul,196,1,-1,0,unknown,0,negative,,
22,services,single,secondary,no,no,yes,cellular,2,jul,98,1,-1,0,unknown,0,positive,,
26,self-employed,single,tertiary,no,no,no,cellular,3,jul,194,1,-1,0,unknown,0,positive,,
56,blue-collar,married,secondary,no,yes,no,cellular,3,jul,897,3,-1,0,unknown,0,positive,,
64,retired,divorced,tertiary,no,no,no,cellular,3,jul,531,3,-1,0,unknown,0,positive,,
33,student,single,unknown,no,no,no,telephone,3,jul,320,2,-1,0,unknown,0,positive,,
53,management,divorced,tertiary,no,yes,no,cellular,7,jul,83,1,-1,0,unknown,0,positive,,
52,management,single,tertiary,no,no,no,cellular,7,jul,1284,1,-1,0,unknown,0,positive,,
39,management,married,tertiary,no,no,no,cellular,8,jul,665,1,-1,0,unknown,0,positive,,
52,technician,married,tertiary,no,yes,yes,cellular,8,jul,113,1,-1,0,unknown,0,positive,,
58,retired,married,secondary,no,no,no,cellular,8,jul,625,1,156,1,failure,0,positive,,
52,admin.,married,secondary,no,no,yes,cellular,8,jul,83,1,-1,0,unknown,0,positive,,
48,services,married,secondary,no,no,no,cellular,8,jul,117,1,-1,0,unknown,0,positive,,
34,technician,single,tertiary,no,no,no,cellular,8,jul,281,1,-1,0,unknown,0,positive,,
25,admin.,single,secondary,no,no,no,cellular,8,jul,122,1,-1,0,unknown,0,positive,,
34,management,married,tertiary,no,yes,no,cellular,13,jul,326,3,-1,0,unknown,0,positive,,
34,technician,single,tertiary,no,yes,yes,cellular,21,jul,213,3,89,16,failure,0,positive,,
29,management,married,tertiary,no,no,no,cellular,4,aug,152,1,92,2,failure,0,positive,,
75,blue-collar,married,secondary,no,no,no,telephone,5,aug,416,1,-1,0,unknown,0,positive,,
30,admin.,single,secondary,no,yes,no,cellular,6,aug,121,6,112,3,other,0,positive,,
46,admin.,married,secondary,no,no,no,cellular,6,aug,87,4,-1,0,unknown,0,positive,,
67,retired,married,tertiary,no,no,no,cellular,6,aug,190,1,-1,0,unknown,0,positive,,
29,management,single,tertiary,no,no,no,cellular,6,aug,174,1,-1,0,unknown,0,positive,,
71,retired,married,tertiary,no,no,no,cellular,7,aug,116,1,-1,0,unknown,0,positive,,
57,housemaid,married,primary,no,yes,yes,cellular,7,aug,59,2,-1,0,unknown,0,positive,,
59,retired,married,unknown,no,no,no,cellular,7,aug,149,2,99,1,failure,0,positive,,
49,admin.,married,secondary,no,no,no,cellular,7,aug,70,1,-1,0,unknown,0,positive,,
25,management,single,tertiary,no,no,no,cellular,7,aug,121,1,-1,0,unknown,0,positive,,
57,entrepreneur,married,secondary,no,no,no,cellular,7,aug,121,1,-1,0,unknown,0,positive,,
18,student,single,primary,no,no,no,telephone,10,aug,122,3,-1,0,unknown,0,positive,,
33,management,single,tertiary,no,no,no,cellular,10,aug,131,1,98,2,success,0,positive,,
39,blue-collar,single,tertiary,no,yes,no,cellular,10,aug,248,1,131,1,success,0,positive,,
30,student,single,secondary,no,no,no,telephone,10,aug,133,1,-1,0,unknown,0,positive,,
71,retired,married,primary,no,no,no,telephone,10,aug,411,1,-1,0,unknown,0,positive,,
55,admin.,divorced,secondary,no,no,no,cellular,10,aug,247,1,102,3,success,0,positive,,
26,student,single,tertiary,no,no,no,cellular,10,aug,121,1,102,2,failure,0,positive,,
20,student,single,secondary,no,no,no,telephone,11,aug,88,1,99,3,failure,0,positive,,
32,management,single,tertiary,no,yes,no,cellular,11,aug,112,1,81,1,other,0,positive,,
72,unknown,married,unknown,no,no,no,cellular,11,aug,400,3,-1,0,unknown,0,positive,,
81,retired,divorced,primary,no,no,no,cellular,11,aug,163,3,-1,0,unknown,0,positive,,
33,management,single,tertiary,no,no,no,cellular,11,aug,271,1,369,3,failure,0,positive,,
37,management,married,tertiary,no,yes,no,cellular,12,aug,62,2,104,2,success,0,positive,,
26,student,single,secondary,no,no,no,telephone,12,aug,127,1,-1,0,unknown,0,positive,,
24,student,single,primary,no,no,no,cellular,12,aug,249,1,104,1,success,0,positive,,
35,housemaid,married,tertiary,no,no,no,cellular,12,aug,699,2,79,1,failure,0,positive,,
28,unemployed,single,secondary,no,no,no,cellular,12,aug,119,4,-1,0,unknown,0,positive,,
34,technician,married,secondary,no,yes,no,cellular,12,aug,201,2,267,1,failure,0,positive,,
35,management,married,tertiary,no,yes,no,cellular,12,aug,94,1,51,3,failure,0,positive,,
32,services,married,secondary,no,no,no,cellular,12,aug,305,3,104,1,failure,0,positive,,
36,management,single,tertiary,no,no,no,cellular,12,aug,153,1,-1,0,unknown,0,positive,,
43,management,married,tertiary,no,no,no,cellular,12,aug,110,1,-1,0,unknown,0,positive,,
35,admin.,single,secondary,no,no,no,cellular,12,aug,202,1,-1,0,unknown,0,positive,,
26,services,single,secondary,no,yes,no,cellular,12,aug,153,1,-1,0,unknown,0,positive,,
33,technician,married,tertiary,no,no,no,cellular,12,aug,96,2,104,1,success,0,positive,,
74,retired,married,secondary,no,no,no,cellular,12,aug,543,1,-1,0,unknown,0,positive,,
30,technician,married,secondary,no,no,no,cellular,12,aug,227,1,-1,0,unknown,0,positive,,
36,technician,married,secondary,no,yes,no,cellular,12,aug,107,1,-1,0,unknown,0,positive,,
62,management,married,tertiary,no,no,no,cellular,12,aug,344,3,-1,0,unknown,0,positive,,
70,technician,married,tertiary,no,no,no,cellular,12,aug,298,1,-1,0,unknown,0,positive,,
26,student,single,secondary,no,no,no,cellular,13,aug,138,2,69,3,failure,0,positive,,
77,retired,married,secondary,no,no,no,cellular,13,aug,766,3,-1,0,unknown,0,positive,,
33,admin.,married,secondary,no,no,no,cellular,13,aug,78,2,-1,0,unknown,0,positive,,
34,management,married,tertiary,no,no,no,cellular,13,aug,160,1,-1,0,unknown,0,positive,,
33,management,single,secondary,no,yes,no,cellular,13,aug,105,1,-1,0,unknown,0,positive,,
34,technician,married,tertiary,no,yes,no,cellular,13,aug,726,1,-1,0,unknown,0,positive,,
35,admin.,single,tertiary,no,no,no,cellular,13,aug,135,2,-1,0,unknown,0,positive,,
30,management,single,tertiary,no,yes,no,cellular,13,aug,92,2,90,1,failure,0,positive,,
35,management,married,tertiary,no,yes,yes,cellular,13,aug,236,3,-1,0,unknown,0,positive,,
35,management,single,tertiary,no,no,no,cellular,14,aug,224,3,-1,0,unknown,0,positive,,
32,technician,married,tertiary,no,no,no,cellular,17,aug,219,1,84,2,failure,0,positive,,
30,admin.,married,tertiary,no,yes,no,cellular,17,aug,115,1,-1,0,unknown,0,positive,,
36,management,single,tertiary,no,no,no,cellular,18,aug,33,2,-1,0,unknown,0,positive,,
56,housemaid,divorced,secondary,no,no,no,cellular,19,aug,220,5,117,2,other,0,positive,,
22,admin.,single,secondary,no,no,yes,cellular,19,aug,65,1,-1,0,unknown,0,positive,,
38,admin.,divorced,secondary,no,yes,yes,cellular,19,aug,89,1,-1,0,unknown,0,positive,,
81,retired,married,secondary,no,no,no,cellular,19,aug,65,5,-1,0,unknown,0,positive,,
34,management,married,tertiary,no,no,no,cellular,20,aug,262,2,112,2,failure,0,positive,,
63,retired,married,primary,no,no,no,cellular,20,aug,110,2,-1,0,unknown,0,negative,,
61,management,married,secondary,no,no,no,cellular,20,aug,180,1,-1,0,unknown,0,positive,,
53,technician,married,tertiary,no,yes,no,cellular,21,aug,53,1,-1,0,unknown,0,negative,,
70,retired,married,primary,no,no,no,cellular,24,aug,190,3,194,2,success,0,positive,,
58,management,married,tertiary,no,no,no,telephone,24,aug,420,4,-1,0,unknown,0,positive,,
66,retired,married,primary,no,no,no,cellular,24,aug,401,1,-1,0,unknown,0,positive,,
42,admin.,married,secondary,no,no,no,cellular,24,aug,497,2,279,2,failure,0,positive,,
45,unknown,married,tertiary,no,no,no,cellular,25,aug,53,1,-1,0,unknown,0,positive,,
34,admin.,single,secondary,no,yes,yes,cellular,25,aug,76,1,-1,0,unknown,0,positive,,
28,management,single,tertiary,no,yes,no,cellular,26,aug,78,6,85,5,other,0,positive,,
35,technician,single,tertiary,no,yes,no,cellular,26,aug,79,1,114,3,failure,0,positive,,
68,retired,married,tertiary,no,no,no,cellular,28,aug,109,2,-1,0,unknown,0,positive,,
28,management,single,tertiary,no,yes,no,cellular,28,aug,108,2,-1,0,unknown,0,positive,,
36,unemployed,single,tertiary,no,yes,no,cellular,31,aug,102,2,101,3,failure,0,positive,,
73,retired,married,secondary,no,no,no,telephone,31,aug,245,4,-1,0,unknown,0,positive,,
74,retired,married,primary,no,no,no,telephone,1,sep,97,5,204,2,other,0,positive,,
35,management,married,tertiary,no,no,no,cellular,1,sep,157,2,-1,0,unknown,0,positive,,
43,unemployed,married,unknown,no,yes,no,telephone,1,sep,513,13,288,11,failure,0,positive,,
63,retired,married,unknown,no,no,no,cellular,1,sep,109,2,-1,0,unknown,0,positive,,
37,entrepreneur,married,tertiary,no,no,no,cellular,1,sep,76,1,-1,0,unknown,0,positive,,
39,admin.,married,secondary,no,yes,no,cellular,2,sep,172,4,-1,0,unknown,0,positive,,
43,management,married,tertiary,no,yes,no,cellular,4,sep,128,1,-1,0,unknown,0,positive,,
51,housemaid,married,primary,no,no,no,cellular,4,sep,313,1,-1,0,unknown,0,positive,,
72,retired,married,secondary,no,no,no,telephone,7,sep,456,1,-1,0,unknown,0,positive,,
62,unknown,married,secondary,no,no,no,telephone,7,sep,221,1,189,5,failure,0,positive,,
41,management,single,tertiary,no,no,no,cellular,7,sep,97,1,-1,0,unknown,0,positive,,
53,housemaid,married,secondary,no,yes,no,cellular,7,sep,82,1,293,1,failure,0,positive,,
26,admin.,single,secondary,no,no,yes,cellular,7,sep,57,2,-1,0,unknown,0,positive,,
35,technician,married,secondary,no,yes,yes,cellular,9,sep,105,3,97,4,failure,0,positive,,
45,admin.,married,secondary,no,yes,no,cellular,9,sep,307,2,191,1,failure,0,positive,,
82,unknown,divorced,unknown,no,no,no,telephone,9,sep,277,5,-1,0,unknown,0,negative,,
62,retired,married,primary,no,no,no,cellular,10,sep,276,1,-1,0,unknown,0,positive,,
20,student,single,unknown,no,no,no,cellular,11,sep,158,2,-1,0,unknown,0,positive,,
50,management,married,tertiary,no,no,no,cellular,15,sep,188,1,92,4,success,0,positive,,
23,student,single,secondary,no,no,no,cellular,16,sep,267,1,-1,0,unknown,0,positive,,
19,student,single,unknown,no,no,no,cellular,24,sep,62,3,-1,0,unknown,0,positive,,
37,management,married,tertiary,no,no,no,cellular,25,sep,168,2,45,1,failure,0,positive,,
39,admin.,married,secondary,no,no,no,cellular,25,sep,55,1,46,7,other,0,positive,,
49,self-employed,married,tertiary,no,no,no,cellular,25,sep,139,1,-1,0,unknown,0,positive,,
61,unemployed,married,primary,no,no,no,cellular,25,sep,85,1,-1,0,unknown,0,positive,,
34,housemaid,single,secondary,no,no,no,telephone,1,oct,258,1,93,1,failure,0,positive,,
24,student,single,secondary,no,no,no,cellular,2,oct,83,5,191,2,success,0,positive,,
70,retired,married,primary,no,no,no,cellular,6,oct,692,2,-1,0,unknown,0,positive,,
64,retired,married,primary,no,no,no,cellular,12,oct,181,2,-1,0,unknown,0,positive,,
66,retired,single,tertiary,no,no,no,cellular,12,oct,79,2,-1,0,unknown,0,negative,,
46,entrepreneur,divorced,secondary,no,no,yes,cellular,13,oct,92,1,327,1,failure,0,positive,,
52,management,married,primary,no,no,no,cellular,13,oct,227,1,-1,0,unknown,0,positive,,
70,retired,married,secondary,no,no,no,cellular,15,oct,634,1,-1,0,unknown,0,positive,,
59,unemployed,divorced,secondary,no,no,no,cellular,15,oct,68,1,-1,0,unknown,0,positive,,
50,admin.,single,secondary,no,no,no,cellular,16,oct,109,5,-1,0,unknown,0,positive,,
72,retired,married,secondary,no,no,no,cellular,16,oct,131,2,241,1,success,0,positive,,
35,admin.,married,tertiary,no,no,no,cellular,16,oct,108,1,-1,0,unknown,0,positive,,
80,management,married,primary,no,no,no,telephone,19,oct,123,1,-1,0,unknown,0,positive,,
72,retired,married,primary,no,no,no,cellular,19,oct,169,1,-1,0,unknown,0,positive,,
57,unknown,married,primary,no,no,no,telephone,19,oct,270,2,-1,0,unknown,0,positive,,
39,management,married,tertiary,no,no,no,cellular,20,oct,92,1,336,1,failure,0,positive,,
42,management,married,tertiary,no,no,no,cellular,26,oct,183,2,-1,0,unknown,0,positive,,
46,admin.,married,secondary,no,yes,no,cellular,26,oct,87,1,185,2,other,0,negative,,
70,retired,married,secondary,no,no,no,cellular,27,oct,89,1,-1,0,unknown,0,positive,,
42,blue-collar,married,secondary,no,no,no,telephone,28,oct,172,1,-1,0,unknown,0,positive,,
55,management,married,tertiary,no,no,no,cellular,29,oct,247,2,-1,0,unknown,0,positive,,
28,student,single,tertiary,no,no,no,cellular,29,oct,140,2,-1,0,unknown,0,positive,,
35,admin.,single,tertiary,no,no,no,cellular,29,oct,68,2,-1,0,unknown,0,positive,,
70,technician,married,secondary,no,no,no,telephone,2,nov,358,2,186,1,failure,0,positive,,
32,technician,single,tertiary,no,no,no,cellular,2,nov,272,1,-1,0,unknown,0,positive,,
25,unemployed,married,secondary,no,yes,no,cellular,2,nov,85,2,-1,0,unknown,0,positive,,
50,management,married,tertiary,no,yes,no,cellular,4,nov,70,5,85,5,other,0,positive,,
42,management,married,tertiary,no,no,no,cellular,4,nov,158,1,-1,0,unknown,0,positive,,
61,management,married,tertiary,no,no,no,cellular,4,nov,199,1,275,3,success,0,positive,,
31,management,single,tertiary,no,yes,no,cellular,4,nov,257,2,184,2,failure,0,positive,,
42,management,married,tertiary,no,yes,no,cellular,5,nov,298,5,-1,0,unknown,0,positive,,
33,technician,married,secondary,no,no,no,cellular,9,nov,425,1,462,1,failure,0,positive,,
52,technician,married,tertiary,no,no,no,cellular,10,nov,133,3,89,1,failure,0,positive,,
32,management,single,tertiary,no,no,no,cellular,10,nov,98,2,-1,0,unknown,0,positive,,
51,management,married,tertiary,no,no,no,cellular,11,nov,98,2,97,3,failure,0,positive,,
33,admin.,single,tertiary,no,no,no,cellular,12,nov,189,2,-1,0,unknown,0,positive,,
64,retired,married,secondary,no,no,no,cellular,13,nov,202,5,-1,0,unknown,0,positive,,
61,retired,married,primary,no,no,no,cellular,13,nov,264,1,-1,0,unknown,0,positive,,
33,self-employed,married,tertiary,no,no,no,cellular,16,nov,79,4,94,3,failure,0,positive,,
30,admin.,married,tertiary,no,yes,yes,cellular,16,nov,75,1,-1,0,unknown,0,positive,,
63,retired,married,secondary,no,no,no,cellular,17,nov,168,2,-1,0,unknown,0,positive,,
52,housemaid,married,unknown,no,yes,no,cellular,24,nov,190,3,91,11,failure,0,positive,,
38,management,single,secondary,no,no,yes,cellular,24,nov,166,2,-1,0,unknown,0,positive,,
36,admin.,married,tertiary,no,no,no,cellular,25,nov,106,1,205,2,other,0,negative,,
77,retired,married,primary,no,no,no,telephone,27,nov,341,4,94,3,failure,0,positive,,
39,services,married,secondary,no,no,no,cellular,3,dec,1804,3,182,3,other,0,positive,,
33,technician,married,secondary,no,no,no,cellular,4,dec,78,2,-1,0,unknown,0,positive,,
61,management,married,tertiary,no,yes,yes,cellular,7,dec,85,2,-1,0,unknown,0,negative,,
42,management,married,tertiary,no,no,no,cellular,7,dec,143,1,283,3,failure,0,positive,,
61,retired,divorced,secondary,no,no,no,cellular,7,dec,334,3,-1,0,unknown,0,positive,,
81,retired,married,secondary,no,no,no,cellular,7,dec,164,1,-1,0,unknown,0,positive,,
52,entrepreneur,married,primary,no,no,no,telephone,7,dec,91,2,217,1,other,0,positive,,
57,retired,divorced,primary,no,no,no,telephone,9,dec,135,3,191,2,failure,0,positive,,
56,retired,married,secondary,no,no,yes,cellular,17,dec,103,1,206,1,failure,0,positive,,
31,student,single,unknown,no,no,no,cellular,18,dec,180,2,-1,0,unknown,0,positive,,
59,management,married,tertiary,no,no,no,cellular,24,dec,237,1,206,2,failure,0,positive,,
32,services,married,secondary,no,no,no,cellular,29,dec,434,1,197,1,success,0,positive,,
34,blue-collar,married,primary,no,no,no,cellular,13,jan,278,4,97,1,other,0,positive,,
64,retired,married,tertiary,no,no,no,cellular,13,jan,230,1,91,2,failure,0,positive,,
51,admin.,married,secondary,no,yes,yes,cellular,14,jan,236,1,90,1,failure,0,positive,,
36,admin.,divorced,secondary,no,no,no,cellular,14,jan,96,7,93,7,success,0,positive,,
32,technician,single,tertiary,no,no,no,cellular,14,jan,67,1,-1,0,unknown,0,positive,,
40,technician,single,tertiary,no,no,no,cellular,15,jan,176,2,-1,0,unknown,0,positive,,
58,unknown,married,tertiary,no,no,no,telephone,18,jan,124,4,-1,0,unknown,0,positive,,
63,retired,married,secondary,no,no,no,cellular,25,jan,205,1,-1,0,unknown,0,positive,,
56,unemployed,divorced,primary,no,no,no,cellular,28,jan,156,2,-1,0,unknown,0,positive,,
31,housemaid,single,tertiary,no,yes,no,cellular,28,jan,167,1,286,5,failure,0,positive,,
82,housemaid,divorced,primary,no,no,no,cellular,28,jan,86,3,93,1,failure,0,positive,,
51,management,married,unknown,no,no,no,telephone,29,jan,92,3,-1,0,unknown,0,positive,,
29,technician,married,secondary,no,yes,no,cellular,1,feb,200,2,96,3,failure,0,positive,,
67,management,married,secondary,no,no,no,cellular,2,feb,511,1,-1,0,unknown,0,positive,,
51,admin.,married,secondary,no,no,no,cellular,4,feb,149,2,-1,0,unknown,0,positive,,
21,student,single,secondary,no,no,no,telephone,4,feb,123,2,174,1,failure,0,positive,,
29,services,single,tertiary,no,no,no,cellular,4,feb,303,1,100,1,success,0,positive,,
42,admin.,married,tertiary,no,no,no,cellular,5,feb,132,1,182,3,success,0,positive,,
36,management,divorced,tertiary,no,no,no,cellular,5,feb,383,2,-1,0,unknown,0,positive,,
29,management,single,unknown,no,no,no,cellular,8,feb,186,1,-1,0,unknown,0,positive,,
53,admin.,married,secondary,no,yes,yes,cellular,8,feb,116,2,188,1,success,0,positive,,
58,technician,married,secondary,no,no,no,telephone,9,feb,167,1,469,1,success,0,positive,,
49,technician,divorced,secondary,no,yes,no,cellular,11,feb,283,3,-1,0,unknown,0,negative,,
34,management,single,tertiary,no,yes,no,cellular,12,feb,155,10,149,5,failure,0,positive,,
26,technician,single,tertiary,no,no,no,cellular,18,feb,236,1,183,2,success,0,positive,,
36,unemployed,married,secondary,no,yes,no,unknown,19,feb,124,1,-1,0,unknown,0,positive,,
56,retired,married,primary,no,no,no,cellular,19,feb,702,2,189,2,failure,0,positive,,
57,retired,married,secondary,no,no,no,cellular,22,feb,200,1,-1,0,unknown,0,positive,,
51,management,single,unknown,no,no,no,cellular,22,feb,143,5,294,1,failure,0,positive,,
79,retired,divorced,primary,no,no,no,telephone,24,feb,98,2,-1,0,unknown,0,positive,,
61,management,married,tertiary,no,yes,no,cellular,24,feb,190,2,-1,0,unknown,0,positive,,
33,technician,married,tertiary,no,no,no,cellular,25,feb,196,1,87,4,failure,0,positive,,
27,technician,married,secondary,no,no,yes,unknown,26,feb,889,1,-1,0,unknown,0,positive,,
31,admin.,single,tertiary,no,no,no,cellular,2,mar,105,1,182,1,failure,0,positive,,
39,technician,married,tertiary,no,no,no,cellular,4,mar,431,1,122,3,failure,0,positive,,
30,management,married,tertiary,no,no,no,cellular,4,mar,117,2,-1,0,unknown,0,positive,,
58,housemaid,single,secondary,no,no,no,telephone,4,mar,220,7,-1,0,unknown,0,positive,,
68,retired,married,tertiary,no,no,no,cellular,5,mar,158,1,92,3,success,0,positive,,
64,retired,married,secondary,no,no,no,cellular,5,mar,84,1,88,1,failure,0,positive,,
34,admin.,married,tertiary,no,yes,no,cellular,8,mar,284,2,-1,0,unknown,0,positive,,
37,management,married,tertiary,no,no,no,cellular,11,mar,129,4,107,2,failure,0,negative,,
40,management,single,tertiary,no,no,no,cellular,15,mar,144,2,124,1,failure,0,positive,,
27,student,single,secondary,no,no,no,cellular,15,mar,106,3,98,1,other,0,positive,,
33,admin.,single,secondary,no,yes,no,cellular,15,mar,287,2,-1,0,unknown,0,positive,,
61,retired,married,secondary,no,no,no,telephone,16,mar,244,2,95,4,other,0,positive,,
31,student,single,tertiary,no,no,no,cellular,17,mar,181,2,183,3,failure,0,positive,,
26,student,married,tertiary,no,no,no,cellular,26,mar,98,2,-1,0,unknown,0,positive,,
61,management,married,tertiary,no,yes,yes,cellular,1,apr,158,1,115,2,failure,0,negative,,
53,blue-collar,married,secondary,no,no,no,cellular,5,apr,759,1,-1,0,unknown,0,positive,,
30,technician,single,tertiary,no,no,no,cellular,5,apr,270,3,241,4,other,0,positive,,
50,unemployed,married,tertiary,no,no,no,cellular,6,apr,283,1,319,3,failure,0,positive,,
29,admin.,single,secondary,no,no,no,cellular,12,apr,119,2,-1,0,unknown,0,positive,,
80,housemaid,married,secondary,no,no,no,telephone,13,apr,224,2,393,4,failure,0,positive,,
35,admin.,married,tertiary,no,no,no,cellular,19,apr,131,2,185,1,failure,0,positive,,
60,housemaid,married,primary,no,no,no,cellular,26,apr,166,5,181,5,failure,0,positive,,
31,management,single,tertiary,no,yes,no,cellular,27,apr,345,1,452,1,other,0,positive,,
61,housemaid,married,primary,no,no,no,cellular,27,apr,605,1,187,1,other,0,positive,,
37,admin.,married,secondary,no,yes,yes,cellular,27,apr,99,1,329,4,other,0,positive,,
79,retired,divorced,primary,no,no,no,cellular,29,apr,165,2,182,1,other,0,positive,,
49,technician,single,secondary,no,no,no,cellular,29,apr,115,2,198,2,failure,0,positive,,
45,housemaid,married,secondary,no,no,no,cellular,4,may,113,1,182,1,success,0,positive,,
30,management,married,tertiary,no,no,no,cellular,5,may,173,1,274,3,failure,0,positive,,
42,admin.,married,unknown,no,no,no,cellular,7,may,116,3,-1,0,unknown,0,positive,,
66,retired,married,secondary,no,no,no,cellular,12,may,801,1,86,2,failure,0,positive,,
22,student,single,secondary,no,no,no,telephone,12,may,267,2,89,7,success,0,positive,,
28,student,married,secondary,no,no,no,unknown,25,may,201,1,-1,0,unknown,0,negative,,
37,management,married,tertiary,no,yes,no,cellular,27,may,774,1,-1,0,unknown,0,positive,,
41,entrepreneur,married,tertiary,no,no,no,unknown,31,may,14,1,557,1,failure,0,positive,,
32,management,married,tertiary,no,no,no,unknown,1,jun,52,1,557,2,failure,0,positive,,
36,self-employed,single,tertiary,no,no,yes,unknown,1,jun,36,1,-1,0,unknown,0,positive,,
29,blue-collar,married,secondary,no,no,no,cellular,2,jun,344,2,117,2,failure,0,positive,,
31,technician,single,secondary,no,no,yes,unknown,4,jun,35,1,-1,0,unknown,0,positive,,
39,housemaid,divorced,secondary,no,no,no,cellular,4,jun,346,2,128,8,success,0,positive,,
56,admin.,married,secondary,no,no,no,unknown,7,jun,54,1,-1,0,unknown,0,positive,,
28,unemployed,single,secondary,no,no,no,cellular,14,jun,516,1,-1,0,unknown,0,positive,,
27,management,single,tertiary,no,no,no,cellular,15,jun,270,2,377,3,success,0,positive,,
75,retired,married,primary,no,no,no,cellular,17,jun,344,1,-1,0,unknown,0,positive,,
61,retired,married,secondary,no,no,no,cellular,22,jun,292,1,578,2,failure,0,positive,,
27,management,single,tertiary,no,no,no,cellular,24,jun,136,5,94,30,failure,0,positive,,
29,student,single,secondary,no,no,no,cellular,29,jun,189,1,362,1,other,0,positive,,
33,technician,single,secondary,no,no,no,cellular,30,jun,255,2,-1,0,unknown,0,positive,,
19,student,single,secondary,no,no,no,cellular,30,jun,121,3,195,2,other,0,positive,,
32,blue-collar,single,secondary,no,no,no,cellular,5,jul,175,4,-1,0,unknown,0,positive,,
43,self-employed,married,tertiary,no,no,no,cellular,9,jul,582,2,161,4,failure,0,positive,,
26,student,single,secondary,no,no,no,cellular,9,jul,116,1,301,1,other,0,positive,,
35,admin.,single,tertiary,no,no,no,unknown,12,jul,12,1,-1,0,unknown,0,positive,,
72,retired,divorced,tertiary,no,no,no,cellular,12,jul,194,3,-1,0,unknown,0,positive,,
56,blue-collar,married,secondary,no,yes,yes,unknown,14,jul,71,1,-1,0,unknown,0,positive,,
57,blue-collar,married,primary,no,no,no,cellular,15,jul,210,2,456,2,success,0,positive,,
24,technician,single,secondary,no,no,no,cellular,15,jul,561,2,-1,0,unknown,0,positive,,
60,services,single,secondary,no,no,no,cellular,15,jul,261,1,182,1,success,0,positive,,
30,management,single,tertiary,no,no,no,cellular,16,jul,73,4,-1,0,unknown,0,positive,,
34,management,divorced,tertiary,no,yes,no,unknown,22,jul,5,1,701,6,other,0,positive,,
33,management,single,tertiary,no,no,no,cellular,23,jul,113,6,179,4,failure,0,positive,,
30,services,single,secondary,no,no,no,unknown,24,jul,86,1,-1,0,unknown,0,positive,,
28,student,single,secondary,no,no,no,cellular,26,jul,110,2,182,2,failure,0,positive,,
40,technician,married,secondary,no,yes,yes,cellular,26,jul,105,2,172,1,failure,0,negative,,
31,services,single,secondary,yes,no,no,unknown,27,jul,5,1,-1,0,unknown,0,negative,,
35,management,single,tertiary,no,yes,no,cellular,29,jul,229,1,174,13,other,0,positive,,
39,entrepreneur,married,secondary,no,no,no,cellular,30,jul,240,3,-1,0,unknown,0,positive,,
23,management,single,tertiary,no,no,no,cellular,30,jul,160,3,-1,0,unknown,0,positive,,
54,services,married,secondary,no,yes,no,cellular,2,aug,155,2,-1,0,unknown,0,positive,,
30,student,single,secondary,no,no,no,cellular,2,aug,226,3,188,1,failure,0,positive,,
35,management,single,tertiary,no,no,no,cellular,4,aug,91,1,1,6,other,0,positive,,
34,management,married,tertiary,no,no,no,cellular,5,aug,329,2,181,4,failure,0,positive,,
27,self-employed,single,tertiary,no,no,no,cellular,12,aug,187,2,-1,0,unknown,0,positive,,
27,admin.,single,secondary,no,no,no,unknown,17,aug,8,1,-1,0,unknown,0,positive,,
36,entrepreneur,married,secondary,no,no,no,unknown,17,aug,6,1,-1,0,unknown,0,negative,,
61,retired,married,tertiary,no,no,no,cellular,18,aug,212,7,188,3,success,0,positive,,
40,management,single,tertiary,no,no,yes,unknown,22,aug,4,1,-1,0,unknown,0,positive,,
35,admin.,married,secondary,no,yes,no,unknown,25,aug,5,1,14,7,success,0,positive,,
27,student,single,primary,yes,no,no,unknown,28,aug,8,1,-1,0,unknown,0,positive,,
34,entrepreneur,married,secondary,no,yes,no,unknown,30,aug,28,1,-1,0,unknown,0,positive,,
55,unemployed,married,primary,no,no,no,cellular,31,aug,241,1,92,1,failure,0,positive,,
62,unemployed,married,primary,no,no,no,cellular,31,aug,298,2,300,1,other,0,positive,,
59,management,married,tertiary,no,no,no,telephone,1,sep,194,2,189,2,failure,0,positive,,
28,services,married,secondary,no,yes,no,unknown,2,sep,10,1,-1,0,unknown,0,positive,,
27,admin.,single,secondary,no,no,yes,unknown,2,sep,4,1,-1,0,unknown,0,positive,,
40,technician,married,tertiary,no,yes,no,cellular,3,sep,240,3,-1,0,unknown,0,positive,,
70,retired,divorced,secondary,no,no,no,telephone,3,sep,228,1,182,4,failure,0,positive,,
60,admin.,married,secondary,no,no,no,cellular,3,sep,177,2,182,1,success,0,positive,,
39,admin.,married,secondary,no,no,no,unknown,6,sep,36,1,-1,0,unknown,0,positive,,
65,retired,married,secondary,no,no,no,cellular,7,sep,127,1,186,2,failure,0,positive,,
31,technician,married,tertiary,no,yes,no,cellular,7,sep,179,1,186,2,failure,0,positive,,
77,retired,married,primary,no,no,no,telephone,8,sep,160,4,-1,0,unknown,0,positive,,
37,blue-collar,single,secondary,no,no,no,unknown,8,sep,9,1,-1,0,unknown,0,positive,,
45,management,married,tertiary,no,no,no,cellular,9,sep,405,3,-1,0,unknown,0,positive,,
40,management,married,tertiary,no,no,no,cellular,9,sep,263,1,-1,0,unknown,0,positive,,
83,retired,divorced,primary,no,no,no,cellular,13,sep,175,2,-1,0,unknown,0,positive,,
47,technician,married,secondary,no,yes,no,cellular,13,sep,502,1,490,1,failure,0,positive,,
42,management,single,secondary,no,yes,no,unknown,14,sep,6,1,524,7,other,0,positive,,
43,blue-collar,married,secondary,no,yes,no,unknown,14,sep,6,1,838,3,other,0,positive,,
74,retired,divorced,primary,no,no,no,telephone,16,sep,251,2,535,2,success,0,positive,,
27,blue-collar,married,secondary,no,yes,yes,unknown,16,sep,23,1,778,41,other,0,positive,,
28,admin.,married,secondary,no,yes,no,unknown,17,sep,47,1,779,12,failure,0,positive,,
35,student,single,secondary,no,no,no,unknown,21,sep,84,1,-1,0,unknown,0,positive,,
28,admin.,single,tertiary,no,no,yes,cellular,23,sep,124,1,59,6,failure,0,positive,,
36,unemployed,married,secondary,no,no,no,cellular,23,sep,390,2,-1,0,unknown,0,positive,,
34,management,married,tertiary,no,no,no,cellular,23,sep,405,1,391,3,failure,0,positive,,
36,self-employed,married,tertiary,no,no,no,cellular,24,sep,349,2,53,8,failure,0,positive,,
38,management,married,tertiary,no,no,no,cellular,24,sep,246,12,197,6,failure,0,negative,,
77,retired,married,tertiary,no,no,no,cellular,27,sep,990,4,-1,0,unknown,0,negative,,
69,admin.,married,secondary,no,no,no,telephone,28,sep,237,2,-1,0,unknown,0,positive,,
32,management,single,tertiary,no,no,no,unknown,29,sep,21,1,680,5,failure,0,positive,,
54,blue-collar,single,secondary,no,yes,no,unknown,4,oct,12,1,-1,0,unknown,0,positive,,
79,retired,divorced,primary,no,no,no,cellular,6,oct,386,1,184,1,other,0,positive,,
28,management,single,tertiary,no,yes,no,cellular,7,oct,116,1,503,2,success,0,positive,,
73,retired,married,secondary,no,no,no,cellular,8,oct,512,1,144,7,failure,0,positive,,
32,management,married,tertiary,no,no,no,cellular,8,oct,282,1,-1,0,unknown,0,positive,,
32,admin.,married,secondary,no,no,no,cellular,11,oct,485,1,182,1,success,0,positive,,
38,blue-collar,single,secondary,no,no,no,unknown,12,oct,8,1,-1,0,unknown,0,negative,,
25,management,single,tertiary,no,yes,no,unknown,12,oct,5,1,-1,0,unknown,0,positive,,
57,admin.,married,secondary,no,no,no,cellular,14,oct,219,3,372,1,failure,0,positive,,
28,management,single,tertiary,no,no,no,cellular,14,oct,786,2,-1,0,unknown,0,positive,,
29,blue-collar,single,secondary,no,no,no,cellular,15,oct,294,1,93,5,other,0,positive,,
43,management,married,tertiary,no,no,yes,cellular,20,oct,124,1,-1,0,unknown,0,positive,,
26,student,single,secondary,no,no,no,cellular,21,oct,235,1,175,3,success,0,positive,,
34,blue-collar,married,secondary,no,no,no,cellular,25,oct,275,1,-1,0,unknown,0,positive,,
24,student,single,secondary,no,no,no,telephone,26,oct,280,2,97,3,success,0,positive,,
78,retired,married,primary,no,no,no,cellular,26,oct,150,1,183,1,other,0,positive,,
28,student,single,secondary,no,no,no,cellular,8,nov,137,1,96,1,failure,0,positive,,
65,management,married,unknown,no,no,no,cellular,8,nov,354,3,188,13,success,0,positive,,
66,retired,married,secondary,no,no,no,cellular,15,nov,414,2,27,6,failure,0,positive,,
70,retired,married,primary,no,no,no,cellular,15,nov,78,1,96,7,success,0,positive,,
